{
"type": "FeatureCollection",
"name": "PIB_Ent_WGS84_GeoJS_Simplif5Metros",
"crs": { "type": "name", "properties": { "name": "urn:ogc:def:crs:OGC:1.3:CRS84" } },
"features": [
{ "type": "Feature", "properties": { "fid": 1, "CVEGEO": "01", "CVE_ENT": "01", "NOMGEO": "Aguascalientes", "PibCalc25": 332517, "SUP": 5615.6711376744561, "Long_Carret": 1489.101, "Municipios": 11, "UE": 71270, "Dens_Carret": 0.26517, "Dens_UE": 12.69127 }, "geometry": { "type": "MultiPolygon", "coordinates": [ [ [ [ -102.297393249553124, 22.455272999558904 ], [ -102.290076399527777, 22.419917949746313 ], [ -102.273981060047277, 22.414331150104864 ], [ -102.2502993702157, 22.387221710370419 ], [ -102.253200709573463, 22.374494509713951 ], [ -102.211986820348713, 22.372697320273364 ], [ -102.211979198836772, 22.362465180397766 ], [ -102.177375340318633, 22.36242974017453 ], [ -102.180722109850706, 22.350397940280086 ], [ -102.149847479719782, 22.347175060093907 ], [ -102.153230479828466, 22.29041021962361 ], [ -102.105249860302067, 22.280792829778889 ], [ -102.075627049820142, 22.306072779894965 ], [ -102.051213579582608, 22.291213030443608 ], [ -102.037269649895038, 22.298975680062949 ], [ -102.022494578578431, 22.241585490625763 ], [ -102.002474630078765, 22.241444060062786 ], [ -101.999716080136054, 22.23365602956191 ], [ -102.00099307991195, 22.168110549959447 ], [ -102.029467140133249, 22.168665619904679 ], [ -102.045221309642997, 22.153733230428514 ], [ -102.017075489952447, 22.153961279633123 ], [ -102.025915180378547, 22.129770999961544 ], [ -101.986027949996085, 22.120827449860968 ], [ -101.8642751101968, 22.041509480999146 ], [ -101.855191540299444, 22.04651117086177 ], [ -101.863798709757518, 21.99001566092829 ], [ -101.891252510080008, 21.976592050645998 ], [ -101.894734050057082, 21.989656420749601 ], [ -101.912598490392, 21.997485740806859 ], [ -101.898227309645009, 21.983263031059767 ], [ -101.89778021997428, 21.958387910910492 ], [ -101.885799879630071, 21.932611629938407 ], [ -101.872671309758474, 21.946514379792784 ], [ -101.835289450322918, 21.941770580183626 ], [ -101.838003369530526, 21.907344369723347 ], [ -101.88021262044569, 21.910149779975455 ], [ -102.019954019615128, 21.862536109733028 ], [ -102.020794429693538, 21.851167630261305 ], [ -102.038417510217187, 21.85319804723165 ], [ -102.041742940460352, 21.823067649631657 ], [ -102.055123736690476, 21.816356771153522 ], [ -102.071962738622034, 21.782654750055634 ], [ -102.083074219649689, 21.787066889971388 ], [ -102.094570510279098, 21.777701650379857 ], [ -102.086180660224244, 21.76726388964676 ], [ -102.102056629990116, 21.761044049651375 ], [ -102.142099720436434, 21.705374289922609 ], [ -102.154857399852816, 21.700038169709117 ], [ -102.171432779998966, 21.707000980133198 ], [ -102.177885919812368, 21.688155310034308 ], [ -102.214266750160476, 21.694818859772223 ], [ -102.226362660434106, 21.657774350051881 ], [ -102.237617510423178, 21.652001370241333 ], [ -102.275219120332665, 21.653973720332871 ], [ -102.279441520485108, 21.664437320085817 ], [ -102.303990309636959, 21.66668471997577 ], [ -102.302648569553682, 21.654600280211667 ], [ -102.295370780055336, 21.653098720450046 ], [ -102.310165690025556, 21.626626030081351 ], [ -102.321050819892221, 21.630092280269782 ], [ -102.325722059775188, 21.622266480016251 ], [ -102.366873570314155, 21.642751920401402 ], [ -102.369526179596448, 21.65059190956805 ], [ -102.407493090312414, 21.659484880019001 ], [ -102.404594970075124, 21.66559319993414 ], [ -102.461066399729717, 21.679259089881018 ], [ -102.45213237017883, 21.686910709608242 ], [ -102.456863769700064, 21.698087540144996 ], [ -102.475756549871321, 21.694945150349177 ], [ -102.476521750035644, 21.70208494984977 ], [ -102.552493720216575, 21.742651030382575 ], [ -102.596278739779933, 21.744049629720077 ], [ -102.596774320337488, 21.754981999869266 ], [ -102.606312170009943, 21.751057219667381 ], [ -102.633493830456473, 21.767339460028595 ], [ -102.668926349785906, 21.764051450297366 ], [ -102.690668569947604, 21.752437200063287 ], [ -102.696263289676509, 21.728768020384386 ], [ -102.715605199924056, 21.734091280357248 ], [ -102.722116149841042, 21.719554110381992 ], [ -102.735222490136096, 21.715670780326576 ], [ -102.77569697015204, 21.734589400100369 ], [ -102.792309650293774, 21.754990120213236 ], [ -102.816916259560315, 21.766475369644514 ], [ -102.831262150098183, 21.79724858025935 ], [ -102.842404860480556, 21.798530720099649 ], [ -102.84225074977158, 21.804757201231048 ], [ -102.853345060011563, 21.799053149620661 ], [ -102.847314750283047, 21.833409219620734 ], [ -102.858050969586898, 21.833226350264791 ], [ -102.874176579655327, 21.852770999600821 ], [ -102.863380119885036, 21.863765779671876 ], [ -102.838250449939707, 21.939298649691082 ], [ -102.801049690163325, 22.003941000123024 ], [ -102.760989739711988, 22.04628673961043 ], [ -102.75580570954692, 22.073662079599934 ], [ -102.690865230032514, 22.106555030033022 ], [ -102.686121139569707, 22.137908850081626 ], [ -102.669415690199799, 22.159589579795366 ], [ -102.675894510179134, 22.175572519620513 ], [ -102.666718350235627, 22.180940979904651 ], [ -102.669310080160045, 22.194023579963922 ], [ -102.651595980395768, 22.193140229833407 ], [ -102.639298939736989, 22.226039180161166 ], [ -102.670017049684589, 22.245702429836363 ], [ -102.668742849645383, 22.291871049713194 ], [ -102.527039339592946, 22.290899030350285 ], [ -102.470201630007665, 22.309210199611357 ], [ -102.460661509728808, 22.323691110048902 ], [ -102.471187819726595, 22.336254879918101 ], [ -102.468641949622352, 22.351881479721062 ], [ -102.378442819159616, 22.360878580556985 ], [ -102.359250278630725, 22.384951690959628 ], [ -102.362877079474544, 22.388747281037269 ], [ -102.321364720163743, 22.388532650151149 ], [ -102.311804800071172, 22.456915819715146 ], [ -102.297393249553124, 22.455272999558904 ] ] ] ] } },
{ "type": "Feature", "properties": { "fid": 2, "CVEGEO": "02", "CVE_ENT": "02", "NOMGEO": "Baja California", "PibCalc25": 948244, "SUP": 73053.838147314164, "Long_Carret": 3528.727, "Municipios": 7, "UE": 138604, "Dens_Carret": 0.04807, "Dens_UE": 1.88818 }, "geometry": { "type": "MultiPolygon", "coordinates": [ [ [ [ -114.121737510363857, 28.094769139639386 ], [ -114.117106249974555, 28.095809999769521 ], [ -114.117834320508905, 28.087177550382876 ], [ -114.121737510363857, 28.094769139639386 ] ] ], [ [ [ -112.300670805032652, 28.387024995159297 ], [ -112.29974122778556, 28.372924571655417 ], [ -112.320105626814922, 28.37618691856057 ], [ -112.314971744620749, 28.387027227203532 ], [ -112.300670805032652, 28.387024995159297 ] ] ], [ [ [ -115.545330882402908, 28.311506039725572 ], [ -115.536785956491613, 28.304725268707081 ], [ -115.543665099516019, 28.291374949604283 ], [ -115.549855311523856, 28.30446593119748 ], [ -115.545330882402908, 28.311506039725572 ] ] ], [ [ [ -115.570572886849746, 28.30827883906823 ], [ -115.5676572772973, 28.313924832875809 ], [ -115.560928195878773, 28.30808456330573 ], [ -115.570572886849746, 28.30827883906823 ] ] ], [ [ [ -115.592355448262325, 28.316761434848289 ], [ -115.582631730345739, 28.305718711061203 ], [ -115.575289310132007, 28.310932143904676 ], [ -115.58074052006711, 28.295746619803232 ], [ -115.60644858004899, 28.300203893592805 ], [ -115.601358733830281, 28.315929813780734 ], [ -115.592355448262325, 28.316761434848289 ] ] ], [ [ [ -115.217645956263652, 28.377743930540561 ], [ -115.194165316177887, 28.361692681800932 ], [ -115.19528271052539, 28.332265412364798 ], [ -115.174141676400453, 28.306159869325541 ], [ -115.163774839792111, 28.260417110863543 ], [ -115.173589641200408, 28.214937044699624 ], [ -115.159794478408202, 28.192238889710648 ], [ -115.156647396457657, 28.166046314745817 ], [ -115.159202467931465, 28.137836796827617 ], [ -115.18625789048815, 28.105375238910302 ], [ -115.185342274638515, 28.03136067611031 ], [ -115.210023353361606, 28.039519372234871 ], [ -115.229835934633471, 28.029532774332644 ], [ -115.255368503682192, 28.037498792821768 ], [ -115.265455904593594, 28.072879038064819 ], [ -115.289512806408553, 28.092758564138681 ], [ -115.334254499434948, 28.086218485974008 ], [ -115.345378519689831, 28.074297071176762 ], [ -115.359680270262473, 28.08099091058029 ], [ -115.352825994918163, 28.087693853175171 ], [ -115.35296424145524, 28.117236704657152 ], [ -115.316245469884961, 28.13784147034017 ], [ -115.242954610624651, 28.220903825047884 ], [ -115.238035110742786, 28.231896968210837 ], [ -115.25794120569617, 28.273434326949182 ], [ -115.253773818014423, 28.28615920760976 ], [ -115.264410009030954, 28.294041411176536 ], [ -115.247716491296828, 28.315711687449934 ], [ -115.251594482815051, 28.336663805427275 ], [ -115.239947020849883, 28.342436378323224 ], [ -115.245760044127479, 28.354269436780566 ], [ -115.217645956263652, 28.377743930540561 ] ] ], [ [ [ -112.892330541609695, 28.678260839043805 ], [ -112.8386654286561, 28.661163456488975 ], [ -112.752560227438082, 28.591528839275025 ], [ -112.772160028384917, 28.576860419818136 ], [ -112.782611258811329, 28.580362074039311 ], [ -112.798907316589066, 28.610578016306935 ], [ -112.843769633344564, 28.640177062494882 ], [ -112.867845505992946, 28.643968696911383 ], [ -112.866786579801598, 28.652871615028708 ], [ -112.892330541609695, 28.678260839043805 ] ] ], [ [ [ -112.903656107718703, 28.698525733107513 ], [ -112.904724743900545, 28.698290130368605 ], [ -112.904162830548728, 28.699320435355595 ], [ -112.903656107718703, 28.698525733107513 ] ] ], [ [ [ -112.931385412585897, 28.709352873906127 ], [ -112.920777564614269, 28.699692174724603 ], [ -112.897610476004587, 28.697231748297643 ], [ -112.895071853459939, 28.6799049768908 ], [ -112.931369529632946, 28.696425839959819 ], [ -112.931385412585897, 28.709352873906127 ] ] ], [ [ [ -112.964126348686875, 28.724657469973529 ], [ -112.961942107767001, 28.723311852212206 ], [ -112.964498496817171, 28.723814424134837 ], [ -112.964126348686875, 28.724657469973529 ] ] ], [ [ [ -112.966698286140726, 28.734361484152448 ], [ -112.965873415220031, 28.733380682696254 ], [ -112.967088269106824, 28.733804568394284 ], [ -112.966698286140726, 28.734361484152448 ] ] ], [ [ [ -112.965668860956924, 28.731131321927514 ], [ -112.950835200607543, 28.727420262052938 ], [ -112.946289901201339, 28.717161664016896 ], [ -112.965668860956924, 28.731131321927514 ] ] ], [ [ [ -114.278680055691837, 28.670408445246576 ], [ -114.277664932008548, 28.668690727107791 ], [ -114.279379490324729, 28.669345600109839 ], [ -114.278680055691837, 28.670408445246576 ] ] ], [ [ [ -114.280855935024434, 28.6933002452819 ], [ -114.278359795761801, 28.693804440674132 ], [ -114.278624812189889, 28.692969591755848 ], [ -114.280855935024434, 28.6933002452819 ] ] ], [ [ [ -112.985099598598609, 28.826399137651357 ], [ -112.975743954763871, 28.825492229520957 ], [ -112.975248358595877, 28.822880520641682 ], [ -112.98160403217662, 28.821009201125978 ], [ -112.985099598598609, 28.826399137651357 ] ] ], [ [ [ -112.999389486377524, 28.836874812896475 ], [ -112.998907263404305, 28.83633540436286 ], [ -112.999593841527116, 28.836456686468342 ], [ -112.999389486377524, 28.836874812896475 ] ] ], [ [ [ -113.357524270049893, 28.826507222758455 ], [ -113.358281754121322, 28.827413472757662 ], [ -113.357355462172634, 28.827941865386979 ], [ -113.357524270049893, 28.826507222758455 ] ] ], [ [ [ -114.352359050221551, 28.767761951304809 ], [ -114.351128559188055, 28.767146760407513 ], [ -114.352320517568259, 28.767156459205712 ], [ -114.352359050221551, 28.767761951304809 ] ] ], [ [ [ -113.029979417461348, 28.885844481923467 ], [ -113.027748352680703, 28.887577742180795 ], [ -113.026708578547982, 28.885985452608324 ], [ -113.029979417461348, 28.885844481923467 ] ] ], [ [ [ -113.036533960274298, 28.900606780570921 ], [ -113.032745959126103, 28.895695105181371 ], [ -113.04446104464445, 28.883652716915609 ], [ -113.048032130398425, 28.894403549830809 ], [ -113.0407779586685, 28.890782977260798 ], [ -113.036533960274298, 28.900606780570921 ] ] ], [ [ [ -113.35910735469993, 28.883433140104106 ], [ -113.357986180087906, 28.882486948150945 ], [ -113.359935818290396, 28.882703375828129 ], [ -113.35910735469993, 28.883433140104106 ] ] ], [ [ [ -113.044302230325187, 28.911197042271496 ], [ -113.042832936974506, 28.911557160165369 ], [ -113.043260800506317, 28.910694411046979 ], [ -113.044302230325187, 28.911197042271496 ] ] ], [ [ [ -113.383646815201061, 28.924093392621725 ], [ -113.385279782938383, 28.924710034695753 ], [ -113.384775924918713, 28.926490431553074 ], [ -113.383646815201061, 28.924093392621725 ] ] ], [ [ [ -113.482289317219141, 28.956438028035581 ], [ -113.482965683673328, 28.955888973942749 ], [ -113.483091149534943, 28.956091267748583 ], [ -113.482289317219141, 28.956438028035581 ] ] ], [ [ [ -113.474617717886559, 28.957187274030797 ], [ -113.476442379611584, 28.955371303071637 ], [ -113.477409204485113, 28.955894682483422 ], [ -113.474617717886559, 28.957187274030797 ] ] ], [ [ [ -113.477085069091459, 28.974898935321924 ], [ -113.481381908696605, 28.96729595313106 ], [ -113.485109896974279, 28.978897034260534 ], [ -113.477085069091459, 28.974898935321924 ] ] ], [ [ [ -113.520707587290147, 28.997038780662944 ], [ -113.518346836865689, 28.997723399458781 ], [ -113.518065476073545, 28.99512677086906 ], [ -113.520707587290147, 28.997038780662944 ] ] ], [ [ [ -113.521243374262383, 28.998403437706866 ], [ -113.519658990097781, 28.998904529027318 ], [ -113.520126008882102, 28.997877566779831 ], [ -113.521243374262383, 28.998403437706866 ] ] ], [ [ [ -113.512535693653305, 29.002720015732073 ], [ -113.501981951658252, 28.993975596282805 ], [ -113.511349325089967, 28.988727211967007 ], [ -113.516962661974631, 28.993835287879932 ], [ -113.512535693653305, 29.002720015732073 ] ] ], [ [ [ -113.523934904850535, 29.00546078560555 ], [ -113.521106708684101, 29.005284192638481 ], [ -113.524313681764809, 29.001603192486982 ], [ -113.523934904850535, 29.00546078560555 ] ] ], [ [ [ -113.515170779859275, 29.011613223853843 ], [ -113.514066119390392, 29.009731387453055 ], [ -113.515930558450336, 29.009857591161509 ], [ -113.515170779859275, 29.011613223853843 ] ] ], [ [ [ -113.525046947030589, 29.013286719048025 ], [ -113.524091287282033, 29.011950957568022 ], [ -113.524997437253901, 29.010720088711647 ], [ -113.525046947030589, 29.013286719048025 ] ] ], [ [ [ -113.50506303803337, 29.014197213106293 ], [ -113.506534788974264, 29.013872415785873 ], [ -113.505055909600287, 29.014885957487571 ], [ -113.50506303803337, 29.014197213106293 ] ] ], [ [ [ -113.516354014928325, 29.013410496846188 ], [ -113.51079216675457, 29.014066114190143 ], [ -113.511090836358392, 29.013363486598827 ], [ -113.516354014928325, 29.013410496846188 ] ] ], [ [ [ -113.469408216267595, 29.02418016933423 ], [ -113.464236346198589, 29.021587338748379 ], [ -113.46031133728286, 29.013195022902249 ], [ -113.466281800061097, 29.013940821570156 ], [ -113.469408216267595, 29.02418016933423 ] ] ], [ [ [ -113.499002683524324, 29.027390544590723 ], [ -113.498280332472703, 29.027435399807501 ], [ -113.498305966552977, 29.027128330121837 ], [ -113.499002683524324, 29.027390544590723 ] ] ], [ [ [ -113.083451162095784, 29.06889687461377 ], [ -113.084853461985333, 29.063146557620701 ], [ -113.087674461791579, 29.062044045226269 ], [ -113.092577981215314, 29.062908329278962 ], [ -113.095084098858422, 29.061946930640588 ], [ -113.097313203063223, 29.061555483414647 ], [ -113.097501084589837, 29.061830228474633 ], [ -113.083451162095784, 29.06889687461377 ] ] ], [ [ [ -114.615799788699121, 28.965709672987558 ], [ -114.616193311373124, 28.965307957374183 ], [ -114.616214144611305, 28.965726156729289 ], [ -114.615799788699121, 28.965709672987558 ] ] ], [ [ [ -113.513002709414508, 29.061422767444739 ], [ -113.512321278889416, 29.061816133700702 ], [ -113.512594465545774, 29.061094265905503 ], [ -113.513002709414508, 29.061422767444739 ] ] ], [ [ [ -113.521851833056601, 29.069636055693056 ], [ -113.515866971357426, 29.06721866498874 ], [ -113.514876775512619, 29.064833274560964 ], [ -113.521851833056601, 29.069636055693056 ] ] ], [ [ [ -113.524635124471914, 29.095515624547811 ], [ -113.502336916174414, 29.090415986924651 ], [ -113.50817894608717, 29.080237740809874 ], [ -113.502725192738936, 29.049829122954442 ], [ -113.489182585473046, 29.037686173810386 ], [ -113.504732095272828, 29.039227051117852 ], [ -113.502851593235846, 29.049094753056348 ], [ -113.513788504703143, 29.052102601584288 ], [ -113.509716987076516, 29.061999442589741 ], [ -113.524635124471914, 29.095515624547811 ] ] ], [ [ [ -113.530042403751239, 29.098462095197242 ], [ -113.52727896144583, 29.098102674108073 ], [ -113.530845820034642, 29.096166159817663 ], [ -113.530042403751239, 29.098462095197242 ] ] ], [ [ [ -113.608213943530913, 29.16813097843275 ], [ -113.606931558174722, 29.166756055139263 ], [ -113.608061098321457, 29.166038687287404 ], [ -113.608213943530913, 29.16813097843275 ] ] ], [ [ [ -113.513914670584853, 29.551476993532802 ], [ -113.511525993330636, 29.538164524454466 ], [ -113.474392023815795, 29.531097408797933 ], [ -113.476408993335824, 29.525880209364665 ], [ -113.4310014174754, 29.492055411533038 ], [ -113.425399125193891, 29.473854595969993 ], [ -113.393364591423563, 29.459249711029951 ], [ -113.363342990012811, 29.395441949192911 ], [ -113.352042032611948, 29.387346628943462 ], [ -113.376141844812864, 29.349513547773004 ], [ -113.366788174488448, 29.307853770220543 ], [ -113.344966033590509, 29.295746250558139 ], [ -113.304428814912171, 29.2913142186747 ], [ -113.294440221742221, 29.281254866486368 ], [ -113.276028821225751, 29.290547378379507 ], [ -113.255460269350678, 29.282768427605127 ], [ -113.18353968643018, 29.289550417155215 ], [ -113.167590613373605, 29.278893327058178 ], [ -113.178619938532464, 29.247669283399151 ], [ -113.167026948905828, 29.191041339194722 ], [ -113.174561049382049, 29.127781037216039 ], [ -113.153872922809086, 29.095035869752767 ], [ -113.148368892653934, 29.066186414364985 ], [ -113.100199143660546, 29.056226325923664 ], [ -113.115153396322398, 29.028559828140299 ], [ -113.116149430588081, 28.986985576754773 ], [ -113.154627818482979, 29.015024752246276 ], [ -113.188588705594597, 29.028361980401595 ], [ -113.200350655283415, 29.048002688860588 ], [ -113.243950140330355, 29.067131433881151 ], [ -113.264021171841549, 29.104552645100327 ], [ -113.300690710658202, 29.145102148902129 ], [ -113.350606635042524, 29.168582708457262 ], [ -113.363867572180027, 29.187436045686649 ], [ -113.404411129971095, 29.209465714831044 ], [ -113.430312744569733, 29.242956352490186 ], [ -113.427826508815485, 29.255013503924552 ], [ -113.442824108192454, 29.275677410489273 ], [ -113.496920855556695, 29.283793662327341 ], [ -113.507290030847116, 29.323194573230108 ], [ -113.525481489796263, 29.334818828979099 ], [ -113.569925980516501, 29.400146934406109 ], [ -113.588217360184714, 29.408923935458681 ], [ -113.592256158708253, 29.451030155192374 ], [ -113.563619586879156, 29.505195121971898 ], [ -113.572123274501223, 29.538355395569489 ], [ -113.558690767475241, 29.546006066854169 ], [ -113.560353782912372, 29.536185052829108 ], [ -113.545503378907213, 29.533988881640497 ], [ -113.524781712750411, 29.543281468762284 ], [ -113.525998638403323, 29.55079344356772 ], [ -113.513914670584853, 29.551476993532802 ] ] ], [ [ [ -113.558710839240604, 29.5542593156548 ], [ -113.557546684850379, 29.548755126941334 ], [ -113.559026074403633, 29.546099497595925 ], [ -113.558710839240604, 29.5542593156548 ] ] ], [ [ [ -113.539782703656272, 29.566404768766152 ], [ -113.534363936181464, 29.562012682944207 ], [ -113.545301669402932, 29.565413133990877 ], [ -113.539782703656272, 29.566404768766152 ] ] ], [ [ [ -113.579342712460274, 29.560990826757603 ], [ -113.559658856130937, 29.560872492132258 ], [ -113.560506432458197, 29.555312449428719 ], [ -113.56216693844739, 29.560182471708732 ], [ -113.575704223089488, 29.545988617480113 ], [ -113.579342712460274, 29.560990826757603 ] ] ], [ [ [ -118.261484393401958, 29.184854460379299 ], [ -118.282384296645333, 29.157761708339432 ], [ -118.287450491439628, 29.133062976248784 ], [ -118.282387714385806, 29.108607003447496 ], [ -118.25353603291353, 29.09465490735391 ], [ -118.228065249008253, 29.061989984614886 ], [ -118.221462784129727, 29.010782316664379 ], [ -118.229009434303876, 28.974950583446692 ], [ -118.220969539619034, 28.96256507695017 ], [ -118.227949194355617, 28.921766681001234 ], [ -118.238557396838488, 28.915281942417256 ], [ -118.248233495558438, 28.890998023342924 ], [ -118.295746032011436, 28.879482245763775 ], [ -118.282507415593912, 28.896248965585016 ], [ -118.298414128028355, 28.935748156796436 ], [ -118.290924527691715, 28.96768424433434 ], [ -118.313553870765816, 28.980041008391041 ], [ -118.305319278775428, 28.986559198484553 ], [ -118.304995477185031, 29.004463775837269 ], [ -118.317110878337516, 29.037836448966971 ], [ -118.364654450529102, 29.077546869405463 ], [ -118.35118987394749, 29.114610061454631 ], [ -118.365263217770732, 29.146367580293095 ], [ -118.333957878393804, 29.169446646302028 ], [ -118.294888626956421, 29.171514431746175 ], [ -118.264653102957325, 29.190631226019541 ], [ -118.261484393401958, 29.184854460379299 ] ] ], [ [ [ -115.499626342373745, 29.614930925468432 ], [ -115.500290453676627, 29.614525030299848 ], [ -115.499657397395055, 29.615015740778162 ], [ -115.499626342373745, 29.614930925468432 ] ] ], [ [ [ -114.382099999701225, 29.822600000169349 ], [ -114.378399999330981, 29.813900000171724 ], [ -114.369906999158005, 29.809017201208462 ], [ -114.369569748847027, 29.806335421090512 ], [ -114.380699999541832, 29.813099999893048 ], [ -114.392300000359128, 29.809800000211254 ], [ -114.39603876992723, 29.819525689699443 ], [ -114.382099999701225, 29.822600000169349 ] ] ], [ [ [ -115.794858514084908, 29.792611518365934 ], [ -115.78819326177144, 29.793379326549672 ], [ -115.795096576444564, 29.786562383012559 ], [ -115.794858514084908, 29.792611518365934 ] ] ], [ [ [ -114.417462732359809, 29.988012890659334 ], [ -114.401958144291015, 29.982755030716739 ], [ -114.39168623682346, 29.96184478590019 ], [ -114.415318798949826, 29.94865781317306 ], [ -114.412371744058973, 29.960951167957319 ], [ -114.423718514570055, 29.966960608498464 ], [ -114.415626352555606, 29.975139271795594 ], [ -114.417462732359809, 29.988012890659334 ] ] ], [ [ [ -114.390879103414377, 29.993438631428127 ], [ -114.387005133139468, 29.99203627567325 ], [ -114.389573459458731, 29.988682930101263 ], [ -114.390879103414377, 29.993438631428127 ] ] ], [ [ [ -114.473609909277627, 30.022817000174566 ], [ -114.4732950037194, 30.014212481776095 ], [ -114.474984260827938, 30.012954590856118 ], [ -114.479957697419479, 30.020241892746618 ], [ -114.473609909277627, 30.022817000174566 ] ] ], [ [ [ -114.491084847105597, 30.047436598992014 ], [ -114.491259161907863, 30.053339630773486 ], [ -114.489240628313482, 30.054718310982746 ], [ -114.486515544291578, 30.051249148681755 ], [ -114.491084847105597, 30.047436598992014 ] ] ], [ [ [ -114.553889221430524, 30.089756266992879 ], [ -114.540131915351608, 30.092251874675881 ], [ -114.535182008529446, 30.083257834611704 ], [ -114.553889221430524, 30.089756266992879 ] ] ], [ [ [ -114.625543500009101, 30.131177371201392 ], [ -114.627247149702072, 30.130386165849536 ], [ -114.626511050987105, 30.131433384733342 ], [ -114.625543500009101, 30.131177371201392 ] ] ], [ [ [ -116.122998604433661, 30.484662550563218 ], [ -116.107986066323861, 30.495669929311493 ], [ -116.10168577219568, 30.483082588329562 ], [ -116.122998604433661, 30.484662550563218 ] ] ], [ [ [ -114.74652310235453, 31.801860296292507 ], [ -114.734435113138986, 31.76975489418955 ], [ -114.668674151012269, 31.718782986367593 ], [ -114.650643581785658, 31.679869365226178 ], [ -114.668174489041903, 31.676289166153492 ], [ -114.711638109350147, 31.710322845667044 ], [ -114.689700409837442, 31.681723875806597 ], [ -114.704301769088985, 31.687020135052666 ], [ -114.717504145777312, 31.681179487963252 ], [ -114.72527086266787, 31.686359656267104 ], [ -114.722091352092278, 31.694572017862626 ], [ -114.763852120352396, 31.705671853858064 ], [ -114.791099773744733, 31.729997138694529 ], [ -114.80022723051988, 31.763101866043101 ], [ -114.799936258223184, 31.812644952746087 ], [ -114.769695248805348, 31.816830013248094 ], [ -114.74652310235453, 31.801860296292507 ] ] ], [ [ [ -116.797053644505453, 31.803136483629586 ], [ -116.788786173425294, 31.806588037015608 ], [ -116.786938699510117, 31.79097086116521 ], [ -116.797053644505453, 31.803136483629586 ] ] ], [ [ [ -116.809284263158773, 31.809894615092546 ], [ -116.801213245396966, 31.811982519124033 ], [ -116.801413046185729, 31.805903900192789 ], [ -116.809284263158773, 31.809894615092546 ] ] ], [ [ [ -117.250773384088674, 32.41968363686091 ], [ -117.242200754852448, 32.411436256368368 ], [ -117.239971161522689, 32.391094131063539 ], [ -117.250773384088674, 32.41968363686091 ] ] ], [ [ [ -117.259607256079818, 32.414713077315689 ], [ -117.259390664062124, 32.419800242726467 ], [ -117.257281182375209, 32.418499932517747 ], [ -117.259607256079818, 32.414713077315689 ] ] ], [ [ [ -117.300040708586508, 32.440336482300467 ], [ -117.296738681675194, 32.443677130504675 ], [ -117.294080552192085, 32.433719390274447 ], [ -117.300040708586508, 32.440336482300467 ] ] ], [ [ [ -117.124498077772159, 32.534255842166061 ], [ -115.812559570307457, 32.641193479634872 ], [ -114.719718059859531, 32.718653570390131 ], [ -114.76464378038888, 32.643168020198523 ], [ -114.785434720457388, 32.622369909678142 ], [ -114.807917060499335, 32.620353600281888 ], [ -114.801317220096195, 32.588350339941542 ], [ -114.81225207962899, 32.5622334602553 ], [ -114.791813449557182, 32.557846290052488 ], [ -114.804319140192376, 32.544333659606508 ], [ -114.815930060485897, 32.482977259835678 ], [ -114.849077540363353, 32.473423430283816 ], [ -114.883870019574374, 32.492273420236124 ], [ -114.900132570281201, 32.483480180333068 ], [ -114.934996580384961, 32.481874680255558 ], [ -114.939350059801143, 32.468404020335512 ], [ -114.931940479824732, 32.439700740026126 ], [ -114.961452320007766, 32.41170618019391 ], [ -114.954495969594603, 32.39335409027759 ], [ -114.968453310155283, 32.390653029916869 ], [ -114.961880080551595, 32.354745920284465 ], [ -114.966592479516791, 32.338793519915647 ], [ -115.03642784981038, 32.277755950434397 ], [ -115.053022319504691, 32.245174019953559 ], [ -114.975318249897953, 32.17799548041399 ], [ -114.989736339771582, 32.146377650300558 ], [ -114.957005000217819, 32.038636179997816 ], [ -114.967434450197544, 31.996880289828443 ], [ -114.965484569495089, 31.918423879677658 ], [ -114.945134480348401, 31.91012096967377 ], [ -114.937876630045054, 31.890775400205225 ], [ -114.913619909948054, 31.881343480334053 ], [ -114.909687119637923, 31.86726041993391 ], [ -114.890715380359353, 31.872334620345914 ], [ -114.843185739785341, 31.863553819672266 ], [ -114.825691949805858, 31.828819580078331 ], [ -114.806877650315698, 31.816680140320749 ], [ -114.821694587901902, 31.732889751754907 ], [ -114.813430005675158, 31.71821870914092 ], [ -114.818983667539428, 31.713139749779288 ], [ -114.790850324244531, 31.676413934040525 ], [ -114.783630546019168, 31.63122928932297 ], [ -114.79161909987964, 31.614598912305318 ], [ -114.811892702739314, 31.613455581072408 ], [ -114.814141293229994, 31.606495657002824 ], [ -114.829668762615, 31.621004122943749 ], [ -114.835892124943641, 31.61735220963434 ], [ -114.837355493142212, 31.593260167237812 ], [ -114.846421239821666, 31.595294605999282 ], [ -114.855326788714791, 31.585543313860956 ], [ -114.861376369871138, 31.535733857876785 ], [ -114.868667931167764, 31.527982763941026 ], [ -114.85296002245974, 31.486774504906318 ], [ -114.856706564242515, 31.432572989269215 ], [ -114.862978823458889, 31.43081337817129 ], [ -114.855119621900386, 31.429568761408525 ], [ -114.853910855622658, 31.427236889168025 ], [ -114.862381736504673, 31.418509026145724 ], [ -114.870323115642535, 31.421963765663918 ], [ -114.873770006144966, 31.400379116607528 ], [ -114.856811499192546, 31.394463735345013 ], [ -114.852775933367596, 31.382692541069598 ], [ -114.878538261534132, 31.34048192163354 ], [ -114.885540523991494, 31.305878246598521 ], [ -114.879549557358857, 31.297243302063094 ], [ -114.890066952758119, 31.284509637361378 ], [ -114.884365684611993, 31.272430541096679 ], [ -114.894687786565285, 31.264842440466062 ], [ -114.881426811853061, 31.262754701264104 ], [ -114.890937115928466, 31.152820768301012 ], [ -114.870312573622797, 31.093991747279102 ], [ -114.814173046056823, 31.052173124607982 ], [ -114.811703165735778, 31.044040126734824 ], [ -114.824265093980841, 31.039525733789734 ], [ -114.832644723059801, 31.02233948226452 ], [ -114.834094408461581, 31.001748478678099 ], [ -114.82852892911481, 30.996753548106625 ], [ -114.824635832575666, 30.999106925401005 ], [ -114.821910458535655, 30.996832308869234 ], [ -114.829549123181181, 30.994144468562006 ], [ -114.821089425844406, 30.995930790099862 ], [ -114.82303166069849, 30.987984579981632 ], [ -114.810609861655593, 30.978674969284768 ], [ -114.720209468856225, 30.937004277118525 ], [ -114.709955648467357, 30.906238107696542 ], [ -114.702113911861616, 30.866241626016198 ], [ -114.709728707211042, 30.845229084678113 ], [ -114.696956091078249, 30.817251348799779 ], [ -114.700151027854645, 30.769750717811966 ], [ -114.693171473949889, 30.744327664725482 ], [ -114.705363502026586, 30.712293972230707 ], [ -114.694423071314986, 30.677383908763581 ], [ -114.698513334742756, 30.632142681344288 ], [ -114.677849570678362, 30.588706465708626 ], [ -114.652543158707644, 30.55717221942664 ], [ -114.648823038821661, 30.52702247267047 ], [ -114.6303152120893, 30.489422451089428 ], [ -114.63923700143917, 30.454043751581072 ], [ -114.630500095868726, 30.41931409110877 ], [ -114.643569762379556, 30.377043560930783 ], [ -114.634845727144764, 30.349492057084351 ], [ -114.641615294472558, 30.348843653591143 ], [ -114.65616198004706, 30.284230117658179 ], [ -114.639741356201725, 30.258467744573245 ], [ -114.66772253938278, 30.191418569660087 ], [ -114.640212279869772, 30.152470830570682 ], [ -114.633241139154649, 30.126411919828954 ], [ -114.601826433684195, 30.104924470807994 ], [ -114.583276156408658, 30.071374071285618 ], [ -114.57619321418251, 30.033146404350145 ], [ -114.565896863173407, 30.026942225757345 ], [ -114.565099742653885, 30.011127732976071 ], [ -114.551210471766055, 30.00180928779314 ], [ -114.536171088860783, 29.970262989336373 ], [ -114.487471179084039, 29.94876931070392 ], [ -114.470885938530046, 29.91353157531902 ], [ -114.436532349239954, 29.910613470968812 ], [ -114.412984058922063, 29.890687379720671 ], [ -114.413273762150951, 29.848115892183571 ], [ -114.394056640423898, 29.827978512552974 ], [ -114.403244629038113, 29.827621152673402 ], [ -114.409658163401645, 29.815965911280813 ], [ -114.399094554485117, 29.803190181269851 ], [ -114.397409896471487, 29.807463693382431 ], [ -114.392860366222791, 29.810119170698396 ], [ -114.396054631569626, 29.794641874858023 ], [ -114.387720581736588, 29.778646733961967 ], [ -114.353527726542325, 29.768498332823338 ], [ -114.342403747507433, 29.746595395106198 ], [ -114.329863987500488, 29.742693078938945 ], [ -114.295320014061701, 29.742564489069384 ], [ -114.281445199016886, 29.759687401384063 ], [ -114.291049478675376, 29.756661220661243 ], [ -114.292706547514967, 29.767220044973691 ], [ -114.284457219135334, 29.765220546186292 ], [ -114.280258858010043, 29.77250625837387 ], [ -114.207518599313019, 29.743824129988401 ], [ -114.181374309944459, 29.708080511181269 ], [ -114.159283910201637, 29.691061950311848 ], [ -114.144324237027774, 29.691303735656575 ], [ -114.11081381348616, 29.653027340083383 ], [ -114.063973885454644, 29.629498991670303 ], [ -114.046626568143864, 29.596850883101546 ], [ -113.980318696963636, 29.566858915705239 ], [ -113.89688964119982, 29.484874936638853 ], [ -113.862170014564001, 29.462183623810311 ], [ -113.836256371938902, 29.456220332862607 ], [ -113.825603763149758, 29.429294946950364 ], [ -113.772202142516633, 29.4097021868997 ], [ -113.761599581894501, 29.391503354774308 ], [ -113.725996540398242, 29.366845644938817 ], [ -113.694863402713267, 29.324500453198155 ], [ -113.637611078993004, 29.28371397335329 ], [ -113.625278452258357, 29.253285425294884 ], [ -113.65296287464561, 29.224214324103563 ], [ -113.656296114303387, 29.209324090095123 ], [ -113.639197640422296, 29.198065384989242 ], [ -113.643005968027566, 29.184256182716734 ], [ -113.635326256605666, 29.173352302993319 ], [ -113.62715459271827, 29.175394355871923 ], [ -113.620881739422543, 29.160940518773518 ], [ -113.609139666888566, 29.163656432581298 ], [ -113.593281748877416, 29.130402275267365 ], [ -113.571399036477388, 29.116585934698964 ], [ -113.562946595983817, 29.085947400128365 ], [ -113.538709893844398, 29.058032148668797 ], [ -113.534471716887964, 29.032349873436321 ], [ -113.549103023122726, 29.03996466436309 ], [ -113.563052766473675, 29.007342892037901 ], [ -113.547194848126765, 28.985029497237299 ], [ -113.541791092310334, 28.955776403415939 ], [ -113.545353145281211, 28.962511467570913 ], [ -113.557367186076604, 28.946745158885047 ], [ -113.526081178282041, 28.893074571006732 ], [ -113.479496113210914, 28.894336875896272 ], [ -113.4714797088414, 28.914227980057888 ], [ -113.487354147553432, 28.928044597721986 ], [ -113.474388464890183, 28.943520613138261 ], [ -113.47995640442312, 28.9478036416603 ], [ -113.457880791989965, 28.943935077302445 ], [ -113.44683711912208, 28.951195407013259 ], [ -113.455519177017976, 28.944202765941895 ], [ -113.447244602167572, 28.939666917958395 ], [ -113.438300803467044, 28.959792757134107 ], [ -113.42412722562527, 28.949119334723274 ], [ -113.428684132019015, 28.935069093883669 ], [ -113.414371674266874, 28.923695269665249 ], [ -113.385527846614394, 28.939583823660495 ], [ -113.393913306077479, 28.915046584008458 ], [ -113.367810659789697, 28.903874786691262 ], [ -113.380513055856127, 28.893803005360247 ], [ -113.35715067482478, 28.873893579432572 ], [ -113.370308143299582, 28.861246268055847 ], [ -113.370715624903241, 28.837157735218153 ], [ -113.364057228857874, 28.822432722981414 ], [ -113.351434902459275, 28.816852649000907 ], [ -113.353866711446429, 28.805509638518181 ], [ -113.311996525507965, 28.803441293160994 ], [ -113.283286227255772, 28.828137702918639 ], [ -113.251552306714643, 28.840718270360966 ], [ -113.220745783119966, 28.824988367212047 ], [ -113.212263274364616, 28.803091107652023 ], [ -113.196443348278081, 28.792548350570961 ], [ -113.189323690730049, 28.730172082270052 ], [ -113.175056229178267, 28.711473562566294 ], [ -113.158825073509519, 28.660073383095877 ], [ -113.128794393801954, 28.632309748834661 ], [ -113.130169603896462, 28.598015291912716 ], [ -113.103808018670748, 28.505371573142277 ], [ -113.015352878360517, 28.457454721554729 ], [ -112.970972361267528, 28.45681155371809 ], [ -112.903047196456157, 28.475065469889614 ], [ -112.874228740611898, 28.450119142436286 ], [ -112.882494647956236, 28.437913784802983 ], [ -112.866724635010343, 28.425287087182163 ], [ -112.859001404148785, 28.440244929730824 ], [ -112.846515230188075, 28.440781973561858 ], [ -112.844171730112791, 28.421970464073222 ], [ -112.859849015555483, 28.403883834685352 ], [ -112.849309491553029, 28.382097619807112 ], [ -112.852854012626722, 28.365990780193314 ], [ -112.875499704444508, 28.31162614319442 ], [ -112.868264953342745, 28.299827546169809 ], [ -112.873187640550171, 28.28254813766992 ], [ -112.801710330440045, 28.203688521733 ], [ -112.786621216380595, 28.196743112530413 ], [ -112.796046748687345, 28.187683706380088 ], [ -112.811811380436822, 28.137585785696164 ], [ -112.803037830588991, 28.084522853783422 ], [ -112.788842918949882, 28.067832997197403 ], [ -112.800471345002308, 28.052395530387471 ], [ -112.804626122318439, 28.027552528589734 ], [ -112.790623652239375, 28.006638816044724 ], [ -112.764778196468129, 28.000000001200103 ], [ -114.205440446739971, 28.000000025657574 ], [ -114.136257894500829, 28.085101013982094 ], [ -114.119705768374686, 28.081457465028254 ], [ -114.116030096324891, 28.071669848976697 ], [ -114.115087235614467, 28.048305330983368 ], [ -114.135417719249602, 28.029520515680527 ], [ -114.127462217684439, 28.012826006891295 ], [ -114.113734804669477, 28.025929630025299 ], [ -114.119814089488926, 28.036523346825618 ], [ -114.118508956498985, 28.037271687211739 ], [ -114.115042080583549, 28.0290765258219 ], [ -114.112731028923804, 28.025328874751185 ], [ -114.111734629934361, 28.024799444567751 ], [ -114.111609708242298, 28.024210529039934 ], [ -114.110705513425088, 28.023606739970763 ], [ -114.10774166716007, 28.033499527737352 ], [ -114.093370316959565, 28.036022648679797 ], [ -114.107031398007422, 28.02264412919893 ], [ -114.10139505044279, 28.017534237395324 ], [ -114.102081208916019, 28.024218912238087 ], [ -114.083697345322207, 28.026439694260649 ], [ -114.07261170497317, 28.046483517739219 ], [ -114.061197675861422, 28.046245925452602 ], [ -114.091832046965791, 28.064935401365641 ], [ -114.092449774862203, 28.057930313202299 ], [ -114.099196022987812, 28.059149073233851 ], [ -114.100551842648542, 28.108144017876832 ], [ -114.109885279397801, 28.119443484245519 ], [ -114.059289799840727, 28.208728910132699 ], [ -114.061046170125849, 28.171440419833704 ], [ -114.077036000992081, 28.145702747790402 ], [ -114.07614458134374, 28.115002316569857 ], [ -114.060877229659283, 28.082200480446765 ], [ -114.048142080008319, 28.079946429995154 ], [ -114.040407230184144, 28.090728570355754 ], [ -114.05402579981164, 28.1233164597244 ], [ -114.038971030340207, 28.170740059638032 ], [ -114.056339380213174, 28.172755630405533 ], [ -114.050103369836989, 28.190477620380992 ], [ -114.035402970485151, 28.185392459848661 ], [ -114.05125240047289, 28.201033340397043 ], [ -114.064773080219609, 28.260440969787972 ], [ -114.077654178497127, 28.263291466697162 ], [ -114.079171086471803, 28.271072304641478 ], [ -114.079932512799331, 28.256905588955892 ], [ -114.07643768006443, 28.250921243714444 ], [ -114.074873183968478, 28.249987306033216 ], [ -114.073979240973301, 28.249074490757621 ], [ -114.073962508168293, 28.248408385398246 ], [ -114.082579366482406, 28.257116467839658 ], [ -114.092544548590709, 28.250013777434368 ], [ -114.082015612753224, 28.246430216332616 ], [ -114.103109237302476, 28.238801961081158 ], [ -114.124955218833094, 28.256836150888212 ], [ -114.081202060424332, 28.344345600575082 ], [ -114.047353367950919, 28.442626499441268 ], [ -114.045844790158611, 28.464980344878771 ], [ -114.06921601986609, 28.488535620128651 ], [ -114.069372900304202, 28.514427924833555 ], [ -114.086581161755674, 28.522785186731991 ], [ -114.096193574013682, 28.545967665376537 ], [ -114.111019793473346, 28.556058818910586 ], [ -114.133336256185032, 28.56327171691564 ], [ -114.14966424312459, 28.559552618114079 ], [ -114.161260249236136, 28.569122972947355 ], [ -114.156302939233015, 28.619475773562925 ], [ -114.17629425370923, 28.65249491030216 ], [ -114.22494057365077, 28.666657080018656 ], [ -114.240168028850761, 28.66625414127153 ], [ -114.245412862502874, 28.652906768904565 ], [ -114.258981719427126, 28.663960601286274 ], [ -114.269226726300502, 28.660033667038093 ], [ -114.270613286570949, 28.690476175906916 ], [ -114.282825870746734, 28.703937977252693 ], [ -114.301557254133272, 28.705615425918616 ], [ -114.315951599631703, 28.726911376504489 ], [ -114.347186790671401, 28.730893483760472 ], [ -114.348620420138417, 28.772312079793117 ], [ -114.359780889734381, 28.779883457778379 ], [ -114.37311794699184, 28.811365627715549 ], [ -114.386204982512851, 28.80656506491243 ], [ -114.396867943499771, 28.816198908169127 ], [ -114.406263838820223, 28.862559730919845 ], [ -114.41744730561453, 28.879516365027776 ], [ -114.426516026863681, 28.88392729099661 ], [ -114.437809543529823, 28.875834149051531 ], [ -114.44972954661759, 28.906548426215334 ], [ -114.461238949757146, 28.907349902042981 ], [ -114.488791723273039, 28.932044174617335 ], [ -114.525876701016017, 28.93187985364921 ], [ -114.531008434414503, 28.917754562085328 ], [ -114.562516959066926, 28.97036147041522 ], [ -114.576472812453929, 28.975115263629672 ], [ -114.581413954326621, 28.965271925862098 ], [ -114.592105870984923, 28.969761475721125 ], [ -114.604696193769769, 29.001476717263685 ], [ -114.608622304716619, 29.057379774042047 ], [ -114.618506477572865, 29.063180715683984 ], [ -114.62728181722953, 29.09022544574163 ], [ -114.675841059895049, 29.113202958988701 ], [ -114.696400003332613, 29.110403779333101 ], [ -114.702646657217045, 29.101152304872905 ], [ -114.716066248538823, 29.110061731353653 ], [ -114.725352461505025, 29.135834457532106 ], [ -114.736761610524681, 29.138772902348315 ], [ -114.735607161925756, 29.161589017614119 ], [ -114.744408602501849, 29.182397346077131 ], [ -114.812644409525305, 29.213550339787965 ], [ -114.823040865860307, 29.235673478114741 ], [ -114.837535251751063, 29.236864595831957 ], [ -114.863520706035487, 29.275669632874148 ], [ -114.911596676614764, 29.314620590741164 ], [ -114.967343280267841, 29.375140554707951 ], [ -115.011956423068554, 29.385348222088712 ], [ -115.073203749432793, 29.416450750683357 ], [ -115.189494074184395, 29.428080878079037 ], [ -115.211293888706123, 29.472355681236643 ], [ -115.253266859585224, 29.516234138153234 ], [ -115.341156026487525, 29.555964996603123 ], [ -115.378555204673106, 29.55812435771869 ], [ -115.457948838508742, 29.625122786790534 ], [ -115.478380149594457, 29.626824280343989 ], [ -115.506086506530295, 29.617065640962579 ], [ -115.56372659569432, 29.663683991827178 ], [ -115.586146716593916, 29.692990553233315 ], [ -115.619266512250093, 29.695003894707867 ], [ -115.699330627893687, 29.754831033895986 ], [ -115.684765488627036, 29.833776851427277 ], [ -115.701890877840185, 29.899990495891135 ], [ -115.742880068481909, 29.947903917028377 ], [ -115.788347232426332, 29.959423859622618 ], [ -115.813492358197337, 29.949931515195676 ], [ -115.781312268841262, 30.090854798431319 ], [ -115.788094922804248, 30.116882115221561 ], [ -115.802292357128223, 30.133991177194396 ], [ -115.79527043469335, 30.238689714892491 ], [ -115.811742920816883, 30.30035401544913 ], [ -115.848883207519037, 30.356477639301868 ], [ -115.906453553367768, 30.395924165066667 ], [ -115.943597372631302, 30.403736178839569 ], [ -115.987331097665646, 30.388157564025224 ], [ -115.971608049458013, 30.410586339615161 ], [ -115.937181760588146, 30.411016746371143 ], [ -115.945154956024211, 30.436418747242612 ], [ -115.933665621629359, 30.45809229611676 ], [ -115.950716840080361, 30.462572821361725 ], [ -115.968207755078538, 30.486165031687893 ], [ -115.977956405818546, 30.484799221399047 ], [ -115.977047452253956, 30.498694679377753 ], [ -115.992806623166047, 30.498932029969527 ], [ -115.989163667536232, 30.511428958719382 ], [ -115.999582732978354, 30.497478611839604 ], [ -115.978315110479528, 30.484172665853347 ], [ -115.977606626219469, 30.469317987575177 ], [ -115.963034807178573, 30.463219429833327 ], [ -115.957323185554515, 30.438136844385429 ], [ -115.978243913739789, 30.427250346315532 ], [ -115.995308219082006, 30.451309075914985 ], [ -116.014948289519111, 30.450118156361047 ], [ -116.021506503939335, 30.455924333429046 ], [ -116.027284316608984, 30.454185178807364 ], [ -115.99471766172681, 30.406641661789109 ], [ -115.996238404062822, 30.386839763971238 ], [ -115.979034983131413, 30.364439546761734 ], [ -115.984524849785572, 30.356914426099603 ], [ -116.007531798746228, 30.36546564222586 ], [ -116.011960694966902, 30.416931552685444 ], [ -116.020095551234277, 30.432381214062517 ], [ -116.032108780576991, 30.436895231474374 ], [ -116.035948040629648, 30.458003430472139 ], [ -116.048059497109648, 30.470381385716507 ], [ -116.032200572126357, 30.574319429241722 ], [ -116.028117417299526, 30.665421853403537 ], [ -116.032545593817716, 30.69740418781026 ], [ -116.046816411477991, 30.718882393095118 ], [ -116.056777429723297, 30.793501099752635 ], [ -116.074737601286515, 30.816836473725846 ], [ -116.102191925127343, 30.821278386624225 ], [ -116.148468510020365, 30.859141029845354 ], [ -116.174685774083471, 30.861802987968815 ], [ -116.200644399156459, 30.882373771337981 ], [ -116.215354139575823, 30.914014141120639 ], [ -116.232933619595528, 30.931453450717783 ], [ -116.245458079201484, 30.933428570566686 ], [ -116.269648529812045, 30.966830114766747 ], [ -116.284474951610179, 30.969526044090387 ], [ -116.318258539392019, 30.955739447131847 ], [ -116.330555594369642, 30.959291983344773 ], [ -116.33870442637371, 30.985346687868784 ], [ -116.313192489614167, 31.095729422116136 ], [ -116.309503074467685, 31.15238206869325 ], [ -116.339932648250581, 31.207672728351913 ], [ -116.352537400524653, 31.213783000625121 ], [ -116.363511366560175, 31.247044068837241 ], [ -116.392377084518813, 31.283556422021412 ], [ -116.41647056978762, 31.292811120696914 ], [ -116.41727029434746, 31.302785093762733 ], [ -116.440193267859982, 31.325029963986854 ], [ -116.455495402519347, 31.328739959794746 ], [ -116.455708602870303, 31.346700132106427 ], [ -116.487486318279551, 31.369328382769218 ], [ -116.500634050284972, 31.410756820841279 ], [ -116.512919647770389, 31.414565819413539 ], [ -116.521741141933688, 31.434486072006266 ], [ -116.570980681469834, 31.464874035731345 ], [ -116.602459538848819, 31.463284712464521 ], [ -116.608665533205851, 31.497226646809562 ], [ -116.634166828626434, 31.517175356619255 ], [ -116.648459378726002, 31.516063800238463 ], [ -116.669166315736845, 31.552631885942716 ], [ -116.691107408336322, 31.553264679932798 ], [ -116.6920804003108, 31.571367800521301 ], [ -116.65156973719634, 31.582409009084387 ], [ -116.667618850222127, 31.617854680623047 ], [ -116.649931020276213, 31.6645394013144 ], [ -116.696465050587065, 31.716048979464766 ], [ -116.713980648996795, 31.713860521433272 ], [ -116.714886905301782, 31.724996507394749 ], [ -116.724308746693808, 31.722607695600338 ], [ -116.726642997622363, 31.733814958111161 ], [ -116.744002450920348, 31.743896323634715 ], [ -116.727513261519917, 31.749115432833616 ], [ -116.66191937016562, 31.719131751115089 ], [ -116.643354816038141, 31.734310333329553 ], [ -116.625582948887384, 31.772319580413868 ], [ -116.61898235467423, 31.775502803633312 ], [ -116.635946380383857, 31.733226250005732 ], [ -116.65280888004088, 31.720270280236697 ], [ -116.647467820371332, 31.70933074977135 ], [ -116.64128346546228, 31.709410350937553 ], [ -116.647663060271455, 31.716242680646609 ], [ -116.628095464408787, 31.732612174620456 ], [ -116.620044950718224, 31.763388522278429 ], [ -116.60997174003748, 31.770919515548414 ], [ -116.619840299131553, 31.779971543620171 ], [ -116.610080219996732, 31.814125289673864 ], [ -116.612120845529219, 31.839591233001464 ], [ -116.62128183921871, 31.841082890266385 ], [ -116.617838521181511, 31.852887872235634 ], [ -116.62641385064984, 31.860158286623761 ], [ -116.633520120039023, 31.855044852771091 ], [ -116.628804981319263, 31.851506118909818 ], [ -116.625266246145856, 31.843985118294992 ], [ -116.625930591649691, 31.840326459125894 ], [ -116.639986543838859, 31.860155934644929 ], [ -116.668916807973204, 31.861425013817254 ], [ -116.699369085590149, 31.894775724729122 ], [ -116.746386765301992, 31.902128293991563 ], [ -116.756287225551489, 31.913652499739928 ], [ -116.756458546839255, 31.944610239326067 ], [ -116.76971336120269, 31.971652522063344 ], [ -116.799482380953918, 31.982069483678305 ], [ -116.824219257870723, 31.977133530029434 ], [ -116.8511696809923, 31.985428713877528 ], [ -116.880951491249121, 32.01868485588146 ], [ -116.887603038619261, 32.048907279734699 ], [ -116.884870028984551, 32.054359938788835 ], [ -116.882110138677589, 32.053287062195949 ], [ -116.878914364019309, 32.054167937144385 ], [ -116.87776651191129, 32.055982038175991 ], [ -116.879155189416664, 32.05456700770123 ], [ -116.885282548894125, 32.055375334362168 ], [ -116.887571161353961, 32.129154230331217 ], [ -116.907789155860144, 32.165051711126971 ], [ -116.922272840605373, 32.22589773766105 ], [ -116.957092089437964, 32.25188698523155 ], [ -117.02444558782247, 32.268706740464943 ], [ -117.039260680066675, 32.285641080170961 ], [ -117.071285593664214, 32.370017512294389 ], [ -117.076679237551417, 32.367928345859376 ], [ -117.090986937050872, 32.397792960638988 ], [ -117.124505071684482, 32.48537889225539 ], [ -117.124498077772159, 32.534255842166061 ] ] ] ] } },
{ "type": "Feature", "properties": { "fid": 3, "CVEGEO": "03", "CVE_ENT": "03", "NOMGEO": "Baja California Sur", "PibCalc25": 188495, "SUP": 72023.938080502325, "Long_Carret": 2943.64, "Municipios": 5, "UE": 41861, "Dens_Carret": 0.04122, "Dens_UE": 0.58623 }, "geometry": { "type": "MultiPolygon", "coordinates": [ [ [ [ -109.894246142548496, 22.874940232142691 ], [ -109.894681817405271, 22.875314423282749 ], [ -109.89419213017473, 22.875463559216477 ], [ -109.894246142548496, 22.874940232142691 ] ] ], [ [ [ -109.893345590170256, 22.876337993303256 ], [ -109.892950783351651, 22.875902364838989 ], [ -109.893306923986032, 22.8757274262957 ], [ -109.893345590170256, 22.876337993303256 ] ] ], [ [ [ -110.149130283649825, 24.252548155399825 ], [ -110.14855274466376, 24.251913541656211 ], [ -110.14960533074472, 24.251951900473991 ], [ -110.149130283649825, 24.252548155399825 ] ] ], [ [ [ -110.339610270860092, 24.289079670011809 ], [ -110.337269035168958, 24.28837308564859 ], [ -110.341511747774192, 24.285902770310091 ], [ -110.339610270860092, 24.289079670011809 ] ] ], [ [ [ -109.800422928876316, 24.151907934292172 ], [ -109.802497383632257, 24.136711319832735 ], [ -109.873630132580161, 24.152981304651487 ], [ -109.921955053226185, 24.260361495664455 ], [ -109.918292761898542, 24.29093200781293 ], [ -109.939471095158112, 24.324976417017901 ], [ -109.934250285819346, 24.375929976043555 ], [ -109.842487241106539, 24.227238719133155 ], [ -109.819737838304661, 24.204805712994695 ], [ -109.800422928876316, 24.151907934292172 ] ] ], [ [ [ -111.614695996878339, 24.377311486975778 ], [ -111.531938479488645, 24.3664155802566 ], [ -111.437937105922643, 24.325491234143993 ], [ -111.578590398370565, 24.367602422739303 ], [ -111.663281768379647, 24.353391793347786 ], [ -111.670102935673, 24.35940604324233 ], [ -111.654944715787764, 24.375409942882939 ], [ -111.644685534231357, 24.365685440803283 ], [ -111.614695996878339, 24.377311486975778 ] ] ], [ [ [ -110.38294904738143, 24.457610626153777 ], [ -110.384677677196308, 24.456814461330918 ], [ -110.384882495652533, 24.457120129184432 ], [ -110.38294904738143, 24.457610626153777 ] ] ], [ [ [ -110.386638876024364, 24.466463956848717 ], [ -110.382086433722677, 24.466376247015187 ], [ -110.388512038725111, 24.465469008879964 ], [ -110.386638876024364, 24.466463956848717 ] ] ], [ [ [ -110.399095996006409, 24.486314468373614 ], [ -110.401791491773679, 24.481671507194651 ], [ -110.408471868060985, 24.479887089239647 ], [ -110.409212199548918, 24.482078680528591 ], [ -110.399095996006409, 24.486314468373614 ] ] ], [ [ [ -110.354104393767059, 24.531459875030865 ], [ -110.33574960392599, 24.523529516673044 ], [ -110.321364064628838, 24.502330529138334 ], [ -110.305500070784532, 24.50355151542934 ], [ -110.306474508132254, 24.48719016039778 ], [ -110.289112305511097, 24.472853310974017 ], [ -110.293782454320066, 24.458708164476871 ], [ -110.30955359498023, 24.454633626242654 ], [ -110.308046813431247, 24.425257891459875 ], [ -110.327637966706845, 24.402443825795398 ], [ -110.351583431550637, 24.405399882227883 ], [ -110.344889035148356, 24.414735124956536 ], [ -110.354646366981186, 24.415047480578714 ], [ -110.349630032569934, 24.433355990338494 ], [ -110.36269558785159, 24.437049448326864 ], [ -110.370483725496683, 24.428940841691993 ], [ -110.366544475149027, 24.443217442364212 ], [ -110.376155653260057, 24.441088236593593 ], [ -110.371513394834992, 24.446114448534864 ], [ -110.378596942747564, 24.448973346889861 ], [ -110.354508156492258, 24.456508296862488 ], [ -110.371185635527183, 24.457422009276275 ], [ -110.356396882004418, 24.46902232607 ], [ -110.376516979217826, 24.467505807921309 ], [ -110.363478572603, 24.481510847042014 ], [ -110.386494601372036, 24.474690112146078 ], [ -110.382875511602478, 24.488693820234918 ], [ -110.393254693660921, 24.497330751015539 ], [ -110.380401945865572, 24.507139089908232 ], [ -110.397291108275027, 24.509836771320114 ], [ -110.387624486785626, 24.516125055156522 ], [ -110.399444727685776, 24.518538599201701 ], [ -110.354104393767059, 24.531459875030865 ] ] ], [ [ [ -110.398168055400191, 24.591444976675731 ], [ -110.36130519120853, 24.554016258874427 ], [ -110.367936323641175, 24.530741227050676 ], [ -110.378046996933278, 24.540094511554312 ], [ -110.384521129265039, 24.531406255874771 ], [ -110.393338696750334, 24.532832059035385 ], [ -110.389043519551535, 24.538988338382808 ], [ -110.399064954619988, 24.536348448267617 ], [ -110.374919301113607, 24.551586920107919 ], [ -110.383122924021677, 24.557012328365815 ], [ -110.409866847430095, 24.547590631377869 ], [ -110.404057786701799, 24.552304822051031 ], [ -110.411481423015772, 24.553850761543789 ], [ -110.392361457063416, 24.563296168591112 ], [ -110.41448944423648, 24.568328017713334 ], [ -110.395991540669456, 24.58079001399695 ], [ -110.398168055400191, 24.591444976675731 ] ] ], [ [ [ -110.404398067619823, 24.597799022590383 ], [ -110.40123379130533, 24.599112233781632 ], [ -110.399529832484788, 24.598809027114594 ], [ -110.404398067619823, 24.597799022590383 ] ] ], [ [ [ -111.991520100036311, 24.525538863026711 ], [ -111.966251962032686, 24.518051801648284 ], [ -111.868556051685388, 24.521249797847325 ], [ -111.849904098908652, 24.508520956878897 ], [ -111.84193674847063, 24.513458696857288 ], [ -111.84976252105497, 24.508012943162843 ], [ -111.821297028732445, 24.478839561189563 ], [ -111.819081751444088, 24.467196858026195 ], [ -111.780747444094459, 24.462549771004344 ], [ -111.749980098326859, 24.442003482743647 ], [ -111.741828064972694, 24.417404615334938 ], [ -111.703509224948277, 24.376673002170069 ], [ -111.709034333181506, 24.381741254278747 ], [ -111.702998751307064, 24.356418235820705 ], [ -111.696604944145122, 24.370594311201739 ], [ -111.68810194003467, 24.378972392875013 ], [ -111.693747405699114, 24.378423492044412 ], [ -111.6844389551582, 24.379717919041731 ], [ -111.700067254566477, 24.358988053927476 ], [ -111.694764430762376, 24.346076343607777 ], [ -111.710329674579128, 24.304818870431188 ], [ -111.745799820420956, 24.34825505956848 ], [ -111.867147411614212, 24.43408300313871 ], [ -111.950504141367091, 24.489961161842054 ], [ -112.004845081933311, 24.511231164048667 ], [ -111.991520100036311, 24.525538863026711 ] ] ], [ [ [ -110.566259503673919, 24.840077343460592 ], [ -110.568603702027872, 24.828979833337289 ], [ -110.560290753707449, 24.822480002272194 ], [ -110.565230471395566, 24.814216183053599 ], [ -110.567638159420056, 24.822731913608667 ], [ -110.586931461548886, 24.828204468949313 ], [ -110.58106967516099, 24.838346844417469 ], [ -110.566259503673919, 24.840077343460592 ] ] ], [ [ [ -110.605263072516294, 24.843278687004773 ], [ -110.605416286919635, 24.843323905293367 ], [ -110.605220008200959, 24.843495198274272 ], [ -110.605263072516294, 24.843278687004773 ] ] ], [ [ [ -110.581209664956333, 24.853122119587475 ], [ -110.580002491732373, 24.852986892416588 ], [ -110.580644402992334, 24.852188793725052 ], [ -110.581209664956333, 24.853122119587475 ] ] ], [ [ [ -110.603218939532184, 24.875106725788644 ], [ -110.603843933162437, 24.87439149692737 ], [ -110.603617867564083, 24.877179178389259 ], [ -110.603218939532184, 24.875106725788644 ] ] ], [ [ [ -110.510960147752144, 25.11498533852469 ], [ -110.509529610535765, 25.111295677570538 ], [ -110.511432582458838, 25.111512949364776 ], [ -110.510960147752144, 25.11498533852469 ] ] ], [ [ [ -110.706821218708697, 25.105016395413578 ], [ -110.669135791908204, 25.05249492887533 ], [ -110.603234001861466, 25.039598834951899 ], [ -110.575227746101021, 25.016098087856314 ], [ -110.566136316580454, 24.988250433283568 ], [ -110.570340110638909, 24.954138004247021 ], [ -110.525593395311375, 24.882973798134092 ], [ -110.530692579859888, 24.877332572312369 ], [ -110.589824862935657, 24.864991675649293 ], [ -110.573452386089912, 24.878551629604726 ], [ -110.574496871336592, 24.888340336362948 ], [ -110.617556786685512, 24.915150911953067 ], [ -110.641641691351339, 24.914335946538024 ], [ -110.635208817510474, 24.928834002689445 ], [ -110.655580276269731, 24.948311973348059 ], [ -110.678232149897198, 25.017149780244377 ], [ -110.713667082730169, 25.031597866801359 ], [ -110.717503666887509, 25.054361873133985 ], [ -110.706821218708697, 25.105016395413578 ] ] ], [ [ [ -110.861942481407709, 25.129402910716845 ], [ -110.860290107295114, 25.128726290521211 ], [ -110.861215051821034, 25.128029595839564 ], [ -110.861942481407709, 25.129402910716845 ] ] ], [ [ [ -110.697465871321597, 25.205559905679191 ], [ -110.695490710108061, 25.199343720121412 ], [ -110.704680822853732, 25.194080987319822 ], [ -110.697465871321597, 25.205559905679191 ] ] ], [ [ [ -110.916011922431494, 25.209881937519526 ], [ -110.916573362107272, 25.209162454446741 ], [ -110.917126741126538, 25.209941194632506 ], [ -110.916011922431494, 25.209881937519526 ] ] ], [ [ [ -110.922537790593609, 25.247618691824457 ], [ -110.920829704227799, 25.246625952480493 ], [ -110.922901643386254, 25.246753276550667 ], [ -110.922537790593609, 25.247618691824457 ] ] ], [ [ [ -110.689253618517867, 25.311557349612162 ], [ -110.710841115255349, 25.267414349389838 ], [ -110.730184258465982, 25.261808908606209 ], [ -110.731546648735716, 25.291958574938629 ], [ -110.716155480786668, 25.30447973421694 ], [ -110.689253618517867, 25.311557349612162 ] ] ], [ [ [ -115.766103709260676, 24.95848293626435 ], [ -115.765608330221738, 24.958534883480553 ], [ -115.765910846996789, 24.958272653901201 ], [ -115.766103709260676, 24.95848293626435 ] ] ], [ [ [ -115.76463368555001, 24.958914387203119 ], [ -115.764315505999519, 24.95899528185355 ], [ -115.764392098234822, 24.95883659498984 ], [ -115.76463368555001, 24.958914387203119 ] ] ], [ [ [ -115.765002566070123, 24.961015468158283 ], [ -115.764765760684298, 24.960959067940074 ], [ -115.764938490651843, 24.960934863538569 ], [ -115.765002566070123, 24.961015468158283 ] ] ], [ [ [ -110.954595612151977, 25.328530928871839 ], [ -110.953454152326145, 25.329412080187968 ], [ -110.952894300702638, 25.328586302001018 ], [ -110.954595612151977, 25.328530928871839 ] ] ], [ [ [ -112.154404093772101, 25.143675794781238 ], [ -112.162447175668532, 25.065141410193196 ], [ -112.171623989841834, 25.066355676801287 ], [ -112.171823641174896, 25.063391035049506 ], [ -112.163167345036726, 25.057668234581389 ], [ -112.179250870983154, 25.040096535402817 ], [ -112.162147699455289, 25.020030616203531 ], [ -112.164200780024046, 25.004142878786134 ], [ -112.156029822646047, 24.989193536806368 ], [ -112.165014117143571, 24.988631263611673 ], [ -112.153709475280806, 24.971232370750037 ], [ -112.178965323422617, 24.968721142719744 ], [ -112.189704881178329, 24.958653092059599 ], [ -112.185199662286294, 24.931186668384981 ], [ -112.166518034849034, 24.911717249567456 ], [ -112.17817028365387, 24.897990353422834 ], [ -112.176601597778088, 24.887194237705909 ], [ -112.188426164280017, 24.893188003885747 ], [ -112.193815552366658, 24.908925644973003 ], [ -112.180247346314246, 24.905783853699702 ], [ -112.185210097549842, 24.909728830383951 ], [ -112.176289978440479, 24.911429656644771 ], [ -112.177594840074832, 24.921394870673961 ], [ -112.196534054807202, 24.917005692830777 ], [ -112.191416259084761, 24.888536411403237 ], [ -112.181266992336674, 24.88313337523465 ], [ -112.17822452820559, 24.87018362837377 ], [ -112.193776172546407, 24.861682526254636 ], [ -112.195499351143894, 24.868248981023847 ], [ -112.206567835808954, 24.869201321052302 ], [ -112.202964276488856, 24.862330021808077 ], [ -112.21885257202554, 24.851922770797668 ], [ -112.220860965911029, 24.852634480128113 ], [ -112.218929818102382, 24.855599887815551 ], [ -112.219850827184274, 24.855357266280052 ], [ -112.219553726613697, 24.8567590731558 ], [ -112.221306614857426, 24.857670238566588 ], [ -112.232102029226454, 24.842985088847161 ], [ -112.214906495270924, 24.844171891833977 ], [ -112.208758068623908, 24.825379388386491 ], [ -112.222864605634385, 24.828750109017122 ], [ -112.218687385417894, 24.820741607319565 ], [ -112.210148740995933, 24.822947367350395 ], [ -112.18897483074997, 24.808349810221074 ], [ -112.198239798256182, 24.806470630163233 ], [ -112.194251531637306, 24.801542823718361 ], [ -112.188409363690582, 24.806125430850106 ], [ -112.178360264792985, 24.797663441150352 ], [ -112.187510934743216, 24.796705443249401 ], [ -112.172200794987688, 24.79373538794518 ], [ -112.179181449357387, 24.791547448950148 ], [ -112.165369879883642, 24.77625021642184 ], [ -112.174179166067574, 24.772712666879688 ], [ -112.171537669014469, 24.76584598428558 ], [ -112.134725897785586, 24.735849789408537 ], [ -112.130657019932798, 24.708531196653841 ], [ -112.115981485056437, 24.689074889065974 ], [ -112.143779052927755, 24.650194903761722 ], [ -112.139078526520564, 24.634707823751054 ], [ -112.103617121289091, 24.616287006801752 ], [ -112.079264456930261, 24.585470366738658 ], [ -112.072125297105771, 24.585499217194076 ], [ -112.057339096166388, 24.539580909307155 ], [ -112.101942074225533, 24.558515258059309 ], [ -112.100962833472551, 24.573997011183881 ], [ -112.114860416470364, 24.599928267984179 ], [ -112.131987120467755, 24.617430243238516 ], [ -112.146307372334576, 24.620569077145575 ], [ -112.157906588149586, 24.644399054069481 ], [ -112.174574713110786, 24.652615332609681 ], [ -112.166822429219209, 24.670796793998591 ], [ -112.147272181615193, 24.667804027136885 ], [ -112.136873938134485, 24.687303709612031 ], [ -112.139598419803107, 24.722412656769205 ], [ -112.153339808327729, 24.744815281527114 ], [ -112.188722393191028, 24.773630555264177 ], [ -112.226187006048832, 24.788680646173294 ], [ -112.262454751001655, 24.786540321007198 ], [ -112.258049475842569, 24.755951557331073 ], [ -112.260033946886523, 24.749964833393868 ], [ -112.27488654314061, 24.774662448295043 ], [ -112.304960550386241, 24.793996759401423 ], [ -112.279256422587636, 24.833082380232938 ], [ -112.216795570770927, 24.988223238055078 ], [ -112.139220008628527, 25.254832579809911 ], [ -112.127441676736836, 25.2647370859662 ], [ -112.122780806156769, 25.214973510700545 ], [ -112.154404093772101, 25.143675794781238 ] ] ], [ [ [ -112.100645376885637, 25.489213850580207 ], [ -112.096498298363841, 25.426542517093782 ], [ -112.110040099517605, 25.370444905045105 ], [ -112.103604920667621, 25.368909382856973 ], [ -112.103391009909942, 25.33208858234557 ], [ -112.11785382091702, 25.307859248813898 ], [ -112.120363969610395, 25.285511762904964 ], [ -112.133736541238733, 25.2864159586039 ], [ -112.139042738891192, 25.301073437723286 ], [ -112.116392650078467, 25.364991710312434 ], [ -112.104228845261758, 25.442928575199591 ], [ -112.107041368041052, 25.484402581030796 ], [ -112.100645376885637, 25.489213850580207 ] ] ], [ [ [ -112.120118427256145, 25.495226216218551 ], [ -112.11954652430542, 25.494951567402499 ], [ -112.119899502217436, 25.494651093320858 ], [ -112.120118427256145, 25.495226216218551 ] ] ], [ [ [ -112.120326538134492, 25.496434501692637 ], [ -112.12040126807851, 25.495639855493899 ], [ -112.120734707490826, 25.496183234719144 ], [ -112.120326538134492, 25.496434501692637 ] ] ], [ [ [ -111.132551422730884, 25.587835422212358 ], [ -111.12934269648224, 25.58663155509349 ], [ -111.130085048954939, 25.584313745491269 ], [ -111.132551422730884, 25.587835422212358 ] ] ], [ [ [ -111.151904661701579, 25.58843793741109 ], [ -111.148547633176719, 25.583176691966774 ], [ -111.153017359709096, 25.582870551992904 ], [ -111.151904661701579, 25.58843793741109 ] ] ], [ [ [ -110.772914825674434, 25.712335122948158 ], [ -110.763060311484963, 25.690560318408785 ], [ -110.769463629992288, 25.67764847352078 ], [ -110.757383118164398, 25.6297179031823 ], [ -110.758729737368753, 25.59365554778751 ], [ -110.786283882058584, 25.606059705584983 ], [ -110.804950416004303, 25.647252536888782 ], [ -110.798908320628328, 25.684744695411261 ], [ -110.78064107864823, 25.712229963322763 ], [ -110.772914825674434, 25.712335122948158 ] ] ], [ [ [ -111.034965603811145, 25.714291086260729 ], [ -111.013309877833052, 25.67875368996879 ], [ -111.029796457179344, 25.649778014429373 ], [ -111.046914637074877, 25.664368783486342 ], [ -111.059635517700499, 25.707269280504587 ], [ -111.034965603811145, 25.714291086260729 ] ] ], [ [ [ -112.088723479596482, 25.671368599898802 ], [ -112.080885079597877, 25.669891710396996 ], [ -112.08797812016401, 25.662263680154091 ], [ -112.083510860365109, 25.648785740229204 ], [ -112.08909266001983, 25.643541820257518 ], [ -112.088723479596482, 25.671368599898802 ] ] ], [ [ [ -111.22395956475728, 25.731497329491322 ], [ -111.225677470600687, 25.730343891209639 ], [ -111.224953709462582, 25.732261705601552 ], [ -111.22395956475728, 25.731497329491322 ] ] ], [ [ [ -111.042644814989217, 25.740282937195765 ], [ -111.04446876842124, 25.739424374790755 ], [ -111.043851474620254, 25.743180979579538 ], [ -111.042644814989217, 25.740282937195765 ] ] ], [ [ [ -111.048608370812076, 25.742477232965918 ], [ -111.049874159424022, 25.741782718441911 ], [ -111.049948459392894, 25.742975005805835 ], [ -111.048608370812076, 25.742477232965918 ] ] ], [ [ [ -112.092989658981267, 25.684625118105565 ], [ -112.095498204817559, 25.634770381980552 ], [ -112.088904968895321, 25.608470437963611 ], [ -112.095983020949163, 25.493573435428043 ], [ -112.102870249636553, 25.516327600190184 ], [ -112.092989658981267, 25.684625118105565 ] ] ], [ [ [ -111.228176713219327, 25.744397965917422 ], [ -111.226131090150417, 25.743447287896366 ], [ -111.227103646470269, 25.743216212159378 ], [ -111.228176713219327, 25.744397965917422 ] ] ], [ [ [ -111.275383852501392, 25.757887798633419 ], [ -111.273959355278393, 25.75710553291724 ], [ -111.275846482784658, 25.755343608261303 ], [ -111.275383852501392, 25.757887798633419 ] ] ], [ [ [ -111.281223490863255, 25.768416126529296 ], [ -111.281421972324765, 25.767185589149062 ], [ -111.281645869252714, 25.768125840562011 ], [ -111.281223490863255, 25.768416126529296 ] ] ], [ [ [ -111.259261058543828, 25.783094813920496 ], [ -111.255095257106788, 25.811980080707507 ], [ -111.247268983965427, 25.798801957449463 ], [ -111.24836814826952, 25.788594045691156 ], [ -111.243330636695319, 25.789124660759214 ], [ -111.245252354036523, 25.764686579374885 ], [ -111.259261058543828, 25.783094813920496 ] ] ], [ [ [ -111.316368657278602, 25.842362098912506 ], [ -111.316719575226657, 25.840230009844493 ], [ -111.317456277350161, 25.839974316210039 ], [ -111.316368657278602, 25.842362098912506 ] ] ], [ [ [ -111.180720287696417, 26.044842284529828 ], [ -111.17857060534071, 26.045748279208652 ], [ -111.17785489905927, 26.043903463492029 ], [ -111.180720287696417, 26.044842284529828 ] ] ], [ [ [ -111.059810251281448, 26.069769503626521 ], [ -111.084171024005741, 26.016242191053831 ], [ -111.080060505056423, 25.997997673088978 ], [ -111.069080482318299, 25.997101806319318 ], [ -111.066789595254377, 25.965935122343392 ], [ -111.101147339735576, 25.997659979860995 ], [ -111.119960822672141, 25.993894182944384 ], [ -111.132344029918244, 25.961412228108955 ], [ -111.179669130289597, 25.905234342544308 ], [ -111.181596680679803, 25.866500317375667 ], [ -111.20378616665397, 25.847910540236967 ], [ -111.204527368664287, 25.806196803715284 ], [ -111.228933123672491, 25.822500599003114 ], [ -111.233286348126285, 25.848148808855832 ], [ -111.214554089899195, 25.869798350137593 ], [ -111.219790044863615, 25.884308287732775 ], [ -111.197774082199473, 25.955757554214195 ], [ -111.167902289889312, 25.989345420050959 ], [ -111.172604732981654, 26.004153315600167 ], [ -111.162612550208863, 26.019272799976143 ], [ -111.175438580138518, 26.041727339690503 ], [ -111.135004490675286, 26.051903149829865 ], [ -111.128478819119266, 26.067511224798409 ], [ -111.103815704934647, 26.051545041376869 ], [ -111.059810251281448, 26.069769503626521 ] ] ], [ [ [ -111.305622691612072, 26.10629887762925 ], [ -111.303673795281227, 26.104803455485374 ], [ -111.306379028678279, 26.10484480379856 ], [ -111.305622691612072, 26.10629887762925 ] ] ], [ [ [ -111.265547798644022, 26.137300855562152 ], [ -111.263256107986919, 26.106142439458225 ], [ -111.297119049644124, 26.098575571577339 ], [ -111.27971656373677, 26.111270093060753 ], [ -111.28837454100487, 26.120341593543269 ], [ -111.279128014175456, 26.135352185016551 ], [ -111.265547798644022, 26.137300855562152 ] ] ], [ [ [ -111.436001080362203, 26.641628699132927 ], [ -111.428238473303878, 26.636923899509345 ], [ -111.425094229985035, 26.62451100852617 ], [ -111.430439339099379, 26.624138209978756 ], [ -111.436001080362203, 26.641628699132927 ] ] ], [ [ [ -113.237748973850671, 26.733010975113192 ], [ -113.195924796177422, 26.718901243123913 ], [ -113.175770761606202, 26.71882985926586 ], [ -113.135551124163484, 26.65817692705534 ], [ -113.261484098130424, 26.708859445822181 ], [ -113.262911773605182, 26.714927072071983 ], [ -113.237748973850671, 26.733010975113192 ] ] ], [ [ [ -113.236378420075468, 26.772035889725988 ], [ -113.195547220352779, 26.749729259890898 ], [ -113.192504859753058, 26.738803970313658 ], [ -113.215065599608693, 26.738626289908659 ], [ -113.219063949657453, 26.75965560013724 ], [ -113.236378420075468, 26.772035889725988 ] ] ], [ [ [ -111.91528742111565, 26.878180344446168 ], [ -111.913660873441287, 26.878301737182717 ], [ -111.915396089541019, 26.87758498000246 ], [ -111.91528742111565, 26.878180344446168 ] ] ], [ [ [ -113.157117490211618, 26.916648650107337 ], [ -113.149258860060797, 26.904477080320916 ], [ -113.154693080135019, 26.891035459941261 ], [ -113.151864719639235, 26.898715830454567 ], [ -113.16250468017401, 26.903456749570953 ], [ -113.157117490211618, 26.916648650107337 ] ] ], [ [ [ -113.162047429529267, 26.931895249692673 ], [ -113.162025569630018, 26.925330429937134 ], [ -113.160001000298095, 26.919747970163996 ], [ -113.167831619583765, 26.927852370407251 ], [ -113.162047429529267, 26.931895249692673 ] ] ], [ [ [ -111.908612540721933, 27.040969947975967 ], [ -111.915888289041916, 27.033948434021735 ], [ -111.908841962354828, 27.042852499502743 ], [ -111.908612540721933, 27.040969947975967 ] ] ], [ [ [ -111.909246145161774, 27.058955150984733 ], [ -111.909760022226607, 27.059744426211637 ], [ -111.909237803054012, 27.059926102708623 ], [ -111.909246145161774, 27.058955150984733 ] ] ], [ [ [ -112.069135055900986, 27.165378345588216 ], [ -112.067787863115285, 27.16485529991262 ], [ -112.067710669660897, 27.164078302004373 ], [ -112.069135055900986, 27.165378345588216 ] ] ], [ [ [ -112.088213019762833, 27.258863923713033 ], [ -112.046623511494587, 27.224561911023095 ], [ -112.050611487892965, 27.217233170684594 ], [ -112.043374066882023, 27.208352678663946 ], [ -112.059381460545666, 27.179652541609489 ], [ -112.075615823854633, 27.177616122435527 ], [ -112.084831124376123, 27.185746624048797 ], [ -112.088417051538045, 27.21595023205942 ], [ -112.108432490465248, 27.238582438889924 ], [ -112.088213019762833, 27.258863923713033 ] ] ], [ [ [ -114.293277571838303, 27.110556846359547 ], [ -114.289008459684354, 27.101308342895191 ], [ -114.289910809485619, 27.098510009246876 ], [ -114.295315015101565, 27.101498616712714 ], [ -114.293277571838303, 27.110556846359547 ] ] ], [ [ [ -114.293579712475918, 27.112225802734248 ], [ -114.293224284970591, 27.112974654016714 ], [ -114.293060212680288, 27.112525495892896 ], [ -114.293579712475918, 27.112225802734248 ] ] ], [ [ [ -114.375556192065176, 27.150733826118746 ], [ -114.372086863370811, 27.145358075569316 ], [ -114.384753144633081, 27.145954344316866 ], [ -114.375556192065176, 27.150733826118746 ] ] ], [ [ [ -111.901301636193111, 27.449301422421129 ], [ -111.869121192814561, 27.454512915319238 ], [ -111.857460873893174, 27.433321335849826 ], [ -111.895349505171268, 27.430644992951887 ], [ -111.901301636193111, 27.449301422421129 ] ] ], [ [ [ -114.710963943943469, 27.513629617156411 ], [ -114.710399436522167, 27.513972490105264 ], [ -114.710218569558066, 27.513835340095003 ], [ -114.710963943943469, 27.513629617156411 ] ] ], [ [ [ -114.709972548388393, 27.51493341885196 ], [ -114.709529406572344, 27.514643396909815 ], [ -114.709981511374934, 27.5146298311363 ], [ -114.709972548388393, 27.51493341885196 ] ] ], [ [ [ -114.711188397133142, 27.51582976430954 ], [ -114.710697943042447, 27.51547621964184 ], [ -114.71102149739184, 27.515389032808194 ], [ -114.711188397133142, 27.51582976430954 ] ] ], [ [ [ -112.74141014245717, 27.842393937658713 ], [ -112.737133986517321, 27.842191954867339 ], [ -112.736466681803464, 27.841199542834246 ], [ -112.74141014245717, 27.842393937658713 ] ] ], [ [ [ -114.179727450329352, 27.768846429947356 ], [ -114.165967479742136, 27.763382319983325 ], [ -114.159023179977993, 27.745359200023071 ], [ -114.16463823021958, 27.742192830266077 ], [ -114.146002120345003, 27.721436289718472 ], [ -114.179737199967221, 27.757167380301954 ], [ -114.183410320093188, 27.752800110098395 ], [ -114.179727450329352, 27.768846429947356 ] ] ], [ [ [ -114.224642629593291, 27.766324059785951 ], [ -114.212748570150097, 27.75118033985115 ], [ -114.220088369775198, 27.753918060266173 ], [ -114.185213949928283, 27.721336780412393 ], [ -114.228199830400868, 27.745850719855561 ], [ -114.223315740214147, 27.736640600116363 ], [ -114.247528449876583, 27.743515880337121 ], [ -114.248895579583518, 27.755372429686226 ], [ -114.225904420107497, 27.751215519829422 ], [ -114.232819680418842, 27.759088770365274 ], [ -114.230244309552305, 27.764991599834687 ], [ -114.221108619963118, 27.760063979907226 ], [ -114.224642629593291, 27.766324059785951 ] ] ], [ [ [ -112.760043577520918, 27.902231657840609 ], [ -112.760482961590938, 27.902519830908059 ], [ -112.759704230435787, 27.903427957330596 ], [ -112.760043577520918, 27.902231657840609 ] ] ], [ [ [ -115.224299923851433, 27.893564587788667 ], [ -115.22229528818113, 27.893613191002284 ], [ -115.222796656542258, 27.892670693022204 ], [ -115.224299923851433, 27.893564587788667 ] ] ], [ [ [ -115.215678347788526, 27.896193629203349 ], [ -115.162113941609903, 27.870381821642326 ], [ -115.166312360418914, 27.85278499913473 ], [ -115.178300096408876, 27.849656832020546 ], [ -115.180211955195105, 27.866195673147789 ], [ -115.218750767570739, 27.888197262372483 ], [ -115.215678347788526, 27.896193629203349 ] ] ], [ [ [ -114.205440446740013, 28.000000025657553 ], [ -112.764778196468072, 28.000000001200103 ], [ -112.756315747251705, 27.96754465269353 ], [ -112.766885312356465, 27.939357557997152 ], [ -112.76132927115188, 27.896731893993433 ], [ -112.771599620095103, 27.863154725280108 ], [ -112.735475832378157, 27.826696622857899 ], [ -112.719693106227027, 27.82547755140093 ], [ -112.716003860385698, 27.785923395237024 ], [ -112.707165851006252, 27.779399132920819 ], [ -112.70115840318293, 27.751408123694059 ], [ -112.661118049201249, 27.709440452988613 ], [ -112.63806702036284, 27.706115077226979 ], [ -112.642335393651038, 27.702839550791101 ], [ -112.643199139415486, 27.695322833977635 ], [ -112.637159851006103, 27.704848013581394 ], [ -112.623244524948504, 27.678187997673049 ], [ -112.59807823505561, 27.664738886573954 ], [ -112.595379926185842, 27.650484012145977 ], [ -112.530017017848181, 27.638038357680585 ], [ -112.487473484056835, 27.621089299024451 ], [ -112.467791912759438, 27.599230418209878 ], [ -112.418764844408429, 27.590545295714666 ], [ -112.360277651410655, 27.552593071230412 ], [ -112.355542524422546, 27.534485372868605 ], [ -112.330108715483192, 27.517611503064089 ], [ -112.318137116018605, 27.460843721912862 ], [ -112.321682036766759, 27.443267595915696 ], [ -112.31764526001632, 27.437695720100116 ], [ -112.31498551038608, 27.437046280285266 ], [ -112.315042648464967, 27.435772601055948 ], [ -112.312372892932089, 27.433873791140119 ], [ -112.312070701033434, 27.432938662773587 ], [ -112.317978738418432, 27.428941503682609 ], [ -112.297919882270719, 27.404152279175438 ], [ -112.302218058437816, 27.383912998657632 ], [ -112.29108700292295, 27.371831968199775 ], [ -112.286997751698834, 27.373625922327765 ], [ -112.286054889425131, 27.37268008632174 ], [ -112.291662356711697, 27.36956101008596 ], [ -112.286924848647189, 27.364366647016496 ], [ -112.270152027518051, 27.357570906091805 ], [ -112.262290618349354, 27.33326887613325 ], [ -112.243478271253196, 27.325636160171999 ], [ -112.243856299084555, 27.317425532226366 ], [ -112.241317125544896, 27.325797368624809 ], [ -112.212668917634602, 27.265431136304191 ], [ -112.194990711562198, 27.249965828585641 ], [ -112.193441683219817, 27.244251552648638 ], [ -112.193595158149662, 27.234439846027229 ], [ -112.195693843218166, 27.228183053270129 ], [ -112.199302296404284, 27.224474662798293 ], [ -112.202393929326149, 27.211427840774888 ], [ -112.204452163466684, 27.207056294852741 ], [ -112.193697593765904, 27.243587564896625 ], [ -112.196117505786788, 27.25064385656891 ], [ -112.207183747625422, 27.249309296470731 ], [ -112.198052008463989, 27.24146032666135 ], [ -112.210991149679316, 27.221040830074692 ], [ -112.213133589542593, 27.224282720400986 ], [ -112.216379175265743, 27.224035255874426 ], [ -112.212922449354167, 27.204343114843144 ], [ -112.190991234812742, 27.194701796316444 ], [ -112.165103650620551, 27.165111295005147 ], [ -112.131945782706822, 27.158206991819924 ], [ -112.097520206447669, 27.133119218253967 ], [ -112.070654663763833, 27.134016749578599 ], [ -112.055125349233904, 27.123088361621864 ], [ -112.009200261134325, 27.11681133908375 ], [ -111.992769878515418, 27.096473083920994 ], [ -111.952223547178704, 27.094938608818502 ], [ -111.945953686810881, 27.069861371354019 ], [ -111.973599453658736, 27.068131755315395 ], [ -112.006454535871313, 27.033047237063052 ], [ -112.014877448490154, 26.97469567789426 ], [ -112.007557276426809, 26.957532272646194 ], [ -111.955867293300912, 26.914166000964553 ], [ -111.952489440587442, 26.901240468374596 ], [ -111.973696908572961, 26.89750670899943 ], [ -111.98252233020888, 26.888659873049296 ], [ -111.953494492190785, 26.899177883759467 ], [ -111.937392022140202, 26.883295555798323 ], [ -111.915827205437878, 26.877417096686717 ], [ -111.911895116055533, 26.857841165290019 ], [ -111.872485735396495, 26.831740978346247 ], [ -111.86167166003672, 26.784156238744323 ], [ -111.874625682770485, 26.776273561132001 ], [ -111.876505814097996, 26.755827851822254 ], [ -111.883390232550113, 26.765591836109685 ], [ -111.891331793976576, 26.763285962154928 ], [ -111.897539806955066, 26.753009069727987 ], [ -111.891026033052825, 26.748858099730839 ], [ -111.901239007981616, 26.742026604619642 ], [ -111.909129691786958, 26.719960062717309 ], [ -111.863004639474937, 26.69334878180279 ], [ -111.846139216066447, 26.6439801908075 ], [ -111.806411693451693, 26.626205652179635 ], [ -111.782601615960544, 26.567876734807662 ], [ -111.764106946331424, 26.55392308101959 ], [ -111.711196935287447, 26.552405015852774 ], [ -111.677104184216191, 26.588433674117521 ], [ -111.715574754252984, 26.631101138126088 ], [ -111.759320955525808, 26.660870614198313 ], [ -111.765474241787146, 26.676475118926501 ], [ -111.794465594807278, 26.688339112096557 ], [ -111.814448309360429, 26.715776676779488 ], [ -111.82399741937482, 26.820216959546176 ], [ -111.836478285556893, 26.833996417660838 ], [ -111.851082554483682, 26.87942707976141 ], [ -111.832698690708497, 26.883730305740475 ], [ -111.8219506415886, 26.896276121428112 ], [ -111.801682827126342, 26.889152287330464 ], [ -111.791562325318083, 26.874467146012428 ], [ -111.748116192870754, 26.846004627894761 ], [ -111.721589781236389, 26.807001282810258 ], [ -111.682106184814302, 26.780167596054067 ], [ -111.665990914508512, 26.781253093623938 ], [ -111.646992109334334, 26.745047215955186 ], [ -111.626458549986154, 26.741074706233601 ], [ -111.626839141431233, 26.732759995558677 ], [ -111.610621134567296, 26.727618430243925 ], [ -111.607717078768729, 26.719091228199176 ], [ -111.571974773306721, 26.707927990967594 ], [ -111.561195814874566, 26.697033033901935 ], [ -111.567840460128707, 26.670139176257614 ], [ -111.567394230025684, 26.562703900695219 ], [ -111.555394607784521, 26.550604342328118 ], [ -111.502994518884179, 26.530569110634978 ], [ -111.460393244154858, 26.537716774108702 ], [ -111.462131559025494, 26.528644127419824 ], [ -111.442140040905656, 26.518270914857872 ], [ -111.452652024236727, 26.515018666906101 ], [ -111.455090881067264, 26.488046162821522 ], [ -111.471957392895746, 26.459496497563308 ], [ -111.468939936652461, 26.412312871968883 ], [ -111.451092909117051, 26.393033289229038 ], [ -111.424786482270179, 26.380990147362297 ], [ -111.421393984628537, 26.372799187937929 ], [ -111.434447113274913, 26.369719689786695 ], [ -111.434024442501197, 26.36246158200974 ], [ -111.422934169792782, 26.349400323722616 ], [ -111.396125611479249, 26.340892716200475 ], [ -111.387067003243828, 26.323525030690639 ], [ -111.383042935783962, 26.280643687133622 ], [ -111.394872923685369, 26.276855869165868 ], [ -111.397875803419296, 26.256324689170629 ], [ -111.377507714885198, 26.215855286771838 ], [ -111.379046294723906, 26.188347567154079 ], [ -111.361355437988848, 26.167561350049183 ], [ -111.344747057723666, 26.11167332445676 ], [ -111.323828265040731, 26.100279275128987 ], [ -111.318959003187913, 26.069214025262603 ], [ -111.345661603639783, 26.02791153765957 ], [ -111.335279605435048, 26.003076471064219 ], [ -111.338204274522312, 25.988107601664748 ], [ -111.358648190325383, 25.959966767373956 ], [ -111.355234940091151, 25.928782969574087 ], [ -111.336756060578949, 25.907524771284265 ], [ -111.342051036513183, 25.877690593163496 ], [ -111.332950832910043, 25.835810952405549 ], [ -111.325095813788295, 25.830928550328672 ], [ -111.315999936249213, 25.837144217971325 ], [ -111.302621517679938, 25.824879412198012 ], [ -111.299726984950823, 25.81781501804824 ], [ -111.29200801369943, 25.812784837082958 ], [ -111.302040891986806, 25.808035145990093 ], [ -111.299943396721332, 25.813215231694212 ], [ -111.308993110903771, 25.814797931793862 ], [ -111.305709426246949, 25.825960219957224 ], [ -111.317344157307971, 25.82999102658383 ], [ -111.319683454111072, 25.815808447705297 ], [ -111.307050830267016, 25.811663800001607 ], [ -111.306206613858393, 25.773470937343689 ], [ -111.254289630890909, 25.740181562618428 ], [ -111.243089983344078, 25.721415468008573 ], [ -111.223904388637919, 25.72533455884707 ], [ -111.211829478001704, 25.702476161282835 ], [ -111.216008356412985, 25.691138952928391 ], [ -111.204177319940371, 25.671189550210411 ], [ -111.193401817382636, 25.613466454679156 ], [ -111.171871570663413, 25.595013195707914 ], [ -111.164686121999111, 25.573261409216673 ], [ -111.145103915526946, 25.565574565993931 ], [ -111.142466997450228, 25.549995283405845 ], [ -111.121851143887341, 25.528601614391302 ], [ -111.084253429646878, 25.524618740271126 ], [ -111.069582119008857, 25.531085533033281 ], [ -111.075012167465829, 25.523204151035795 ], [ -111.068248195815627, 25.514040053991536 ], [ -111.053181679535513, 25.521170690410035 ], [ -111.040492119989779, 25.515564286683986 ], [ -111.038247454852225, 25.521531261349995 ], [ -111.016536658743931, 25.514600910969069 ], [ -111.014323274215826, 25.504785684261524 ], [ -111.022630720334789, 25.497114720423902 ], [ -111.013446321628578, 25.477186659079653 ], [ -111.026196714497274, 25.457960609627222 ], [ -111.024857745253357, 25.444036218585513 ], [ -111.00374420632626, 25.41623547522763 ], [ -111.000647606937889, 25.387931149946859 ], [ -110.987332339786335, 25.370847650024359 ], [ -110.979669742595831, 25.341469625785184 ], [ -110.955453952539713, 25.329411224184742 ], [ -110.943887020176035, 25.305412829926418 ], [ -110.947436485940145, 25.297166136128336 ], [ -110.933116922115261, 25.29157561713555 ], [ -110.946173252004158, 25.257714513849503 ], [ -110.934037946999581, 25.215506770325828 ], [ -110.921667724399327, 25.210377841574321 ], [ -110.906422100891874, 25.18303117163655 ], [ -110.912412632026999, 25.174501519297824 ], [ -110.907535759694028, 25.145944150968649 ], [ -110.87935068695279, 25.126260415860827 ], [ -110.862976247892234, 25.080711227610184 ], [ -110.829047202577243, 25.063185383262692 ], [ -110.816161230992705, 25.034842434134784 ], [ -110.798403339189008, 25.029533162345043 ], [ -110.790003348788517, 25.035935055332555 ], [ -110.757127644875283, 25.014015461001534 ], [ -110.761910360989091, 25.005753971695562 ], [ -110.748764829733943, 24.987785670235798 ], [ -110.749679072848295, 24.965929436206075 ], [ -110.720321994654753, 24.925428065098647 ], [ -110.699160101666664, 24.915403714624205 ], [ -110.708034301892567, 24.907833102756726 ], [ -110.685209724351452, 24.883804410587999 ], [ -110.684733830534569, 24.857511366742713 ], [ -110.657067123623193, 24.806228429735079 ], [ -110.663490453316882, 24.771659304098577 ], [ -110.683104524167391, 24.743126707194889 ], [ -110.690117810538908, 24.70718007478759 ], [ -110.72661874252158, 24.67476527210971 ], [ -110.740538590248079, 24.614909336433502 ], [ -110.729261346333757, 24.51499544995313 ], [ -110.686805426599975, 24.461852033346371 ], [ -110.693159356640578, 24.406092029114902 ], [ -110.678530430592204, 24.396622964436933 ], [ -110.685084404041802, 24.381539799357405 ], [ -110.681029801723966, 24.357126529436648 ], [ -110.640193491717625, 24.315029104627516 ], [ -110.634993179779741, 24.291685403257546 ], [ -110.611452716129975, 24.255605170100509 ], [ -110.582016254926756, 24.240301486839094 ], [ -110.55697358589272, 24.210192381566134 ], [ -110.422367367587611, 24.177182257881256 ], [ -110.324435057974483, 24.176219765985586 ], [ -110.340803846684338, 24.158766300614083 ], [ -110.371043941163279, 24.149000517411743 ], [ -110.403754866610129, 24.170728921877362 ], [ -110.433410089676244, 24.171610511716747 ], [ -110.426132507534902, 24.16340137195289 ], [ -110.429485295184278, 24.142066029613201 ], [ -110.415160821172122, 24.128534749095174 ], [ -110.42360255376235, 24.118185877712701 ], [ -110.413644509687458, 24.107904226670538 ], [ -110.392115028466819, 24.103898167337643 ], [ -110.351203558863759, 24.114006354589833 ], [ -110.345517586987782, 24.124978894652859 ], [ -110.351986032155793, 24.142506360618693 ], [ -110.321664481394549, 24.156213782217467 ], [ -110.30470225556256, 24.175076721330207 ], [ -110.299755081445682, 24.211771173978928 ], [ -110.300762805853523, 24.215986853572467 ], [ -110.302485512103672, 24.217095218148486 ], [ -110.303135104703898, 24.216587203433395 ], [ -110.305173112545873, 24.216551511088422 ], [ -110.305836982585376, 24.217361718008572 ], [ -110.301182756597427, 24.218735857288198 ], [ -110.299358900229336, 24.214791900174653 ], [ -110.298359526991845, 24.215127403941345 ], [ -110.300770158564063, 24.219002594208145 ], [ -110.312472894165722, 24.220242104989783 ], [ -110.306458806023855, 24.233166147346068 ], [ -110.31347580093481, 24.250432543007488 ], [ -110.327495822547405, 24.244343741090862 ], [ -110.31110205137486, 24.261253498861223 ], [ -110.324212881357766, 24.257892510133882 ], [ -110.323014941077446, 24.271414036408959 ], [ -110.331777068089707, 24.277129024795784 ], [ -110.330607919983009, 24.257185216343604 ], [ -110.336470282719361, 24.25846404587984 ], [ -110.337099090209989, 24.275341693074605 ], [ -110.327463462011451, 24.28198023018151 ], [ -110.337452439804821, 24.295361724245115 ], [ -110.32697234209698, 24.301180576673008 ], [ -110.337445628186501, 24.302794328227467 ], [ -110.339906229274007, 24.31594929723569 ], [ -110.319588487371576, 24.318788311148655 ], [ -110.31550366668155, 24.312920916886945 ], [ -110.316330290554887, 24.322051860697112 ], [ -110.334341582211536, 24.328555799799361 ], [ -110.305537730837401, 24.339321552789126 ], [ -110.297170320504691, 24.352394499942694 ], [ -110.283513083416452, 24.353416051836277 ], [ -110.233363558216055, 24.343851058358933 ], [ -110.235712453073205, 24.318025586048297 ], [ -110.211935788131896, 24.298128013166377 ], [ -110.19332189852642, 24.293931000927305 ], [ -110.174274551869871, 24.252304186041478 ], [ -110.151444574730519, 24.249178050998875 ], [ -110.123732176324125, 24.22605822077513 ], [ -110.089259532956603, 24.21623475487204 ], [ -110.041326192154656, 24.179251407230566 ], [ -110.017721775214554, 24.170032744498403 ], [ -109.997882617067205, 24.129409465438112 ], [ -109.983770271971835, 24.043430973420204 ], [ -109.929784466023094, 24.029048321223353 ], [ -109.826628028542245, 24.060813655236519 ], [ -109.825280778864439, 24.040002412603304 ], [ -109.803987060616777, 24.021865433412493 ], [ -109.813911491380622, 23.998682623418919 ], [ -109.835460806073584, 23.984844449130058 ], [ -109.837502569575975, 23.93275268977991 ], [ -109.825843761685519, 23.912048645675103 ], [ -109.772838544872343, 23.875086233905801 ], [ -109.699256919621504, 23.798952983835697 ], [ -109.71323198614057, 23.737675294568199 ], [ -109.695685931337181, 23.692158453325877 ], [ -109.697358932234394, 23.663151368192473 ], [ -109.637119301571417, 23.62702065896773 ], [ -109.583218799273553, 23.612340932267639 ], [ -109.587245203919792, 23.600815952815235 ], [ -109.583400470821601, 23.598326655706867 ], [ -109.585040871982741, 23.605321794690852 ], [ -109.58046956993347, 23.602526167132638 ], [ -109.584872469003216, 23.607248414734809 ], [ -109.582853655469961, 23.611152515916665 ], [ -109.57531016931641, 23.600850638823061 ], [ -109.52011483546778, 23.584607605675586 ], [ -109.509458766333594, 23.567715870601955 ], [ -109.471048078842742, 23.557809104842931 ], [ -109.479498480031324, 23.519744321557859 ], [ -109.423117039226966, 23.445432546900985 ], [ -109.431911111320233, 23.413795829276669 ], [ -109.415326346922527, 23.40357348610079 ], [ -109.413109609361641, 23.387220251151884 ], [ -109.431691685143122, 23.376831088034475 ], [ -109.424894041211402, 23.306084240272977 ], [ -109.439000793974429, 23.273419475199834 ], [ -109.437925475509317, 23.236263556642438 ], [ -109.458455584932352, 23.196096827041753 ], [ -109.532447664209272, 23.1116774955922 ], [ -109.576380214805539, 23.084075393387323 ], [ -109.608839670482354, 23.080700488041412 ], [ -109.670356395872176, 23.055937490705492 ], [ -109.67269778556971, 23.064072867790301 ], [ -109.677121339596795, 23.063675602103324 ], [ -109.67152893144933, 23.055475272933197 ], [ -109.714344304955091, 23.029171138852327 ], [ -109.71288456773712, 23.005581333008578 ], [ -109.733031183596069, 22.989305781862232 ], [ -109.759695959265059, 22.983864519733668 ], [ -109.794768650267628, 22.964038756210773 ], [ -109.806742986042266, 22.949981174991873 ], [ -109.808524789621316, 22.93322393979652 ], [ -109.842901302371459, 22.902625435283653 ], [ -109.891883773965617, 22.895404424281399 ], [ -109.905445195038652, 22.881674656271876 ], [ -109.90854770081333, 22.881570154166493 ], [ -109.909454634395999, 22.886325799730542 ], [ -109.911453380736916, 22.88563099792913 ], [ -109.90909073937803, 22.881855569958091 ], [ -109.911433156191407, 22.880440203427977 ], [ -109.909975735781515, 22.87864370980547 ], [ -109.895626151128539, 22.875282471607822 ], [ -109.963968400413805, 22.87210085630204 ], [ -109.989878966905238, 22.884600127702182 ], [ -110.061357974289166, 22.949074002559712 ], [ -110.085630784570185, 22.991277900600789 ], [ -110.101498139606392, 23.028004542945354 ], [ -110.114254312781625, 23.098881886293885 ], [ -110.153338109736254, 23.229464390565965 ], [ -110.166353149849996, 23.312848920400835 ], [ -110.215392668501465, 23.382998042162363 ], [ -110.21524484377575, 23.393920363391416 ], [ -110.230144732052665, 23.403404001803178 ], [ -110.234170642582129, 23.426273606940104 ], [ -110.26430056764724, 23.476747924116683 ], [ -110.329319339446485, 23.560177774845403 ], [ -110.386126919622853, 23.600017969689382 ], [ -110.557208053377238, 23.672252569871425 ], [ -110.612530521862951, 23.70744479764636 ], [ -110.683257740372071, 23.768745579853356 ], [ -110.823421660044986, 23.91709394035988 ], [ -110.874794949552523, 23.95578626023768 ], [ -110.954480034244213, 24.033918486830093 ], [ -111.008089289574229, 24.070657365077505 ], [ -111.010697996544621, 24.082061188408513 ], [ -111.032767498484176, 24.100472267157947 ], [ -111.274387302328449, 24.242874235211449 ], [ -111.4337897058397, 24.321046400557307 ], [ -111.436549881223783, 24.325733938548264 ], [ -111.364493467957416, 24.291271986987262 ], [ -111.358631838668899, 24.288814098668176 ], [ -111.357037599831457, 24.288778406581027 ], [ -111.356234359324347, 24.289901416694743 ], [ -111.478072902937441, 24.349098660178996 ], [ -111.475525989511127, 24.362034889662052 ], [ -111.527081403866973, 24.410452859625536 ], [ -111.542179084033094, 24.414533634837959 ], [ -111.556887628188434, 24.40476145321179 ], [ -111.55862010465971, 24.416032611800933 ], [ -111.560191603565315, 24.406348290284178 ], [ -111.564337888720772, 24.413574619063226 ], [ -111.570863486591236, 24.405812911013893 ], [ -111.576133992727705, 24.416282538640338 ], [ -111.583331862088428, 24.414914348777199 ], [ -111.58222541259299, 24.433176712083991 ], [ -111.594043083323655, 24.427988725704786 ], [ -111.61070552553069, 24.440633955170373 ], [ -111.629325730972099, 24.515781319253669 ], [ -111.651273878558797, 24.547199722194652 ], [ -111.65265396601238, 24.552453571612084 ], [ -111.646110340628553, 24.544899247093742 ], [ -111.63688041215002, 24.548457136715733 ], [ -111.658072569076481, 24.570238922443075 ], [ -111.691969295777056, 24.585186893086743 ], [ -111.697543068664757, 24.571657079859975 ], [ -111.68822509874424, 24.558170295936041 ], [ -111.702644633170976, 24.53786873376735 ], [ -111.732423841142662, 24.541246556898336 ], [ -111.725592154933253, 24.553563659150161 ], [ -111.732502110218206, 24.560073863898904 ], [ -111.736585265320201, 24.549708931766837 ], [ -111.752908367235023, 24.541999479426135 ], [ -111.793530526096745, 24.545540115577193 ], [ -111.810567466379766, 24.568183066899028 ], [ -111.814469781690661, 24.558617634398477 ], [ -111.803800278487017, 24.538696786726845 ], [ -111.75821932444245, 24.51563505111347 ], [ -111.79787194537019, 24.518207159808462 ], [ -111.816567276813956, 24.506549793336607 ], [ -111.8223808869474, 24.519272771625943 ], [ -111.817043168566755, 24.576267999621006 ], [ -111.840718805664636, 24.636617080157997 ], [ -111.902075044414332, 24.708090500580141 ], [ -111.937024567160591, 24.736206211672538 ], [ -111.939924184713291, 24.747294409342278 ], [ -111.911379330547362, 24.724112602160311 ], [ -111.926781461075578, 24.748867904374492 ], [ -111.959027917422105, 24.76955017890343 ], [ -111.970555413964121, 24.784667885741985 ], [ -111.968212757358444, 24.793676143541116 ], [ -111.975363038422174, 24.794223419684148 ], [ -111.976718218309642, 24.784560811073497 ], [ -111.964243694684441, 24.759499336263733 ], [ -111.974294539491524, 24.756177608297236 ], [ -111.965062229849337, 24.746926263816601 ], [ -111.947044951225479, 24.75558750168906 ], [ -111.946911701974116, 24.752322881375932 ], [ -111.962682768630941, 24.747468780674456 ], [ -111.965061278239247, 24.737434118098253 ], [ -111.98475433729746, 24.738736761909035 ], [ -111.988676442539969, 24.748972120375157 ], [ -111.996964574241574, 24.739775039131903 ], [ -111.983926284268705, 24.737080657005219 ], [ -112.030059274021838, 24.735548283728797 ], [ -112.029583382002883, 24.744085789918277 ], [ -112.024628188140554, 24.741330015608966 ], [ -112.018810405566214, 24.744982488669841 ], [ -112.032425681056054, 24.758124251752449 ], [ -112.029374815862184, 24.764898181312802 ], [ -112.03859522656154, 24.766313959915806 ], [ -112.032233226958681, 24.773869343155024 ], [ -112.045285637238933, 24.787226210016581 ], [ -112.027493656630327, 24.7946175681159 ], [ -112.028172553724801, 24.801182939428106 ], [ -112.037024922634743, 24.804844302784733 ], [ -112.035786828874308, 24.811146932143515 ], [ -112.037577372744707, 24.818802848193965 ], [ -112.037696346343139, 24.810462837169375 ], [ -112.054019448680023, 24.829040478082025 ], [ -112.037654705935225, 24.8343347791292 ], [ -112.028041683008212, 24.82957585656904 ], [ -112.033109935310563, 24.821759327867778 ], [ -112.023895472381994, 24.815001658789392 ], [ -112.030281530225835, 24.822885970563426 ], [ -112.024704488754026, 24.827583059261052 ], [ -112.025632478719416, 24.837374541420097 ], [ -112.038494417153132, 24.846067426413491 ], [ -112.030017588366221, 24.83565133524916 ], [ -112.047833801767766, 24.834152275102575 ], [ -112.051551710122169, 24.835776256728099 ], [ -112.046067052133978, 24.837596543774755 ], [ -112.049433988868188, 24.839999799695974 ], [ -112.05696141418683, 24.829464735745052 ], [ -112.040412263092605, 24.800435311923028 ], [ -112.05059171593058, 24.804075014557576 ], [ -112.050332831007012, 24.812358910205848 ], [ -112.054467143702325, 24.808742128998031 ], [ -112.056376662288997, 24.812751521037885 ], [ -112.060356106373533, 24.812085580020909 ], [ -112.056402043126951, 24.812344157607416 ], [ -112.055271798885414, 24.808364508948198 ], [ -112.049904764732275, 24.800742273108543 ], [ -112.04415527398227, 24.798849719343323 ], [ -112.050686894824594, 24.797344709558836 ], [ -112.05145516430332, 24.784219729537089 ], [ -112.040595527542322, 24.752775580860781 ], [ -112.066160456643445, 24.745913215909205 ], [ -112.078324260544619, 24.729951791197838 ], [ -112.064957416392232, 24.762048506782399 ], [ -112.076866618043226, 24.764213816687867 ], [ -112.094600363369651, 24.79646474457811 ], [ -112.109340392945853, 24.800065781732915 ], [ -112.090577666996225, 24.778365660552065 ], [ -112.114040342434436, 24.789888200863782 ], [ -112.120138529560109, 24.783948900004351 ], [ -112.117138180555926, 24.804835392339687 ], [ -112.093798383836031, 24.801215387836574 ], [ -112.095166237788561, 24.81192618531048 ], [ -112.101846575096886, 24.81217483905111 ], [ -112.091080328060357, 24.833155725269787 ], [ -112.101713544757118, 24.842443356121322 ], [ -112.099665304302405, 24.850689835939804 ], [ -112.107041752737715, 24.842474289290283 ], [ -112.11618893528069, 24.848831018641015 ], [ -112.122546914571871, 24.876245384115023 ], [ -112.117348526332208, 24.881400508236506 ], [ -112.115009515616237, 24.880353545188068 ], [ -112.118030241258538, 24.878536231928035 ], [ -112.117643578687492, 24.876305486738104 ], [ -112.119089101086146, 24.874812374800968 ], [ -112.119636377867863, 24.871510873456941 ], [ -112.119162427924081, 24.870253996870289 ], [ -112.114488338048318, 24.880012296110912 ], [ -112.116855245424219, 24.884875688776521 ], [ -112.098654290042276, 24.901891831056009 ], [ -112.095822732234879, 24.899542113556048 ], [ -112.082759491391414, 24.901255325085458 ], [ -112.087119853015608, 24.895639798403302 ], [ -112.084246653783353, 24.892980750112766 ], [ -112.0792723914372, 24.907462149751481 ], [ -112.083037750245353, 24.903605617268116 ], [ -112.087770498519362, 24.906010657308862 ], [ -112.105007907642971, 24.899824058006736 ], [ -112.094694668896096, 24.919899790100757 ], [ -112.106059630406563, 24.91590148120946 ], [ -112.111441970871411, 24.935768195726837 ], [ -112.104361724497807, 24.938463095753349 ], [ -112.096781106412479, 24.926165567630534 ], [ -112.092186183020985, 24.933069292572242 ], [ -112.081291462654249, 24.923252590244047 ], [ -112.084522534138841, 24.92857047518158 ], [ -112.07633028582552, 24.933383144919961 ], [ -112.09845011376818, 24.94040041193615 ], [ -112.087526839649101, 24.93803142197503 ], [ -112.083710185193695, 24.945048452742412 ], [ -112.079398601217079, 24.938700051377708 ], [ -112.078181269902728, 24.950306703259699 ], [ -112.090894729621581, 24.943996371614283 ], [ -112.104600370287045, 24.950735414003319 ], [ -112.101242053145612, 24.944636805986239 ], [ -112.110436649232867, 24.941676398195874 ], [ -112.107841548711633, 24.957934362934484 ], [ -112.094494516873496, 24.961533263441705 ], [ -112.104018131344702, 24.982955506527478 ], [ -112.096690498723504, 25.000615931064704 ], [ -112.10077365404436, 25.00947704360501 ], [ -112.110397808815605, 25.000454831705763 ], [ -112.102184180938053, 24.994149109397711 ], [ -112.109499962599656, 24.978747680423552 ], [ -112.119938856133629, 24.986005916115122 ], [ -112.118120605740401, 24.972594323869188 ], [ -112.139273102008048, 24.948589185290494 ], [ -112.13764737336939, 24.934636858099847 ], [ -112.130402893674628, 24.932600126120768 ], [ -112.136192772718985, 24.925830173717102 ], [ -112.127201349146219, 24.922480624382104 ], [ -112.144057595185913, 24.904884291693346 ], [ -112.136826188584465, 24.882670271889676 ], [ -112.143207889662463, 24.880787927697924 ], [ -112.140911077896348, 24.868383595304639 ], [ -112.151570057196935, 24.866743292343767 ], [ -112.135405459179097, 24.861975310312665 ], [ -112.13678875537201, 24.841419778141312 ], [ -112.145288182094276, 24.835246627795534 ], [ -112.143357066775792, 24.803864701626484 ], [ -112.160038585154467, 24.832945099238152 ], [ -112.144021348629607, 24.849671731920793 ], [ -112.151444086703407, 24.851651602000477 ], [ -112.145597165250024, 24.855650065971485 ], [ -112.149419054555707, 24.862093918843531 ], [ -112.154877370326403, 24.845854246799664 ], [ -112.172860047938556, 24.829834630453092 ], [ -112.165415918834867, 24.820826320976721 ], [ -112.166649476929237, 24.818354098775366 ], [ -112.168724421482622, 24.821525265227912 ], [ -112.176353939544981, 24.820010882269042 ], [ -112.166663887659965, 24.812173780068747 ], [ -112.17597603043366, 24.817053250234714 ], [ -112.188867777645697, 24.851770226912194 ], [ -112.184995975034511, 24.860633951627243 ], [ -112.178632309924097, 24.851501768783805 ], [ -112.156756267524543, 24.868277648040667 ], [ -112.160849113247508, 24.874953722868248 ], [ -112.173156169073366, 24.867093771296144 ], [ -112.163023883096656, 24.881655313346833 ], [ -112.167915330904705, 24.884514373971864 ], [ -112.156991571283356, 24.922018872591273 ], [ -112.160948938473595, 24.934078165610273 ], [ -112.180300821885083, 24.938474826243979 ], [ -112.183573672102511, 24.959699436836154 ], [ -112.170796010214076, 24.967915475184444 ], [ -112.14484138262965, 24.965691833735406 ], [ -112.152428119543544, 24.977624044664182 ], [ -112.122259432184222, 25.038081731736074 ], [ -112.130744443611448, 25.046974678875806 ], [ -112.120184350291296, 25.072428454412421 ], [ -112.138401503959429, 25.077016054264917 ], [ -112.154385402491286, 25.064977793316118 ], [ -112.151339824391826, 25.088682789626777 ], [ -112.156972833773139, 25.094442885438642 ], [ -112.146564838382119, 25.111900170723803 ], [ -112.147292138034658, 25.103403212339384 ], [ -112.144076331648904, 25.101666297909283 ], [ -112.140525397488133, 25.10738078088993 ], [ -112.151220984487423, 25.119371306990079 ], [ -112.149664775969569, 25.135319843018671 ], [ -112.130330371801179, 25.18294965827101 ], [ -112.107906331291403, 25.187232687699442 ], [ -112.124808915623575, 25.191201744975359 ], [ -112.114450046565324, 25.210596615774055 ], [ -112.116296509381357, 25.225682398628987 ], [ -112.114288244390934, 25.231697675544769 ], [ -112.114051531997532, 25.222506128242578 ], [ -112.09381547952826, 25.221390171940829 ], [ -112.1085204314317, 25.232896923589376 ], [ -112.114021743963988, 25.233001621430759 ], [ -112.116410722628075, 25.229499053584313 ], [ -112.114550659434727, 25.240559956095783 ], [ -112.093474383172818, 25.237864573160099 ], [ -112.084711132369236, 25.244391558892325 ], [ -112.085886996999221, 25.235809385391871 ], [ -112.081217240464753, 25.232872353767277 ], [ -112.07718856816723, 25.242289030988534 ], [ -112.077111544757102, 25.257928853902076 ], [ -112.086542706840248, 25.256491876926752 ], [ -112.075121184650826, 25.279492358452114 ], [ -112.084183912749751, 25.299600609416832 ], [ -112.072946416278938, 25.300277488279022 ], [ -112.076732653807554, 25.330140201334448 ], [ -112.070457909456252, 25.333059687355288 ], [ -112.077645344187303, 25.341772613314809 ], [ -112.07014417220816, 25.352501794794836 ], [ -112.086950504796476, 25.354918146633583 ], [ -112.085403210486831, 25.36618737089757 ], [ -112.077360127727843, 25.361309968587079 ], [ -112.072967806782302, 25.367488838201513 ], [ -112.085959380496405, 25.370974379859668 ], [ -112.074828839161839, 25.372391762390645 ], [ -112.074985707949793, 25.376663135308814 ], [ -112.09345342189205, 25.37156066216469 ], [ -112.087356936812043, 25.392606972115331 ], [ -112.093781419859781, 25.399615153443058 ], [ -112.078080297844537, 25.406449024620166 ], [ -112.09055135274086, 25.413984513960155 ], [ -112.085809641980887, 25.432975722050081 ], [ -112.075306575429153, 25.414834641662051 ], [ -112.067128016382043, 25.431043895088962 ], [ -112.068397677268095, 25.447215128689407 ], [ -112.074901443721927, 25.439846739263359 ], [ -112.088597626293222, 25.443007848060674 ], [ -112.082532709014956, 25.457628659933523 ], [ -112.08761136587124, 25.462696676733998 ], [ -112.066178339295377, 25.463096452713383 ], [ -112.080402540353603, 25.466224529743169 ], [ -112.058411779044221, 25.475759944005816 ], [ -112.083289043612893, 25.469649488356204 ], [ -112.090520225725712, 25.478850863934969 ], [ -112.086579837583713, 25.485382484096068 ], [ -112.085601880328383, 25.480606905612674 ], [ -112.07788443863825, 25.483601130703487 ], [ -112.085711617249345, 25.48527030461668 ], [ -112.080340891372785, 25.508546536958573 ], [ -112.070497061273031, 25.504920238617718 ], [ -112.07857740859275, 25.498390829657417 ], [ -112.075326544922163, 25.49031300161063 ], [ -112.063801455367823, 25.49294327670296 ], [ -112.07045648736208, 25.494625248611001 ], [ -112.067834444251588, 25.512337018754994 ], [ -112.080033197906715, 25.51371902942439 ], [ -112.063162690516833, 25.521556665715963 ], [ -112.069547656022038, 25.533902074079069 ], [ -112.064469928979847, 25.556350104786848 ], [ -112.084653692130104, 25.557945420133038 ], [ -112.066152702413277, 25.563966256180347 ], [ -112.074324131456081, 25.576868866614138 ], [ -112.061727104680386, 25.5874291910945 ], [ -112.063081879583805, 25.617870119956333 ], [ -112.069947406411529, 25.615229671099733 ], [ -112.073958103558283, 25.623467903765736 ], [ -112.065224209306152, 25.626019943892345 ], [ -112.070815977769314, 25.626193835313746 ], [ -112.065030852601367, 25.636899799997476 ], [ -112.073247076541378, 25.646936513770786 ], [ -112.064293086964014, 25.651986052657151 ], [ -112.075996437212453, 25.662334075271598 ], [ -112.07054589172877, 25.679421140241484 ], [ -112.086028398313971, 25.675877373657279 ], [ -112.081367033933645, 25.695764909158964 ], [ -112.071783015189069, 25.689235597579597 ], [ -112.079237839558473, 25.707421906712842 ], [ -112.075339393890729, 25.727865458724324 ], [ -112.080608754305629, 25.729310744271135 ], [ -112.082709891872895, 25.700794278712515 ], [ -112.093209611197224, 25.698784445250933 ], [ -112.088576679999392, 25.707544611742115 ], [ -112.09518533641095, 25.735812164594929 ], [ -112.098548935158291, 25.738385398255254 ], [ -112.090682623982431, 25.71134799881639 ], [ -112.09444455241686, 25.715152756710481 ], [ -112.097187576641261, 25.692549088135451 ], [ -112.107205107623969, 25.779470799454554 ], [ -112.12933409646125, 25.814972356740011 ], [ -112.191006924090843, 25.983462906684395 ], [ -112.234275043027679, 26.035278049822384 ], [ -112.276381985384049, 26.058691945542073 ], [ -112.270956813650386, 26.070760572325074 ], [ -112.289706966704628, 26.055189379185709 ], [ -112.30862844051282, 26.07173139204188 ], [ -112.327968700185068, 26.145304327089519 ], [ -112.374923178101838, 26.210385926199034 ], [ -112.366154863614781, 26.221616981800306 ], [ -112.377338331390618, 26.214585675264605 ], [ -112.410365248609295, 26.245280721624241 ], [ -112.454801684158454, 26.262091614113384 ], [ -112.473682706509862, 26.258653292719881 ], [ -112.478179887730406, 26.238475463054328 ], [ -112.49783423557426, 26.231575026089722 ], [ -112.579148016606482, 26.281699760670076 ], [ -112.570892476675624, 26.286455113035924 ], [ -112.581460853247037, 26.284569390960726 ], [ -112.614011878851088, 26.302086982331634 ], [ -112.619237176400731, 26.308996936856932 ], [ -112.612898291975299, 26.305027996180829 ], [ -112.610899544304516, 26.312808834200244 ], [ -112.615539493017195, 26.319304762101353 ], [ -112.620222271577049, 26.310353230304674 ], [ -112.652992208567127, 26.325210585323845 ], [ -112.680041922253096, 26.314664813114852 ], [ -112.710954539932914, 26.35655957985605 ], [ -112.761727629439122, 26.396239875146286 ], [ -112.763967604865911, 26.391385775127024 ], [ -112.791887297075732, 26.40709021728772 ], [ -112.900113194161477, 26.490941659627982 ], [ -112.96289614194697, 26.528617728112845 ], [ -112.98163422205694, 26.530539758145583 ], [ -113.084851851794937, 26.6186040596351 ], [ -113.13484432755132, 26.636093098956437 ], [ -113.124540071895851, 26.638791407302303 ], [ -113.124568625108594, 26.65196886165419 ], [ -113.111990793818649, 26.659335674093697 ], [ -113.086363999275392, 26.641432609278169 ], [ -113.082080969589668, 26.622844260007621 ], [ -113.08136713127746, 26.635450643551501 ], [ -113.07625604917807, 26.628455029293335 ], [ -113.069999933135463, 26.639610038697533 ], [ -113.052882090313545, 26.640195386561849 ], [ -113.09696874394804, 26.697430941769635 ], [ -113.146726045432516, 26.751376108337915 ], [ -113.151925166528869, 26.748830085389496 ], [ -113.140903111750873, 26.758307071608705 ], [ -113.150842512722164, 26.772232083968031 ], [ -113.140579504590804, 26.780826291238121 ], [ -113.149557603640233, 26.793016676179619 ], [ -113.128966248040456, 26.791740819103083 ], [ -113.125520789025799, 26.796042885128347 ], [ -113.146416714661754, 26.802534520363938 ], [ -113.152448649053937, 26.790113733188914 ], [ -113.169747330130562, 26.795586492904555 ], [ -113.172864423954067, 26.766009793165434 ], [ -113.186060835330451, 26.764491838829731 ], [ -113.186132219187655, 26.756020958196842 ], [ -113.186441548829208, 26.760970237444852 ], [ -113.188428398833778, 26.764503737100441 ], [ -113.21020046666105, 26.762683449062507 ], [ -113.245020970998056, 26.787935245605112 ], [ -113.217181277070665, 26.797363860323479 ], [ -113.214058234900861, 26.789362923174149 ], [ -113.195201005510356, 26.792575194621985 ], [ -113.209299312792993, 26.796293102701433 ], [ -113.13829349706117, 26.857961218661963 ], [ -113.131583417289008, 26.892510992707169 ], [ -113.138579032487456, 26.937482805881526 ], [ -113.165636202770969, 26.992777095090652 ], [ -113.1758678854995, 26.991617107981611 ], [ -113.169264880840842, 26.979600829856189 ], [ -113.188003137362614, 26.968149673759076 ], [ -113.201030685635743, 26.927996268670682 ], [ -113.196479965798773, 26.89545714032915 ], [ -113.203767066231009, 26.850515070190543 ], [ -113.231249840351083, 26.835227032909646 ], [ -113.252932679248602, 26.845309998886904 ], [ -113.27176016392967, 26.819522591328862 ], [ -113.2663468898985, 26.815566736933651 ], [ -113.273629208290245, 26.787436966753901 ], [ -113.263580767303779, 26.783800932074254 ], [ -113.271373501683939, 26.765895487896181 ], [ -113.266733553497275, 26.753224858382197 ], [ -113.285249973678802, 26.7522623858064 ], [ -113.368678176253496, 26.797483430599026 ], [ -113.457830435303237, 26.805306466431517 ], [ -113.455160764780445, 26.811503282204235 ], [ -113.445995081307004, 26.808133965328988 ], [ -113.413558268664801, 26.807034654086536 ], [ -113.448550621898733, 26.810318310273356 ], [ -113.412058019409031, 26.81351690106424 ], [ -113.410166346518906, 26.818353155241915 ], [ -113.432830713025567, 26.81644958638768 ], [ -113.42101287236197, 26.825701822877683 ], [ -113.400085513462813, 26.811734386843149 ], [ -113.391072957334401, 26.814625432306311 ], [ -113.396176901318782, 26.82583864157268 ], [ -113.416997184632365, 26.83255467069797 ], [ -113.433225108975591, 26.826528686301284 ], [ -113.453981313757922, 26.831398118140218 ], [ -113.465414624515049, 26.829559984333763 ], [ -113.470165337212634, 26.815609315257401 ], [ -113.473187251560347, 26.82534606970497 ], [ -113.485272535441808, 26.819328413405735 ], [ -113.487421188372565, 26.813467800388061 ], [ -113.473522090265575, 26.811772339143644 ], [ -113.478602239317212, 26.810189997953874 ], [ -113.479595664139268, 26.808042534113227 ], [ -113.463839667106868, 26.812550620540538 ], [ -113.466457073479745, 26.804008355730186 ], [ -113.510530063475045, 26.789527608747381 ], [ -113.521483035293159, 26.752986770284828 ], [ -113.549046711832588, 26.737510755375347 ], [ -113.546975153083423, 26.718851973996276 ], [ -113.569732317754202, 26.714925863279682 ], [ -113.576813594402452, 26.704746529053601 ], [ -113.61527520236109, 26.716567691004954 ], [ -113.64087344280945, 26.730873011079122 ], [ -113.659646317628201, 26.757479396982387 ], [ -113.699865040462825, 26.790935366349515 ], [ -113.665858160175873, 26.775224231061227 ], [ -113.658813250497417, 26.759733305083195 ], [ -113.64449320754747, 26.756478915754613 ], [ -113.643407976416981, 26.738369928811235 ], [ -113.589510596245191, 26.714093447935607 ], [ -113.606416666865812, 26.732391504198219 ], [ -113.637013173737472, 26.739678633067751 ], [ -113.641720144019914, 26.75850264759254 ], [ -113.656205598505835, 26.761754418791305 ], [ -113.670941879364648, 26.785560608726346 ], [ -113.691694467096823, 26.795860938883692 ], [ -113.708423504634581, 26.788917275154628 ], [ -113.733978177581548, 26.799751810331241 ], [ -113.7872162384852, 26.918030850809934 ], [ -113.855287859434029, 26.970797777954097 ], [ -113.907162036486397, 26.99140608240246 ], [ -113.952248062997043, 26.998984664783602 ], [ -113.975866592719896, 26.993159744833484 ], [ -113.983005002718002, 26.97220781473106 ], [ -114.0031305591029, 26.969502253104729 ], [ -114.05282118426851, 27.020229884070105 ], [ -114.060327913085075, 27.050176347848538 ], [ -114.090613691557749, 27.086479785439238 ], [ -114.157478925561591, 27.128731873662986 ], [ -114.196042910791363, 27.142658617388619 ], [ -114.260575190119596, 27.151554519259307 ], [ -114.290032917001298, 27.14350480328174 ], [ -114.296343843303404, 27.122739840531292 ], [ -114.33179555123273, 27.156025527066365 ], [ -114.362194354850089, 27.162876351684577 ], [ -114.382215377840723, 27.179491461689032 ], [ -114.396205356777756, 27.182037745347881 ], [ -114.415014996582826, 27.168660415166038 ], [ -114.435204246479117, 27.177116661794596 ], [ -114.42718534480025, 27.189233153386478 ], [ -114.434430804141357, 27.209244419594512 ], [ -114.455774871299482, 27.220511893126019 ], [ -114.479317670067047, 27.216780172618336 ], [ -114.487794684950799, 27.228294535260819 ], [ -114.488240343695011, 27.345794375732552 ], [ -114.499633203394552, 27.391765562977266 ], [ -114.514082479717189, 27.416866497299669 ], [ -114.564017849218303, 27.450519213594248 ], [ -114.576816481170496, 27.451798830333683 ], [ -114.601895957086896, 27.478747267610267 ], [ -114.713188038514048, 27.521450849855899 ], [ -114.737948562359236, 27.524231900388859 ], [ -114.758946572983177, 27.548321164286634 ], [ -114.768405527791103, 27.581678635839197 ], [ -114.79359450201224, 27.614995849351118 ], [ -114.830404764295949, 27.631095281529969 ], [ -114.843858235905074, 27.627568920777389 ], [ -114.847017846976357, 27.616946378909077 ], [ -114.874017277137952, 27.643364499788291 ], [ -114.871456466247693, 27.649882334967256 ], [ -114.856615767109844, 27.637839882579136 ], [ -114.847259726770673, 27.647938316296319 ], [ -114.84643167378826, 27.675697107644606 ], [ -114.865940496952646, 27.695309959450334 ], [ -114.878235549851027, 27.699177629222188 ], [ -114.893507851706843, 27.690046840024745 ], [ -114.900605052660239, 27.663505969418299 ], [ -114.933863489426074, 27.678029405638313 ], [ -114.936688372466065, 27.69831765063147 ], [ -114.953880278892072, 27.716334015064412 ], [ -114.990211860052611, 27.72877995373311 ], [ -115.006815681597473, 27.716432319619233 ], [ -115.016983485252666, 27.739305602191806 ], [ -115.025934065755877, 27.740653327626529 ], [ -115.05209215918353, 27.819997765414115 ], [ -115.082446420924015, 27.847947265578835 ], [ -115.054761284777371, 27.861751226781063 ], [ -115.00911370523184, 27.828752861721458 ], [ -114.865964112979327, 27.830482525986316 ], [ -114.834967640726006, 27.809339598083163 ], [ -114.787284797400261, 27.815712703941735 ], [ -114.761966665493659, 27.805845337802776 ], [ -114.736869194214464, 27.808514470764589 ], [ -114.702563017259081, 27.788224508993565 ], [ -114.669990684333129, 27.789362826226 ], [ -114.638698818066331, 27.776925875672326 ], [ -114.605412932385732, 27.773948573051836 ], [ -114.533134080394163, 27.786199800518457 ], [ -114.50089498627085, 27.772140511028603 ], [ -114.400412350132768, 27.818534594673398 ], [ -114.394734956109119, 27.814822634743379 ], [ -114.406541842175287, 27.814470475351868 ], [ -114.401460502823355, 27.80772321619208 ], [ -114.390820752704428, 27.804203453813393 ], [ -114.394552333409862, 27.808817767542482 ], [ -114.391102113701535, 27.810172871267262 ], [ -114.386393551908085, 27.803110978304623 ], [ -114.360011278282471, 27.815124281790833 ], [ -114.337835695745312, 27.808053001434292 ], [ -114.330750851459655, 27.788963774709554 ], [ -114.324689173917562, 27.787684815133879 ], [ -114.327847908908282, 27.798570849278658 ], [ -114.342999126982903, 27.814513237403784 ], [ -114.336443711628093, 27.815506662226017 ], [ -114.337573956123506, 27.812930896094187 ], [ -114.329543275217901, 27.80250885726025 ], [ -114.335717975679486, 27.830640033807043 ], [ -114.330264252299656, 27.827563391362148 ], [ -114.333770386839902, 27.834857034205939 ], [ -114.328392804902833, 27.830450271706344 ], [ -114.324840269819148, 27.836977729030004 ], [ -114.33223087557424, 27.842631328193242 ], [ -114.332391238938541, 27.846263239616039 ], [ -114.322684149401582, 27.843835237553705 ], [ -114.333646795827093, 27.8503860380908 ], [ -114.327222250684827, 27.851304509620299 ], [ -114.332427559583863, 27.85913436422215 ], [ -114.341178027519618, 27.857796511846217 ], [ -114.338498755214559, 27.850762824584265 ], [ -114.346474708348325, 27.854098830349535 ], [ -114.343733569439863, 27.847022313319222 ], [ -114.352233003654277, 27.848207284242257 ], [ -114.356940768074438, 27.834130393251503 ], [ -114.369149916432463, 27.84223172288258 ], [ -114.383124219053684, 27.820632908872657 ], [ -114.391155375984724, 27.822504116985911 ], [ -114.380263155342533, 27.835743438388892 ], [ -114.341809162258727, 27.863526025146744 ], [ -114.307166112681699, 27.872282440710695 ], [ -114.293241507355972, 27.859688429765665 ], [ -114.295133654854283, 27.846285402009176 ], [ -114.303010621923875, 27.856703634044099 ], [ -114.296022620788506, 27.845645803107249 ], [ -114.295640004478386, 27.834911578829274 ], [ -114.296534681128264, 27.830672331082969 ], [ -114.29871426746881, 27.827405806595198 ], [ -114.296342421443441, 27.838425567365714 ], [ -114.303876745584262, 27.846157862933129 ], [ -114.297766289707695, 27.836950300896785 ], [ -114.309020188675177, 27.841709223280333 ], [ -114.299355770468622, 27.828466095304794 ], [ -114.30478665201764, 27.811874588613492 ], [ -114.304198448952278, 27.8181658842093 ], [ -114.311774652571643, 27.827101236311609 ], [ -114.305393890421911, 27.818392408599344 ], [ -114.314079874640655, 27.827666596425036 ], [ -114.32250697358829, 27.82128583330552 ], [ -114.306871059841725, 27.808090293979085 ], [ -114.305793640329384, 27.801798999027628 ], [ -114.307015731062052, 27.806597895832994 ], [ -114.311452950338534, 27.807043330534114 ], [ -114.307283896202762, 27.796189896167217 ], [ -114.31023943292972, 27.790317795026244 ], [ -114.314664397712207, 27.79444735031058 ], [ -114.31186864977235, 27.784529281073354 ], [ -114.321050338772068, 27.775991150199314 ], [ -114.31539483587342, 27.771959391427632 ], [ -114.313900534985194, 27.77685156283815 ], [ -114.315526182664129, 27.779042570975349 ], [ -114.315394836086739, 27.779358563318887 ], [ -114.314827573216462, 27.779659326775995 ], [ -114.298745986081968, 27.747898994725958 ], [ -114.240249315545796, 27.695668874364532 ], [ -114.227700991319409, 27.688717041293827 ], [ -114.20013171595933, 27.691283373080044 ], [ -114.160956270337877, 27.67219533572953 ], [ -114.147093529514549, 27.65670861521248 ], [ -114.15268288404647, 27.66205883337695 ], [ -114.126520711528173, 27.598848451307905 ], [ -114.128323152479823, 27.587866049304434 ], [ -114.113139811543917, 27.586588277924871 ], [ -114.108116768614877, 27.600088744923919 ], [ -114.112340312561116, 27.586523438389445 ], [ -114.107568303454869, 27.60057177562771 ], [ -114.106993664212283, 27.600868018657209 ], [ -114.110730607119621, 27.589878478157367 ], [ -114.101614892249046, 27.585905967904768 ], [ -114.080225396324224, 27.596696262807686 ], [ -114.072076931116712, 27.592970027862339 ], [ -114.090067988340849, 27.612194382577801 ], [ -114.021041608537786, 27.661343041777329 ], [ -113.969656421733106, 27.658584478986448 ], [ -113.959366836778216, 27.651479278904382 ], [ -113.963620123757238, 27.664840548384539 ], [ -113.955965397386819, 27.655817632053612 ], [ -113.926123514364221, 27.678366783256401 ], [ -113.925071791642353, 27.700874104945036 ], [ -113.915818907674804, 27.709543340238643 ], [ -113.927496845440089, 27.72728317567109 ], [ -113.948330234806804, 27.733342021965459 ], [ -113.94235078942863, 27.741569104186098 ], [ -113.945151173072304, 27.744943611851294 ], [ -113.952394913622769, 27.737669333256367 ], [ -113.97305224933119, 27.751988974346045 ], [ -113.976560763611772, 27.74278640810974 ], [ -113.977422128809224, 27.745520408720949 ], [ -113.973073663526023, 27.752974069821477 ], [ -113.972242043312775, 27.752773005966294 ], [ -113.981862203852302, 27.759316524161381 ], [ -113.987856066233434, 27.754207820746391 ], [ -113.990604342906664, 27.762124287595551 ], [ -114.028830802675913, 27.741298441435745 ], [ -114.039799284563159, 27.757287049822235 ], [ -114.045200067253163, 27.78967686796328 ], [ -114.05230573326655, 27.787249818178974 ], [ -114.055634004259062, 27.80005429258831 ], [ -114.071180807248481, 27.812211256385556 ], [ -114.078188319565655, 27.80306520328568 ], [ -114.082658731577865, 27.804323342988312 ], [ -114.084865681906038, 27.802514952860324 ], [ -114.08554382797972, 27.800658973258258 ], [ -114.073346116107089, 27.801528666263213 ], [ -114.079680241998446, 27.798651898087947 ], [ -114.051148124744486, 27.763346644625621 ], [ -114.044307721438798, 27.737393545646739 ], [ -114.07442455932528, 27.736713019729848 ], [ -114.070129632188937, 27.731040087774179 ], [ -114.078294722897084, 27.723016391593227 ], [ -114.082155399441433, 27.726555245539036 ], [ -114.074781478999398, 27.732836580818297 ], [ -114.076892031416747, 27.739114040883692 ], [ -114.082740746471515, 27.726374406754672 ], [ -114.105268293367899, 27.7138688521642 ], [ -114.100197066656804, 27.715367912111518 ], [ -114.097947047788864, 27.715378798106343 ], [ -114.096019684814323, 27.714112924872506 ], [ -114.098305751635422, 27.70685884058074 ], [ -114.123334112501738, 27.711414914006291 ], [ -114.146428269478605, 27.726177722822438 ], [ -114.158980431160074, 27.776219647613733 ], [ -114.177258520706019, 27.799468284140204 ], [ -114.175816101698743, 27.813187050677765 ], [ -114.165777749829033, 27.821967261635386 ], [ -114.161774306602666, 27.829441744319372 ], [ -114.177910027373017, 27.819629441066585 ], [ -114.178582224746293, 27.822948788958261 ], [ -114.133530104820849, 27.882441263288758 ], [ -114.135668645542196, 27.874957858175652 ], [ -114.134285584394107, 27.873494489894185 ], [ -114.130418959571841, 27.873107827010625 ], [ -114.13436886484179, 27.879353911919715 ], [ -114.127253036312538, 27.890016314582066 ], [ -114.158754223590222, 27.901612620280687 ], [ -114.166609419879649, 27.906883126146681 ], [ -114.168388067396947, 27.911993019099118 ], [ -114.20315496686132, 27.915922104050765 ], [ -114.172418278732565, 27.922269315728709 ], [ -114.169500464666513, 27.912626550039587 ], [ -114.167415462692787, 27.912189324102378 ], [ -114.167584998724152, 27.910636725650587 ], [ -114.164042577257078, 27.909473763818589 ], [ -114.152109579804815, 27.919428834196875 ], [ -114.145563087435065, 27.906773075664816 ], [ -114.151568251864177, 27.903310960425916 ], [ -114.144266280646463, 27.901764311190018 ], [ -114.142259864981128, 27.910590141104205 ], [ -114.144315124962475, 27.910625833299111 ], [ -114.150968692153398, 27.920191265901508 ], [ -114.146343614655393, 27.917826676907548 ], [ -114.147762368847864, 27.916393051258215 ], [ -114.147450064711649, 27.915881466920865 ], [ -114.146557767358658, 27.915732750736332 ], [ -114.135918007424522, 27.918916171963186 ], [ -114.153502224390721, 27.920822716093838 ], [ -114.16393913396179, 27.915067393831269 ], [ -114.157687100802292, 27.926893314756569 ], [ -114.16600629091873, 27.928377504008239 ], [ -114.16359708731315, 27.937632714901039 ], [ -114.158653757462204, 27.934476954579733 ], [ -114.154230934146241, 27.936008732940863 ], [ -114.153882936718915, 27.937876610050566 ], [ -114.156637162894526, 27.942278612705369 ], [ -114.144162839369045, 27.939693923131994 ], [ -114.155102410787862, 27.943379113937098 ], [ -114.157398590522519, 27.941856259022686 ], [ -114.154855542086935, 27.935842170741086 ], [ -114.163811237782141, 27.938168094305883 ], [ -114.168263804958372, 27.928450970416879 ], [ -114.16583675527859, 27.9192543528182 ], [ -114.172588474811292, 27.924135223374048 ], [ -114.171417371845237, 27.949074721612998 ], [ -114.159070348599784, 27.947861197067404 ], [ -114.168980804455288, 27.952303650758655 ], [ -114.177643827001262, 27.943063014437964 ], [ -114.179276137127431, 27.948462010704237 ], [ -114.186710762715862, 27.953102852449266 ], [ -114.174616558260368, 27.939485495308436 ], [ -114.179424854332211, 27.92231917073196 ], [ -114.197321374981954, 27.923789676996542 ], [ -114.1792273582451, 27.930116068828234 ], [ -114.182234997030264, 27.931153514017183 ], [ -114.196026353280729, 27.928348129563751 ], [ -114.203400896510644, 27.920251715852981 ], [ -114.213347153395446, 27.932500658073288 ], [ -114.209812226343089, 27.922900961080281 ], [ -114.224868475274292, 27.929810525400942 ], [ -114.215641877136463, 27.919691152868577 ], [ -114.23652729809082, 27.920495410206147 ], [ -114.263808461462943, 27.887454856323075 ], [ -114.27442085746344, 27.902082592722309 ], [ -114.27394139495334, 27.92972241173722 ], [ -114.205440446740013, 28.000000025657553 ] ] ] ] } },
{ "type": "Feature", "properties": { "fid": 4, "CVEGEO": "04", "CVE_ENT": "04", "NOMGEO": "Campeche", "PibCalc25": 453367, "SUP": 57508.007728181088, "Long_Carret": 4362.283, "Municipios": 13, "UE": 47408, "Dens_Carret": 0.07586, "Dens_UE": 0.82437 }, "geometry": { "type": "MultiPolygon", "coordinates": [ [ [ [ -91.957743520086822, 20.196741660283575 ], [ -91.955467420070164, 20.196527060037791 ], [ -91.955464480418996, 20.196114090360606 ], [ -91.957743520086822, 20.196741660283575 ] ] ], [ [ [ -91.978962489888445, 20.204030019785815 ], [ -91.976561140122286, 20.203187999697761 ], [ -91.976554970430499, 20.202769689700347 ], [ -91.978962489888445, 20.204030019785815 ] ] ], [ [ [ -91.961006580282387, 20.203477819833594 ], [ -91.964106679940272, 20.202405309824062 ], [ -91.962319779805668, 20.208619980351532 ], [ -91.961006580282387, 20.203477819833594 ] ] ], [ [ [ -90.496309710375797, 20.343711230331355 ], [ -90.498831879976336, 20.3430671701168 ], [ -90.498786259915562, 20.344107229649417 ], [ -90.496309710375797, 20.343711230331355 ] ] ], [ [ [ -90.464760689816856, 20.644212429893685 ], [ -90.470908169893448, 20.598392419710056 ], [ -90.478251169739266, 20.618260539799085 ], [ -90.469653709574771, 20.653066030410393 ], [ -90.464760689816856, 20.644212429893685 ] ] ], [ [ [ -90.461584979790217, 20.655516259706438 ], [ -90.462390859951569, 20.639380800019126 ], [ -90.462981679558794, 20.647546199979079 ], [ -90.46944539970643, 20.658428660280791 ], [ -90.461584979790217, 20.655516259706438 ] ] ], [ [ [ -90.458603119516368, 20.693744320321294 ], [ -90.451239279564959, 20.673915970181376 ], [ -90.456862480320638, 20.674530850081229 ], [ -90.454098940179406, 20.655891629807066 ], [ -90.46680014038202, 20.675650969642966 ], [ -90.458603119516368, 20.693744320321294 ] ] ], [ [ [ -90.379356999588566, 20.848327289654645 ], [ -90.386648780203132, 20.555585800186332 ], [ -90.341138110092572, 20.553701119633885 ], [ -90.335236110451746, 20.576347709758746 ], [ -90.33523610988351, 20.541312309971708 ], [ -90.22924097030365, 20.543562889921418 ], [ -90.23250803027463, 20.519894049891594 ], [ -90.223766654488443, 20.519164969160784 ], [ -90.234207990094006, 20.47046661936945 ], [ -90.18478790015412, 20.46104613910806 ], [ -90.186297570053696, 20.436932319025779 ], [ -90.13157125026342, 20.443077579306834 ], [ -90.100973511808832, 20.425251769773705 ], [ -90.067210651853642, 20.425225889258879 ], [ -90.04168845008877, 20.46645149002326 ], [ -90.005624720381988, 20.477367200479083 ], [ -90.004173680051437, 20.487021880063196 ], [ -89.837963880093781, 20.287175880222652 ], [ -89.872382309929421, 20.287628090379481 ], [ -89.875660689983661, 20.2531019507983 ], [ -89.840678168757861, 20.251027510123649 ], [ -89.846164908516798, 20.209686980862259 ], [ -89.802505279482062, 20.201605080952135 ], [ -89.802870859953103, 20.164906602146015 ], [ -89.793974780132586, 20.136171941562818 ], [ -89.748474169710377, 20.179269720789605 ], [ -89.598703889618832, 19.998197379589378 ], [ -89.604670078716367, 19.938284969463982 ], [ -89.595841749412173, 19.937422049666235 ], [ -89.597445880236293, 19.921122340897103 ], [ -89.586810339795477, 19.920460029781278 ], [ -89.587499749731137, 19.874420050004328 ], [ -89.525672369875565, 19.775554649880032 ], [ -89.475909460316601, 19.771220201300324 ], [ -89.479149430373909, 19.740645550245286 ], [ -89.491661820350217, 19.742228450176267 ], [ -89.477220080169232, 19.711054950231645 ], [ -89.468295480260991, 19.700161290127951 ], [ -89.448112989982434, 19.698353510791698 ], [ -89.4124785196164, 19.649376289625518 ], [ -89.146666850265717, 19.423861650160529 ], [ -89.146951430212098, 19.133156660062411 ], [ -89.135819780114616, 19.132372659872903 ], [ -89.147121750324672, 18.995045579877413 ], [ -89.144381850486738, 18.755918739857925 ], [ -89.155742249561413, 18.753114749966841 ], [ -89.150237819659708, 18.45105940033983 ], [ -89.12549018033539, 18.45062541960456 ], [ -89.121229199889981, 18.385849629781344 ], [ -89.138214059980697, 18.385543890042111 ], [ -89.132359539731567, 18.293402649845767 ], [ -89.151673660454918, 18.293562630021242 ], [ -89.158058679998447, 18.221326979728097 ], [ -89.142872629877914, 18.224163829698924 ], [ -89.143065970414384, 18.145819600276866 ], [ -89.200236650208666, 18.144629340466555 ], [ -89.202457779954614, 18.083276219814604 ], [ -89.144382859967578, 18.082442939944588 ], [ -89.144753540115275, 18.057699079972892 ], [ -89.163360690481042, 18.057885119714854 ], [ -89.163003830098873, 18.018517310312589 ], [ -89.206738940349723, 18.021079949709605 ], [ -89.207414280364475, 17.992648600310588 ], [ -89.205872050232813, 17.954099719691662 ], [ -89.152170090333001, 17.953609979967933 ], [ -89.151713849571166, 17.815614250243204 ], [ -90.987639503886527, 17.815473450333048 ], [ -90.987662546715825, 17.875356550197651 ], [ -90.995637364186194, 17.87548945973893 ], [ -90.995506414756093, 17.902156649608891 ], [ -90.987665997539679, 17.901350679500585 ], [ -90.987951717174909, 17.96254505010813 ], [ -91.120200304198917, 17.963375259495837 ], [ -91.113580647264428, 17.975850481027987 ], [ -91.130669144796073, 17.982250198711558 ], [ -91.133182256861232, 17.958009720594394 ], [ -91.151122964642525, 17.962673449961716 ], [ -91.144726736635803, 17.975159860960844 ], [ -91.217459546078899, 17.974986851692215 ], [ -91.240013085485728, 17.987003689957923 ], [ -91.250140877525538, 18.006793018512685 ], [ -91.281419255464897, 18.024006260440984 ], [ -91.296743195901072, 18.041940319321025 ], [ -91.32334834561928, 18.053294369275211 ], [ -91.327024315832304, 18.062665349822868 ], [ -91.359426419558361, 18.070372170160461 ], [ -91.384425350151616, 18.064065050047027 ], [ -91.398591509704673, 18.08000502004062 ], [ -91.433366230358843, 18.082097819721263 ], [ -91.477323030201433, 18.112795459867325 ], [ -91.504035909813268, 18.116459140127528 ], [ -91.505732119659513, 18.130002710058015 ], [ -91.516532180243843, 18.130485250463369 ], [ -91.515212850316871, 18.154952480030524 ], [ -91.501863539999306, 18.155568720151912 ], [ -91.509337340199508, 18.171054750075349 ], [ -91.534505140278341, 18.146174370086978 ], [ -91.552761060371552, 18.158176230247431 ], [ -91.579966019942489, 18.15817979974867 ], [ -91.572199120077514, 18.142015140424604 ], [ -91.59534693956158, 18.125175079577136 ], [ -91.589753149707661, 18.108009370262589 ], [ -91.603224180262302, 18.107744150406074 ], [ -91.609504680320754, 18.098438399877232 ], [ -91.60757854027274, 18.074505280211483 ], [ -91.619294910362441, 18.060803690440906 ], [ -91.612269020422133, 18.045020980022553 ], [ -91.624740379607005, 17.949071849757019 ], [ -91.612713599743287, 17.912919029933178 ], [ -91.633089220256821, 17.905016030296945 ], [ -91.629101419554218, 17.897127889637332 ], [ -91.638805939547765, 17.873953779763298 ], [ -91.725101059572026, 17.92449461979599 ], [ -91.760487309888788, 17.957625679752603 ], [ -91.75710069006108, 17.939733649740131 ], [ -91.762266540152567, 17.939014280320368 ], [ -91.804644219699014, 17.9725505102267 ], [ -91.867207859763639, 17.983266350183918 ], [ -91.900354769989065, 18.012146999992645 ], [ -91.966747709935092, 18.015988450434513 ], [ -91.978778580003691, 18.04282971978505 ], [ -91.992154600254054, 18.039256910325687 ], [ -92.014428740005769, 18.052613320230147 ], [ -92.028242169704541, 18.077172049852539 ], [ -92.042095429579334, 18.078318820282025 ], [ -92.035986250119251, 18.087363339633647 ], [ -92.039938820148762, 18.097950339625111 ], [ -92.076796349630087, 18.094286599955861 ], [ -92.08297380037736, 18.085688310457545 ], [ -92.121661977243974, 18.101754630544725 ], [ -92.128335689981313, 18.120149859941264 ], [ -92.149043460207707, 18.136730370167054 ], [ -92.148782050479568, 18.149296379904516 ], [ -92.160903000233176, 18.155424170337078 ], [ -92.164423970144583, 18.197865619757501 ], [ -92.148937520249973, 18.210406080351135 ], [ -92.183243850343004, 18.274063230242206 ], [ -92.172951370205894, 18.275337690408712 ], [ -92.174425849595636, 18.29330331008984 ], [ -92.180428820185668, 18.289823570285876 ], [ -92.171357549575305, 18.338954309871458 ], [ -92.181948719689274, 18.375902430331124 ], [ -92.176147740178834, 18.458233219952263 ], [ -92.310287480321378, 18.455579370194958 ], [ -92.322528939785414, 18.473080889860171 ], [ -92.353801949765796, 18.44229439965267 ], [ -92.36549357046205, 18.464622679760417 ], [ -92.412917580343731, 18.485611420089079 ], [ -92.425265939551281, 18.51130517963751 ], [ -92.425035429931441, 18.553336769765334 ], [ -92.465745049628737, 18.616563419857918 ], [ -92.468790020074138, 18.650964950341702 ], [ -92.363772570067937, 18.669642216338648 ], [ -91.975963389760707, 18.699363642744384 ], [ -91.950945179804265, 18.692907389072335 ], [ -91.900876268018919, 18.630159843749702 ], [ -91.856686166147071, 18.612631581952158 ], [ -91.825873913516133, 18.63019769035941 ], [ -91.844002468310265, 18.647069740236674 ], [ -91.846284195352624, 18.64433012349653 ], [ -91.854044841361912, 18.647280395652611 ], [ -91.841340542924385, 18.664257653045624 ], [ -91.743560920124551, 18.679067718092909 ], [ -91.534359825276468, 18.779765005502245 ], [ -91.522398592545784, 18.765615877734579 ], [ -91.498261676027226, 18.78163798941754 ], [ -91.497471395096284, 18.791964961055701 ], [ -91.449954129075167, 18.830490399005907 ], [ -91.396490224705886, 18.890070835620115 ], [ -91.118158508448204, 19.031969948392931 ], [ -91.080534439552423, 19.067927932023672 ], [ -90.899202559877097, 19.183728285202587 ], [ -90.758314141716482, 19.307702079233419 ], [ -90.722662766001903, 19.358913790497386 ], [ -90.72504621925097, 19.401906568173157 ], [ -90.702956408299727, 19.486574814770961 ], [ -90.711101479574538, 19.527526211369761 ], [ -90.704114190190111, 19.553569065807299 ], [ -90.711916222955196, 19.562286184089881 ], [ -90.685556107968026, 19.625363711639043 ], [ -90.689664714039267, 19.639612191037447 ], [ -90.695741674710746, 19.636733241089225 ], [ -90.691524443160162, 19.642743683592521 ], [ -90.706272529670798, 19.654393205632218 ], [ -90.743680828125292, 19.655088861262819 ], [ -90.706360379385757, 19.654667339575468 ], [ -90.704092270284477, 19.666743068175304 ], [ -90.712362107034579, 19.67170562396214 ], [ -90.670978317090629, 19.717431660302875 ], [ -90.661306096237936, 19.758897584151338 ], [ -90.593226223954105, 19.81706052480563 ], [ -90.522111095582659, 19.858361260025458 ], [ -90.529126820712605, 19.865952194191923 ], [ -90.521492197623743, 19.858798842969751 ], [ -90.508878079992911, 19.866247746270499 ], [ -90.447304970288741, 19.959472819945969 ], [ -90.453751402214564, 19.961904642522622 ], [ -90.452092216711861, 19.974148632206301 ], [ -90.46118651678367, 19.972949376718127 ], [ -90.470666286975955, 19.985769915051076 ], [ -90.462564214879635, 20.014030773814071 ], [ -90.491234444587363, 20.06125529639635 ], [ -90.478774470132834, 20.113206740839541 ], [ -90.495150694038301, 20.160099022826262 ], [ -90.477432112136299, 20.18520633928971 ], [ -90.479362035603742, 20.208030965896473 ], [ -90.485576110949054, 20.204265951256183 ], [ -90.486754697071163, 20.211804102273767 ], [ -90.480484641030969, 20.208903328276843 ], [ -90.489099606563258, 20.215627076541676 ], [ -90.488793677775149, 20.330857906727854 ], [ -90.496683959316513, 20.340921772913585 ], [ -90.488002507650876, 20.346764604382237 ], [ -90.493389016332515, 20.34901617043619 ], [ -90.482864064151471, 20.374512099714337 ], [ -90.496494668721155, 20.429170891963864 ], [ -90.492657019470272, 20.447544229116026 ], [ -90.502616478697121, 20.464120298050219 ], [ -90.49822124934451, 20.469211121760964 ], [ -90.485497043510406, 20.462865060409527 ], [ -90.474983981426078, 20.47058223907192 ], [ -90.493799570340641, 20.479320819329374 ], [ -90.502154371114983, 20.471821866021543 ], [ -90.502312602072735, 20.497564063886273 ], [ -90.448173543630332, 20.633775795954747 ], [ -90.443320617312011, 20.719188310755975 ], [ -90.452546720075972, 20.685732633369415 ], [ -90.454013127989768, 20.703311605270329 ], [ -90.448505925312816, 20.716276611607306 ], [ -90.433886673208647, 20.728178248403658 ], [ -90.431171702856673, 20.746580684684901 ], [ -90.414416734055393, 20.75420388136439 ], [ -90.407478339272615, 20.768274353154759 ], [ -90.406830245563526, 20.776360479738383 ], [ -90.414924383944765, 20.775936562341808 ], [ -90.415398475618844, 20.816896877679543 ], [ -90.404524348856853, 20.846763581088414 ], [ -90.379356999588566, 20.848327289654645 ] ] ] ] } },
{ "type": "Feature", "properties": { "fid": 5, "CVEGEO": "05", "CVE_ENT": "05", "NOMGEO": "Coahuila de Zaragoza", "PibCalc25": 918718, "SUP": 151594.6087012022, "Long_Carret": 5703.801, "Municipios": 38, "UE": 126048, "Dens_Carret": 0.03763, "Dens_UE": 0.83148 }, "geometry": { "type": "MultiPolygon", "coordinates": [ [ [ [ -102.315486460354862, 29.879999540157478 ], [ -102.281239580012809, 29.862927289837742 ], [ -102.265099259653368, 29.867701770153651 ], [ -102.260339229566824, 29.853123020078893 ], [ -102.246438220197774, 29.864225800170615 ], [ -102.244597380246276, 29.848773489814633 ], [ -102.223230140282951, 29.840539220149854 ], [ -102.209836599596855, 29.844465970166315 ], [ -102.19626291994166, 29.836258350281103 ], [ -102.187027460235043, 29.848772999728073 ], [ -102.178536079791996, 29.840085090369964 ], [ -102.179552550099828, 29.826063659620452 ], [ -102.167002540110715, 29.825943120086368 ], [ -102.143576109870992, 29.803579620043539 ], [ -102.119403339651939, 29.80264142984586 ], [ -102.115269049688564, 29.792420719591313 ], [ -102.083651629585674, 29.795287939603995 ], [ -102.072216110270418, 29.786616119819829 ], [ -102.049121090229548, 29.785463020115401 ], [ -102.038137579548518, 29.791917260238112 ], [ -102.035450090006165, 29.804247859757481 ], [ -102.014571310476114, 29.797552280272448 ], [ -101.997200340182289, 29.806182880445004 ], [ -101.987864600248585, 29.796991510318733 ], [ -101.975493659706004, 29.815676879601103 ], [ -101.957620549867883, 29.795872089702716 ], [ -101.935426149702124, 29.799558370083666 ], [ -101.928948629719045, 29.78271017971711 ], [ -101.911933649739098, 29.798040570045906 ], [ -101.874834199586701, 29.794077520120723 ], [ -101.853213429900904, 29.80776445979799 ], [ -101.823601179517453, 29.787273489976013 ], [ -101.818668179515598, 29.792541689876355 ], [ -101.825522090087958, 29.807512000313736 ], [ -101.817646659680761, 29.811670429722611 ], [ -101.803765340100782, 29.803794399650329 ], [ -101.814026220301074, 29.792409830067331 ], [ -101.804367750050503, 29.780042910395821 ], [ -101.788789259896944, 29.779559890158605 ], [ -101.785456540042503, 29.788332909814038 ], [ -101.775298489496706, 29.78917062022467 ], [ -101.734554119607182, 29.77149354970545 ], [ -101.719237229550401, 29.775723349696563 ], [ -101.710081449850691, 29.761819949597957 ], [ -101.689658420241599, 29.77108126028816 ], [ -101.676031580392234, 29.760569459680287 ], [ -101.661464979759629, 29.77125849017937 ], [ -101.643856430342623, 29.754073770116761 ], [ -101.62719463032721, 29.770867380282912 ], [ -101.574861340398414, 29.76927601980951 ], [ -101.569483399775393, 29.796811049956364 ], [ -101.54464818007267, 29.812187780245377 ], [ -101.534988709518103, 29.797599710312056 ], [ -101.536654279812723, 29.758120999836773 ], [ -101.50222079973139, 29.764158629641525 ], [ -101.464298119811829, 29.789609910040195 ], [ -101.453422459633728, 29.78466896989984 ], [ -101.447676939818692, 29.750485049917817 ], [ -101.401319770150437, 29.770706860025058 ], [ -101.398653849627706, 29.762642420408067 ], [ -101.4156964496987, 29.746414619629341 ], [ -101.397179649958005, 29.735352449801653 ], [ -101.397682540468779, 29.713785749855663 ], [ -101.370908890131474, 29.698810459943171 ], [ -101.373491830076858, 29.677479250171668 ], [ -101.360709430139792, 29.648688319837397 ], [ -101.34585750983149, 29.662760940235177 ], [ -101.301750510199241, 29.650959280216938 ], [ -101.312676600468492, 29.60590420005239 ], [ -101.302228109945858, 29.576032950261968 ], [ -101.291524660465157, 29.572078600059449 ], [ -101.278912880514042, 29.587669020100645 ], [ -101.280768109576712, 29.61715467959867 ], [ -101.27027164954383, 29.628219980170304 ], [ -101.249151020381248, 29.622856290319636 ], [ -101.252256979620768, 29.603161320200851 ], [ -101.243014339886756, 29.566170580134937 ], [ -101.258332979986037, 29.542765520266585 ], [ -101.258601480137102, 29.52244056992318 ], [ -101.185552260070125, 29.518001859817556 ], [ -101.147633030304789, 29.474461489753278 ], [ -101.087720379539789, 29.472695910309323 ], [ -101.061812339649023, 29.464245520228346 ], [ -101.057003770098618, 29.440754229639392 ], [ -101.043188969539429, 29.429431079893249 ], [ -101.037065230260893, 29.406451819846801 ], [ -101.018111620114681, 29.389309149654196 ], [ -101.010058720401787, 29.368532169575651 ], [ -100.964776850356827, 29.347564820199928 ], [ -100.950243949896091, 29.34794357034939 ], [ -100.939850450306295, 29.332618949954213 ], [ -100.886435570103046, 29.307775149700912 ], [ -100.876868290087813, 29.280143570304933 ], [ -100.834884090293812, 29.261587089871689 ], [ -100.813785110492788, 29.263711979647866 ], [ -100.816201309507363, 29.253637140277917 ], [ -100.795979340277199, 29.245189459832499 ], [ -100.795808170063864, 29.228761220314436 ], [ -100.78516973965246, 29.2278721097938 ], [ -100.773829120294238, 29.210566650123869 ], [ -100.776030650162511, 29.199754910367549 ], [ -100.767013150122324, 29.195706030158462 ], [ -100.772779509811656, 29.168391519961727 ], [ -100.739323800194626, 29.150179539897703 ], [ -100.724472949639036, 29.127284049938041 ], [ -100.676119030433654, 29.103295600293048 ], [ -100.645666520130021, 28.987898399854238 ], [ -100.651456479912653, 28.942863710449817 ], [ -100.629651660260208, 28.92255071007769 ], [ -100.640914339827233, 28.914615260433848 ], [ -100.632564659686139, 28.903744259865398 ], [ -100.622539549991316, 28.910192509664725 ], [ -100.600950710418616, 28.901610400224381 ], [ -100.603422859525594, 28.887682050381073 ], [ -100.589264520061377, 28.885497080196284 ], [ -100.598800520368869, 28.87479642957025 ], [ -100.573001430046716, 28.848768179623189 ], [ -100.574422849596829, 28.828552170064093 ], [ -100.547631739744389, 28.826240370425751 ], [ -100.546108379510812, 28.812829080260279 ], [ -100.535128480254741, 28.804711430412588 ], [ -100.533444659735238, 28.758811459818538 ], [ -100.521057599519111, 28.757612459652819 ], [ -100.507370427906807, 28.740417618514066 ], [ -100.512015169885316, 28.706489619773528 ], [ -100.500177200100211, 28.661668150433396 ], [ -100.461467139687144, 28.640839619734777 ], [ -100.446179180387787, 28.64168919962842 ], [ -100.447156939512581, 28.609227029765677 ], [ -100.398693820311266, 28.585376020222391 ], [ -100.410999859661672, 28.549752020200632 ], [ -100.388540260225355, 28.515398980149374 ], [ -100.33387442013786, 28.499281659698742 ], [ -100.344368829727699, 28.486157569643183 ], [ -100.368399229769949, 28.476666889722694 ], [ -100.337467830196132, 28.443022460350935 ], [ -100.335913029612968, 28.430137020284896 ], [ -100.349481890429345, 28.403400460129969 ], [ -100.342931379714599, 28.387157750276984 ], [ -100.286760059844312, 28.313242460074907 ], [ -100.293621290126097, 28.278763370362562 ], [ -100.254515089839487, 28.237873970344541 ], [ -100.220636949750173, 28.232757970143727 ], [ -100.209161119875503, 28.191226229946761 ], [ -100.084609859565774, 28.145028689896289 ], [ -100.056473750035266, 28.10475188039538 ], [ -100.053003020421485, 28.085052420395456 ], [ -100.017747089737938, 28.065133509601687 ], [ -100.007641319661289, 28.021462940359285 ], [ -99.990492259797463, 27.99361653974519 ], [ -99.931224369566152, 27.980583020241355 ], [ -99.937649849936392, 27.942189480164547 ], [ -99.893527980329011, 27.899479549627703 ], [ -99.904082619581644, 27.873704920297659 ], [ -99.876962459968397, 27.841466320397888 ], [ -99.877636340392726, 27.799651340216066 ], [ -99.850759489965085, 27.793903170350745 ], [ -99.844365290159857, 27.778436680138142 ], [ -99.843222580227476, 27.769862819759041 ], [ -99.932399720410359, 27.674711689922848 ], [ -99.998844829980499, 27.615279399919288 ], [ -100.188425519733727, 27.799137180041008 ], [ -100.350609849851907, 27.684598550429381 ], [ -100.417699549848038, 27.393632750683345 ], [ -100.678006219766246, 27.33479730960768 ], [ -100.83412342031302, 27.195173969675071 ], [ -100.830561400127479, 27.073885480196932 ], [ -100.809606830448487, 27.06836783035914 ], [ -100.799436119998163, 27.045830750204789 ], [ -100.765863999656176, 27.063325149866884 ], [ -100.748530829775206, 27.049152689704179 ], [ -100.747713539539703, 27.036256779735378 ], [ -100.735835819945066, 27.047579719557252 ], [ -100.748620979877415, 27.081252820233207 ], [ -100.719659619951358, 27.079203379695834 ], [ -100.70810647982951, 27.099851890090239 ], [ -100.682718710331798, 27.111394579754396 ], [ -100.674242489894027, 27.08460496963 ], [ -100.533997849504701, 27.045584430160108 ], [ -100.545253879984742, 26.978355780235443 ], [ -100.538239399984249, 26.939719849933823 ], [ -100.544926290123811, 26.925348819590955 ], [ -100.540665800325527, 26.880969980269157 ], [ -100.551358660354722, 26.858729740161007 ], [ -100.53815574996807, 26.808558199811767 ], [ -100.590135830413161, 26.759520660375163 ], [ -100.614400199787795, 26.685638890363091 ], [ -100.691228889850279, 26.613789420299554 ], [ -100.75303544994533, 26.735207799711436 ], [ -101.206762710050612, 26.369778200344545 ], [ -101.097619690188495, 26.252910420075079 ], [ -101.068574659132551, 26.189031031078013 ], [ -101.047398178607239, 26.169846019813995 ], [ -100.982742049910755, 26.139477200123377 ], [ -100.94289801898411, 26.086789060095192 ], [ -100.916415660081029, 26.075610550551044 ], [ -100.904606088975555, 26.008702230225381 ], [ -100.905531649831588, 25.956945710148521 ], [ -100.834424880146784, 25.945042910184206 ], [ -100.82266893904827, 25.916884540831497 ], [ -100.83576556913745, 25.866594309853223 ], [ -100.8470687100139, 25.857885721061606 ], [ -100.861901399625637, 25.818478621268017 ], [ -100.805613950072356, 25.72430180036687 ], [ -100.787775279004549, 25.683597220994614 ], [ -100.783420247657091, 25.639678430032397 ], [ -100.729772888962259, 25.633895659906464 ], [ -100.719916479690511, 25.603066950434588 ], [ -100.690286340475311, 25.567100780124104 ], [ -100.632901848937905, 25.571299350188546 ], [ -100.611959769492913, 25.551399370358084 ], [ -100.614732539397892, 25.542346911152823 ], [ -100.538435908624876, 25.531853920548659 ], [ -100.529699320181891, 25.514392881234507 ], [ -100.59975033939719, 25.519959521055892 ], [ -100.61909057970098, 25.505691080840641 ], [ -100.579510309230884, 25.494543979575884 ], [ -100.58488908858719, 25.470813050744404 ], [ -100.530883149632146, 25.463467650027571 ], [ -100.525413090372041, 25.449753851061985 ], [ -100.517463780253422, 25.449036600253027 ], [ -100.52270309003643, 25.43432472024713 ], [ -100.493551430433271, 25.430840741085234 ], [ -100.45187836887628, 25.410810720353503 ], [ -100.470098818984113, 25.337789851286985 ], [ -100.414560680121937, 25.326998111346246 ], [ -100.326803709781302, 25.340356479641532 ], [ -100.313023449289574, 25.336367219753576 ], [ -100.263974508504987, 25.30529340042952 ], [ -100.254138429525753, 25.306908770751505 ], [ -100.243141909371829, 25.267443350608499 ], [ -100.262510119961917, 25.254022799902966 ], [ -100.234420508662964, 25.235496429861829 ], [ -100.24719536875817, 25.230174490364501 ], [ -100.229575599413778, 25.2179165112763 ], [ -100.261383509363085, 25.207070570709845 ], [ -100.325550120362536, 25.222258750617904 ], [ -100.33200741991358, 25.186285219702185 ], [ -100.472517379059838, 25.231195661275834 ], [ -100.595685549343884, 25.254762510965161 ], [ -100.708887779902597, 25.236457570160674 ], [ -100.803130449578816, 25.16525845968458 ], [ -100.821505598728564, 24.996710830856628 ], [ -100.792063088830645, 24.979148180747117 ], [ -100.727495488895258, 24.918716549584396 ], [ -100.826132419976318, 24.835004570312581 ], [ -100.796978248822356, 24.750806910743975 ], [ -100.805472939537282, 24.596340121007461 ], [ -100.799934119799474, 24.556186079903881 ], [ -100.810416350285706, 24.551593780744646 ], [ -100.847805648862689, 24.55561860088423 ], [ -100.90223377972255, 24.583917740935156 ], [ -100.95879259879618, 24.542684060717512 ], [ -101.080495140167059, 24.591185309796948 ], [ -101.127619600213009, 24.623361770766692 ], [ -101.164645940125254, 24.681558970916512 ], [ -101.179035090183277, 24.732956681360019 ], [ -101.201725599703039, 24.765488321165972 ], [ -101.342141569600699, 24.81335251103576 ], [ -101.402157060380532, 24.788222430532819 ], [ -101.412654949106852, 24.772055021305285 ], [ -101.461639348887658, 24.736756820251827 ], [ -101.622269710484915, 24.758983080023434 ], [ -101.640767230487342, 24.800703539963543 ], [ -101.60901163038919, 24.789664140048099 ], [ -101.601260629551305, 24.835563199914183 ], [ -101.656331769545844, 24.860793170432036 ], [ -101.685149490195798, 24.840012659733087 ], [ -101.773462949681317, 24.87553512022075 ], [ -101.831898459573395, 24.972173219923356 ], [ -101.848809999625985, 25.017623619770092 ], [ -102.081805630008716, 25.070700599675487 ], [ -102.237622199940503, 25.118462379790977 ], [ -102.29551302986718, 25.125235509668293 ], [ -102.463325199592973, 25.115916150010641 ], [ -102.446763450357352, 24.999515420162606 ], [ -102.669693980027802, 25.066636490222518 ], [ -102.853130719865064, 24.772000950135055 ], [ -102.856402779670461, 24.739773969552758 ], [ -102.869642490461914, 24.742049419913652 ], [ -102.89543209016, 24.765993580401204 ], [ -102.921429649884672, 24.772950769895715 ], [ -102.923274769835018, 24.780320459590044 ], [ -102.949273710291379, 24.779755080027865 ], [ -102.975182229678268, 24.799451970064041 ], [ -103.005138020313893, 24.793218150423794 ], [ -103.033355250477896, 24.810840169842891 ], [ -103.092946909731168, 24.822861429569986 ], [ -103.25914589001421, 24.964658770127269 ], [ -103.245363779620519, 24.982462800093124 ], [ -103.246563080022042, 24.996026600048605 ], [ -103.27046954021742, 25.015659599966895 ], [ -103.274053970311641, 25.023359889998755 ], [ -103.267489340409952, 25.028043720014505 ], [ -103.27801522042374, 25.034614170259548 ], [ -103.262180340154472, 25.058549309592333 ], [ -103.337225939813436, 25.099126980183495 ], [ -103.34266238041441, 25.110329419805343 ], [ -103.359539310432027, 25.110028849624207 ], [ -103.394290419727582, 25.157735630404495 ], [ -103.402857780385631, 25.182348910377925 ], [ -103.425795950135111, 25.201539289679761 ], [ -103.438681570217327, 25.201958800164029 ], [ -103.450213740008223, 25.228614910087718 ], [ -103.473184370312012, 25.250107679693276 ], [ -103.496720110307407, 25.255748519627566 ], [ -103.510936630186919, 25.279816599673342 ], [ -103.509351689680486, 25.291462570044981 ], [ -103.497670430166437, 25.295149249887963 ], [ -103.495742890088195, 25.31110945978763 ], [ -103.4792501500703, 25.323924779683864 ], [ -103.486483320467556, 25.332861830376011 ], [ -103.466216629756033, 25.352348169835061 ], [ -103.462059370315401, 25.37631094006532 ], [ -103.406699169728384, 25.398901400298762 ], [ -103.365519429689741, 25.393156280032734 ], [ -103.35122842024515, 25.37297734985512 ], [ -103.336916199561273, 25.371231140408632 ], [ -103.341367719809142, 25.410142229910964 ], [ -103.369062000432194, 25.416460719896783 ], [ -103.49441428963361, 25.537731799781859 ], [ -103.455444749716321, 25.557061450438798 ], [ -103.450990689521021, 25.578933689996322 ], [ -103.435366540090428, 25.582777539686521 ], [ -103.438405820420414, 25.596643279955376 ], [ -103.416025259755813, 25.614421599627651 ], [ -103.42477011962454, 25.623679920444854 ], [ -103.403275579981809, 25.628128290194397 ], [ -103.406003249614216, 25.645027149609959 ], [ -103.381422229580423, 25.640342339606551 ], [ -103.383040919959939, 25.655317399638651 ], [ -103.349213710180948, 25.693443940416241 ], [ -103.354990860466501, 25.699860029604093 ], [ -103.339436890229322, 25.707604819961986 ], [ -103.352836060054756, 25.716553090054671 ], [ -103.333705218139443, 25.738736108736813 ], [ -103.318587658500192, 25.812701290158337 ], [ -103.346360108752791, 25.860304380848628 ], [ -103.350488218818597, 26.142389951467081 ], [ -103.260825259883319, 26.284726819779685 ], [ -103.316792599823941, 26.36177618070484 ], [ -103.374183489810491, 26.602354889610545 ], [ -103.636982429944098, 26.69343577031297 ], [ -103.643891450155678, 26.690158490156509 ], [ -103.65825599949504, 26.719483949884161 ], [ -103.699094109623147, 26.725256379721461 ], [ -103.715248689929155, 26.735077259763077 ], [ -103.724870799781556, 26.772106520134773 ], [ -103.750619739715006, 26.809905079658567 ], [ -103.75396791950439, 26.82957345004797 ], [ -103.779605449508665, 26.8361262498644 ], [ -103.851700709703735, 26.896133830204178 ], [ -103.8359191800605, 26.935813349783235 ], [ -103.852089030269823, 26.934619420181114 ], [ -103.784628750448817, 26.980698519857185 ], [ -103.779947689798746, 27.008886289708663 ], [ -103.740834369686652, 27.022521750084589 ], [ -103.75246120045766, 27.077919599588572 ], [ -103.783470320494999, 27.091205599994336 ], [ -103.799398479811472, 27.124729539657661 ], [ -103.798427339783856, 27.213475690310762 ], [ -103.809395429717185, 27.249203079733157 ], [ -103.819763489907203, 27.242956550334185 ], [ -103.832122550024138, 27.29829348041029 ], [ -103.876876019906319, 27.311592139906367 ], [ -103.863650419695972, 27.440920739597541 ], [ -103.85850514049072, 27.43989148987896 ], [ -103.85460094980013, 27.549432739816798 ], [ -103.868837659876263, 27.607136829756399 ], [ -103.883555519816596, 27.600771750135131 ], [ -103.897262860222568, 27.656548769880217 ], [ -103.883244580138282, 27.65759182029851 ], [ -103.895532660131934, 27.674021200321931 ], [ -103.889504939645661, 27.713217139913031 ], [ -103.896692289949513, 27.740557249852206 ], [ -103.881145340212825, 27.739185740434209 ], [ -103.93564954957327, 27.79755273962283 ], [ -103.900843919504553, 27.826857259561276 ], [ -103.943906710419625, 27.826870550034677 ], [ -103.960001920139078, 27.835309020138556 ], [ -103.945783049827938, 27.856388229793367 ], [ -103.943331279601267, 27.888843219975346 ], [ -103.954973490042306, 27.950820999869464 ], [ -103.93564309005022, 27.945342370325296 ], [ -103.941867579701395, 27.927796490345944 ], [ -103.892885850038013, 27.914022970280634 ], [ -103.877715939903339, 27.957490339972729 ], [ -103.926691890399198, 27.971356749715408 ], [ -103.8609412902603, 28.109021939762521 ], [ -103.867499859541127, 28.112135679954161 ], [ -103.768179780332559, 28.300372520190809 ], [ -103.76287125018429, 28.298196780431024 ], [ -103.728332859655524, 28.356491020035527 ], [ -103.643010799893929, 28.512461879738591 ], [ -103.647944459611708, 28.532983480022743 ], [ -103.624567599919217, 28.581146509651582 ], [ -103.601008400503304, 28.574907400030032 ], [ -103.591915879735026, 28.590834260432825 ], [ -103.616046030371109, 28.59819472011376 ], [ -103.596373709683817, 28.639474549926245 ], [ -103.582001489908038, 28.628793509784778 ], [ -103.57265895028543, 28.640639170252776 ], [ -103.557295310183648, 28.611280680243201 ], [ -103.519761980081356, 28.668745029663096 ], [ -103.514512139708629, 28.664997850367467 ], [ -103.431663049787417, 28.81318034991677 ], [ -103.410015379736478, 28.840922380199174 ], [ -103.404586109730616, 28.82955151965221 ], [ -103.396346720206026, 28.833528569565303 ], [ -103.403650249746491, 28.869254170420952 ], [ -103.357700659645957, 28.920250630196794 ], [ -103.307639969723198, 29.003285659942613 ], [ -103.300664120505218, 29.008085570347816 ], [ -103.287905219795391, 29.002051849925483 ], [ -103.281672420503895, 28.98745629034357 ], [ -103.28835314972936, 28.978125230434433 ], [ -103.279922029889661, 28.975887489669809 ], [ -103.267341549704412, 28.9960036903305 ], [ -103.250521619930879, 28.980260169619168 ], [ -103.227996370000795, 28.991712939628876 ], [ -103.220371140407764, 28.983481480175577 ], [ -103.170620580325021, 28.980341580311872 ], [ -103.163865720094606, 28.972046460014898 ], [ -103.115854599500068, 28.984357280258436 ], [ -103.117462550335901, 29.000149119673019 ], [ -103.097973749850439, 29.026756740017294 ], [ -103.106651480381402, 29.038364970095515 ], [ -103.100709659842167, 29.060330879697425 ], [ -103.092441250018055, 29.064457049992317 ], [ -103.085874019874609, 29.053812740285771 ], [ -103.087487150410809, 29.067334110298944 ], [ -103.076995149591681, 29.075617460192074 ], [ -103.075972150320695, 29.091421420354497 ], [ -103.033797279626029, 29.101203969588077 ], [ -103.037144579826744, 29.113811859979922 ], [ -103.013548170143537, 29.125064050337155 ], [ -103.015689179893712, 29.134446569573026 ], [ -102.996126420338257, 29.160620909963388 ], [ -102.995274090425696, 29.179643820442362 ], [ -102.975576919744526, 29.186284400441401 ], [ -102.950819370119618, 29.173528650062934 ], [ -102.943185340126504, 29.19159575034524 ], [ -102.917894969939766, 29.190837379944035 ], [ -102.912311680475625, 29.219433689788488 ], [ -102.894369950402606, 29.208572880283249 ], [ -102.867359059514826, 29.223726770425611 ], [ -102.871509290003004, 29.24159962037508 ], [ -102.906306909559007, 29.259319059776722 ], [ -102.89918125973584, 29.269209739628742 ], [ -102.903186260509855, 29.2791092797017 ], [ -102.8881755998557, 29.292691920231924 ], [ -102.893118030039759, 29.307856849707218 ], [ -102.881137880051952, 29.333617019603665 ], [ -102.883981719699506, 29.347980510170782 ], [ -102.877014509717355, 29.354849520263013 ], [ -102.86142222008111, 29.351289350118325 ], [ -102.839219769942744, 29.35889535027329 ], [ -102.844936769994064, 29.374308279598598 ], [ -102.834005430346551, 29.378753110405238 ], [ -102.825402169958053, 29.396927850378749 ], [ -102.812389710434005, 29.400268319858327 ], [ -102.833222830379228, 29.410196690038184 ], [ -102.826957080108528, 29.417295150279898 ], [ -102.830742309508139, 29.444269460332034 ], [ -102.81936966017453, 29.450775019553916 ], [ -102.825377020316424, 29.457938140304975 ], [ -102.814591230012482, 29.482480249806382 ], [ -102.800667179493999, 29.486142289847418 ], [ -102.80832073985755, 29.522640250310406 ], [ -102.7921452202376, 29.532722849861464 ], [ -102.790869909527771, 29.543211980395334 ], [ -102.771049820219545, 29.548400170361397 ], [ -102.777739309916356, 29.560693369871963 ], [ -102.773986939780855, 29.573191749667274 ], [ -102.762126519663283, 29.579538720268474 ], [ -102.768416579504276, 29.594944780356805 ], [ -102.740201339694224, 29.597899479953817 ], [ -102.74102142954716, 29.63586371960783 ], [ -102.69330813975948, 29.676724029778207 ], [ -102.698622579786928, 29.697349149706266 ], [ -102.688913939711213, 29.705135309941813 ], [ -102.691031450053373, 29.722005549831142 ], [ -102.674869019819369, 29.744055459954271 ], [ -102.659599719731318, 29.735470910432458 ], [ -102.630281620262551, 29.734039490115524 ], [ -102.612408059666606, 29.748216110109183 ], [ -102.574035690461386, 29.755019510172847 ], [ -102.569567019832306, 29.771744400041225 ], [ -102.548049350226421, 29.744603080080932 ], [ -102.513671380367597, 29.765738150354125 ], [ -102.517778199499475, 29.783939910125 ], [ -102.487248349881128, 29.786928659866284 ], [ -102.480792599762168, 29.77621428962016 ], [ -102.466242649816522, 29.78377780034792 ], [ -102.4583629995021, 29.774997060188493 ], [ -102.434208310094178, 29.777136830099234 ], [ -102.409281890161864, 29.764709030038709 ], [ -102.394479399586217, 29.769274149732649 ], [ -102.387576090339451, 29.761508850027692 ], [ -102.390274770304742, 29.782389169773019 ], [ -102.377214079756868, 29.790087569860631 ], [ -102.364907379949216, 29.845547199809278 ], [ -102.341505420173164, 29.86939441993125 ], [ -102.323679970489692, 29.864026509903521 ], [ -102.324804550510478, 29.873472200045605 ], [ -102.315486460354862, 29.879999540157478 ] ] ] ] } },
{ "type": "Feature", "properties": { "fid": 6, "CVEGEO": "06", "CVE_ENT": "06", "NOMGEO": "Colima", "PibCalc25": 159653, "SUP": 5783.3686636304892, "Long_Carret": 1242.354, "Municipios": 10, "UE": 41756, "Dens_Carret": 0.21481, "Dens_UE": 7.22001 }, "geometry": { "type": "MultiPolygon", "coordinates": [ [ [ [ -114.737343155984718, 18.372059999344025 ], [ -114.722503172463561, 18.365966695988867 ], [ -114.689607706893227, 18.371135919974481 ], [ -114.68050216563887, 18.361308419800558 ], [ -114.698368408068774, 18.345159230404793 ], [ -114.709431239751538, 18.350457446790166 ], [ -114.725001290430058, 18.342935157808306 ], [ -114.728750570917441, 18.349141506427024 ], [ -114.752103046935886, 18.338863909849557 ], [ -114.759389307703458, 18.34574174243134 ], [ -114.756376124531982, 18.365303726214066 ], [ -114.737343155984718, 18.372059999344025 ] ] ], [ [ [ -104.488821527962784, 19.103569806047979 ], [ -104.484882547240986, 19.10282229492805 ], [ -104.487341392155471, 19.101207211876698 ], [ -104.488821527962784, 19.103569806047979 ] ] ], [ [ [ -110.988553966144167, 18.866480401825495 ], [ -110.977135401114495, 18.861545624874132 ], [ -110.957743451865753, 18.837958013399749 ], [ -110.940263049397117, 18.834317716796797 ], [ -110.939414375995185, 18.822523821679745 ], [ -110.907745076124982, 18.778911535327957 ], [ -110.919036854129487, 18.76972268638659 ], [ -110.920091834044186, 18.732295176187147 ], [ -110.940099567533281, 18.730122801030468 ], [ -110.942870946573208, 18.72167884117405 ], [ -110.949548931254981, 18.726344888346276 ], [ -110.951474520800886, 18.719222983132269 ], [ -110.9708173393132, 18.745283580883097 ], [ -110.984539510403081, 18.744800163771707 ], [ -111.000214264473385, 18.758261954554204 ], [ -111.015535534348572, 18.753744180785926 ], [ -111.015137428565737, 18.764495731321269 ], [ -111.035862032199688, 18.78792375250503 ], [ -111.049110678070804, 18.779854984389491 ], [ -111.055591438690584, 18.780688869960898 ], [ -111.040968886415044, 18.798441098377459 ], [ -111.048213167114582, 18.808493873135625 ], [ -111.043420802410139, 18.814518404965241 ], [ -111.052058195779097, 18.816302956271624 ], [ -111.012935733874812, 18.825372713848971 ], [ -111.008285853635982, 18.846866545407206 ], [ -110.988553966144167, 18.866480401825495 ] ] ], [ [ [ -112.065652279670303, 18.993246219622289 ], [ -112.066131289769999, 18.992148180223367 ], [ -112.066244910166631, 18.993362629875239 ], [ -112.065652279670303, 18.993246219622289 ] ] ], [ [ [ -103.618276509891714, 19.512518770443442 ], [ -103.606199309631776, 19.500557860219665 ], [ -103.614824220466346, 19.494046619571229 ], [ -103.615357570086445, 19.474995450206091 ], [ -103.578916690390813, 19.435485750242144 ], [ -103.574268420017944, 19.411562320122449 ], [ -103.55621119965619, 19.40697173975634 ], [ -103.522208619994089, 19.357825580444771 ], [ -103.486429980247749, 19.337890650083278 ], [ -103.495669309678107, 19.31975566039926 ], [ -103.489878289747992, 19.310686219726506 ], [ -103.509181580435424, 19.295149909644341 ], [ -103.505690780035266, 19.236156510357226 ], [ -103.515238519594106, 19.211351799998397 ], [ -103.497630880323825, 19.174642149695991 ], [ -103.523616799528156, 19.11564065992015 ], [ -103.517387779950596, 19.098790600162527 ], [ -103.526480630064867, 19.078728049909884 ], [ -103.488505540091921, 19.027586750130006 ], [ -103.498782219761367, 19.011673649594552 ], [ -103.490831220327919, 18.995820819944832 ], [ -103.495675889959898, 18.972043680406031 ], [ -103.488453020262554, 18.963905180023851 ], [ -103.49306178042157, 18.957955949850483 ], [ -103.508601450247497, 18.963671319731816 ], [ -103.506370000324793, 18.94822551978741 ], [ -103.522535630325748, 18.947916690205517 ], [ -103.514421619907012, 18.934388740189235 ], [ -103.534058710415934, 18.926293199777444 ], [ -103.531347919598886, 18.906259120107254 ], [ -103.558074680365294, 18.906580429565516 ], [ -103.573244139546887, 18.871327890363212 ], [ -103.582344029711791, 18.875624859620043 ], [ -103.587575689598964, 18.86584695041126 ], [ -103.596290090106876, 18.883945370351945 ], [ -103.615556110246359, 18.892420879928213 ], [ -103.630280090060651, 18.885324849575809 ], [ -103.640572369776777, 18.867244490444662 ], [ -103.617187259544593, 18.842851340182715 ], [ -103.626199650404146, 18.830974369822254 ], [ -103.620031019655798, 18.801383199789353 ], [ -103.637978220351172, 18.783207540315068 ], [ -103.679017000374557, 18.773211050447046 ], [ -103.685438379932805, 18.757292770117012 ], [ -103.7003026502164, 18.754355749938561 ], [ -103.737905232960927, 18.684022942220793 ], [ -103.803418939847404, 18.748910230136655 ], [ -103.983208414760824, 18.872251432137961 ], [ -104.160813690216841, 18.962683910180125 ], [ -104.295149072885678, 19.012521830563788 ], [ -104.332064120127399, 19.017621879587079 ], [ -104.330074250419628, 19.051159859801388 ], [ -104.314664338862897, 19.061171080851377 ], [ -104.317686581985157, 19.054676197016647 ], [ -104.305351630842495, 19.057295568757322 ], [ -104.30395369770099, 19.07185548930455 ], [ -104.31446139872142, 19.089825180151731 ], [ -104.333972977045548, 19.102160305118584 ], [ -104.345389632366604, 19.103172765162814 ], [ -104.354155339796947, 19.091037799571563 ], [ -104.35540854973739, 19.115383850276235 ], [ -104.393942939544672, 19.114612950078403 ], [ -104.398795019674992, 19.106484420090066 ], [ -104.389800289635048, 19.096016019582851 ], [ -104.395431405356121, 19.085027014812752 ], [ -104.411320255343711, 19.106449778170685 ], [ -104.427823006021072, 19.091799435619272 ], [ -104.438474664565547, 19.098395303069381 ], [ -104.436415750196417, 19.086046720298302 ], [ -104.44171797966267, 19.083256750031428 ], [ -104.45147240043039, 19.108483720367328 ], [ -104.489382050054374, 19.124553149732431 ], [ -104.604009290261999, 19.150866119998497 ], [ -104.690585689942111, 19.1769758800611 ], [ -104.680935920149111, 19.183773750417732 ], [ -104.683612309967614, 19.189957919988029 ], [ -104.679979339786954, 19.193171519699067 ], [ -104.675145650195105, 19.185495740325337 ], [ -104.629341599941341, 19.172906350285821 ], [ -104.618821569688919, 19.180851450141343 ], [ -104.61283389019178, 19.155482820017276 ], [ -104.589840080248067, 19.150095220295366 ], [ -104.585780170211493, 19.161814320217058 ], [ -104.596142629694484, 19.16405223014343 ], [ -104.600287480136089, 19.179053369891825 ], [ -104.590028799914037, 19.186531680175715 ], [ -104.583989620167443, 19.177989320442617 ], [ -104.576937620448462, 19.180204600022225 ], [ -104.567248569936112, 19.201266120321186 ], [ -104.569112739554143, 19.218695230303211 ], [ -104.560261310454138, 19.219698550420954 ], [ -104.55451594970296, 19.237097780267298 ], [ -104.530287860450656, 19.259788829746014 ], [ -104.508384739819576, 19.244225049909115 ], [ -104.494535429895095, 19.253947050353027 ], [ -104.488954890061734, 19.229943369866493 ], [ -104.47725768971182, 19.238703380285994 ], [ -104.471672910308754, 19.228835850018143 ], [ -104.463016259869249, 19.23295966042982 ], [ -104.467008180073364, 19.245106889931979 ], [ -104.455698740146033, 19.248040260417515 ], [ -104.457527019538745, 19.259419460135948 ], [ -104.438407849871155, 19.262873089589075 ], [ -104.439259120252373, 19.277987860152308 ], [ -104.400945599875115, 19.289069799845297 ], [ -104.401322510286747, 19.266813030302878 ], [ -104.374273460346743, 19.281883979888057 ], [ -104.361873689921055, 19.269078419589203 ], [ -104.343880290283849, 19.28954597981981 ], [ -104.314803909559927, 19.279355890403579 ], [ -104.297591000362175, 19.302670770186932 ], [ -104.28363525024325, 19.29700527962158 ], [ -104.261179050131304, 19.311806200403616 ], [ -104.218424170380061, 19.299015621047804 ], [ -104.20434628963956, 19.303602220955987 ], [ -104.191667370105392, 19.292209769764654 ], [ -104.179801318896779, 19.312562120597843 ], [ -104.169796578741526, 19.312963739747943 ], [ -104.161649829566997, 19.302719649578286 ], [ -104.152930378982759, 19.315152419986727 ], [ -104.122984619677396, 19.319041940208106 ], [ -104.133344120049699, 19.353745830834288 ], [ -104.090226219386963, 19.393024799614015 ], [ -104.070883748859956, 19.43523543127063 ], [ -104.07994293910437, 19.431781749725076 ], [ -104.08663977888699, 19.442031000222844 ], [ -104.076739519129234, 19.48021472019273 ], [ -104.061725059829399, 19.497702940015497 ], [ -104.000045550014789, 19.468828831223163 ], [ -103.974007090269481, 19.47455291078419 ], [ -103.96479865986656, 19.45416265066746 ], [ -103.899521599860293, 19.434547250354459 ], [ -103.908765460436527, 19.453628309999004 ], [ -103.88933089009889, 19.46359731003994 ], [ -103.87941816976516, 19.444488660105133 ], [ -103.863754999584174, 19.447384739957485 ], [ -103.856452770283568, 19.431330539898244 ], [ -103.824134889600273, 19.437788250283095 ], [ -103.819252859670797, 19.408739710205577 ], [ -103.792733660132043, 19.427513690286446 ], [ -103.718257319660083, 19.453497510235071 ], [ -103.715789400317902, 19.4670095202444 ], [ -103.690045289561269, 19.492447770232214 ], [ -103.618276509891714, 19.512518770443442 ] ] ], [ [ [ -110.801021451284441, 19.33487432531027 ], [ -110.791404149673028, 19.324538649347598 ], [ -110.80056488446148, 19.311697627230501 ], [ -110.796283879358469, 19.302702156386154 ], [ -110.812655325095477, 19.298234779095917 ], [ -110.81885127164081, 19.306517532728272 ], [ -110.803195435929211, 19.320099012200043 ], [ -110.801021451284441, 19.33487432531027 ] ] ] ] } },
{ "type": "Feature", "properties": { "fid": 7, "CVEGEO": "07", "CVE_ENT": "07", "NOMGEO": "Chiapas", "PibCalc25": 389667, "SUP": 73316.345033263395, "Long_Carret": 9140.924, "Municipios": 124, "UE": 248308, "Dens_Carret": 0.12468, "Dens_UE": 3.3868 }, "geometry": { "type": "MultiPolygon", "coordinates": [ [ [ [ -91.995671089842986, 17.942589969690744 ], [ -91.978452570276971, 17.913688650238761 ], [ -91.93959785010037, 17.906293060436045 ], [ -91.956832769721515, 17.879929910329484 ], [ -91.948409169635539, 17.863308349551012 ], [ -91.928061340040969, 17.870822509721574 ], [ -91.918127689976288, 17.899519650420391 ], [ -91.89416148027567, 17.887500260187846 ], [ -91.870689309689126, 17.890780720081512 ], [ -91.849686290168663, 17.882864600332347 ], [ -91.810907549540786, 17.89940116989116 ], [ -91.804368740006836, 17.868866449845928 ], [ -91.779690460194416, 17.851298580081746 ], [ -91.792371579767931, 17.824516940180441 ], [ -91.78225311995584, 17.78248462954717 ], [ -91.790161739968752, 17.74601811018827 ], [ -91.810325029648681, 17.751323340004515 ], [ -91.830661690382129, 17.737677229978086 ], [ -91.786515879941859, 17.719025680030136 ], [ -91.780531689908656, 17.707819479854969 ], [ -91.77660258015851, 17.715431681367928 ], [ -91.767852620325783, 17.70311545072795 ], [ -91.748243969646936, 17.700177019608233 ], [ -91.738806229898046, 17.710808650112956 ], [ -91.733294000337693, 17.696580341295505 ], [ -91.724763540491239, 17.69206388963627 ], [ -91.717545419741512, 17.698409230187835 ], [ -91.717077489765757, 17.687746509951499 ], [ -91.704035769778997, 17.69222509007604 ], [ -91.700957979701599, 17.678939780644342 ], [ -91.693711229572941, 17.685001201148015 ], [ -91.681377259647178, 17.670133719718972 ], [ -91.672992490371385, 17.683472429981144 ], [ -91.654743510089162, 17.676157119912784 ], [ -91.664339289588526, 17.666660629919257 ], [ -91.654054570069647, 17.645229430787964 ], [ -91.658787599639311, 17.639707980941289 ], [ -91.652811260158856, 17.638570740090767 ], [ -91.659898580003713, 17.630447461196866 ], [ -91.644567490422105, 17.621924550655329 ], [ -91.663563200057538, 17.612167139718117 ], [ -91.638827400216982, 17.581469430064949 ], [ -91.634287739625378, 17.5346242612633 ], [ -91.649077169901389, 17.517772740776891 ], [ -91.650073090361232, 17.495685079783154 ], [ -91.662816769722198, 17.479816740052538 ], [ -91.699797249846966, 17.46711104987628 ], [ -91.665205599805532, 17.461660229845307 ], [ -91.672043139561097, 17.444058819789628 ], [ -91.643326430351607, 17.430987980220749 ], [ -91.634887339849044, 17.436494919710363 ], [ -91.620207680281027, 17.431700450106909 ], [ -91.606898180101638, 17.416891379979432 ], [ -91.579688320352176, 17.40734381987221 ], [ -91.558793540232344, 17.400529579639933 ], [ -91.557856690253871, 17.422244150067698 ], [ -91.537244219787979, 17.419736169709832 ], [ -91.536847139510428, 17.407362680259777 ], [ -91.509935539814052, 17.39220271038602 ], [ -91.505004770286305, 17.399482450082552 ], [ -91.456495629851077, 17.375721540423509 ], [ -91.439298460389338, 17.384287370257876 ], [ -91.419832619841102, 17.374070680437935 ], [ -91.416775349710946, 17.345627120274564 ], [ -91.39699742030129, 17.337945060402124 ], [ -91.383514229697084, 17.312830549538962 ], [ -91.389549180340794, 17.299516450002134 ], [ -91.412592510271338, 17.307549000011353 ], [ -91.425529350276904, 17.301844120307067 ], [ -91.439758860431894, 17.250000049897181 ], [ -91.427424350043097, 17.216594829565341 ], [ -91.411222179975326, 17.206194489999742 ], [ -91.375529399815633, 17.204554829630563 ], [ -91.354747660085522, 17.190771140390332 ], [ -91.346489770433365, 17.159027119904422 ], [ -91.335570570125483, 17.161244169965393 ], [ -91.324450280169543, 17.182747310003059 ], [ -91.279085510037959, 17.179632520426861 ], [ -91.266447060189961, 17.170133030292536 ], [ -91.26344345976716, 17.158264250118048 ], [ -91.273067820139332, 17.137734480040848 ], [ -91.266943229710591, 17.10787811016376 ], [ -91.226958020247906, 17.095058969647887 ], [ -91.210307000329905, 17.053078140265885 ], [ -91.175253290081301, 17.015703999617589 ], [ -91.154402999935002, 17.004870049990075 ], [ -91.122759029568641, 17.003383939859368 ], [ -91.120049690105333, 16.977528340088568 ], [ -91.104409089651085, 16.970200649711952 ], [ -91.064480060335484, 16.925129749891571 ], [ -91.074044310219278, 16.913635659646303 ], [ -91.065627320042239, 16.902858250384931 ], [ -91.00711226014181, 16.886183509804454 ], [ -90.987831490164041, 16.863084949699779 ], [ -90.980502849934368, 16.872680459947187 ], [ -90.98506308969003, 16.897954079553809 ], [ -90.965009340182291, 16.901500019844981 ], [ -90.95450922001578, 16.884474170272068 ], [ -90.974054780116347, 16.863626459668392 ], [ -90.93363880038045, 16.859326490399837 ], [ -90.933888749591574, 16.842321090053169 ], [ -90.921765119760778, 16.821935380053482 ], [ -90.87771254020312, 16.823786220336427 ], [ -90.848784479754784, 16.796534879627007 ], [ -90.804091920430395, 16.798715800168875 ], [ -90.802809380407027, 16.776234509753785 ], [ -90.76243085001768, 16.762754219913624 ], [ -90.756845120427556, 16.751060939915497 ], [ -90.715258029669187, 16.727890659996927 ], [ -90.709512290041587, 16.704754749553089 ], [ -90.68169163028702, 16.688570340451925 ], [ -90.675948229793832, 16.660561490223611 ], [ -90.657595620097595, 16.639457649703616 ], [ -90.661984519577729, 16.627965880048873 ], [ -90.653357889868673, 16.594503050218158 ], [ -90.666973727007047, 16.589185581732064 ], [ -90.666841437824687, 16.581806451138366 ], [ -90.644634917658962, 16.579077221227688 ], [ -90.640492527113267, 16.595814261209274 ], [ -90.625600727602873, 16.57770434135227 ], [ -90.647077577336248, 16.560517781431081 ], [ -90.645410087183706, 16.518643481512335 ], [ -90.635594827680507, 16.513520851154588 ], [ -90.616583697801275, 16.521789621338325 ], [ -90.60562545757648, 16.503637341076018 ], [ -90.618591627708, 16.488638201323472 ], [ -90.633441917750034, 16.489111541115594 ], [ -90.632493653176823, 16.480079851306154 ], [ -90.620422630103164, 16.47717809005168 ], [ -90.613449569794781, 16.488449969744064 ], [ -90.595196650384054, 16.490775379713583 ], [ -90.588445679982144, 16.469685820288518 ], [ -90.547011910071291, 16.482351089851608 ], [ -90.546939119979854, 16.468055619665186 ], [ -90.527801710071486, 16.457716220373339 ], [ -90.514215770107313, 16.469896339628004 ], [ -90.500609109707952, 16.466915170131685 ], [ -90.495804140348085, 16.453488550369631 ], [ -90.480352999972979, 16.461262940362328 ], [ -90.477887849508605, 16.443683320328667 ], [ -90.486087450264975, 16.423912000363195 ], [ -90.420724219937895, 16.424896540110662 ], [ -90.407719880084187, 16.404033250382685 ], [ -90.394268939596756, 16.415935520061961 ], [ -90.387804879980081, 16.406143169845201 ], [ -90.401126000108746, 16.391431890165144 ], [ -90.370326029551933, 16.365927919774297 ], [ -90.379721980484476, 16.360027489749733 ], [ -90.395812030021844, 16.374511549760602 ], [ -90.409765879929651, 16.363015890286707 ], [ -90.409314199945115, 16.345899139882807 ], [ -90.403034370151445, 16.361056569749294 ], [ -90.399240970219722, 16.349393290084269 ], [ -90.381642310258826, 16.338449579687946 ], [ -90.397535259701684, 16.339598570175916 ], [ -90.410010909936815, 16.329182940070282 ], [ -90.411643719833293, 16.307236289867888 ], [ -90.438570150452975, 16.30209533996695 ], [ -90.431791859634842, 16.292224479602019 ], [ -90.440481580263977, 16.279792169828998 ], [ -90.422429879699905, 16.259178909593917 ], [ -90.428264779844028, 16.253893289914522 ], [ -90.445474780308345, 16.261524740252366 ], [ -90.45471657973421, 16.248647910384975 ], [ -90.450551419535344, 16.240540520118678 ], [ -90.440043940070112, 16.247574419834784 ], [ -90.427826860125208, 16.233195539765902 ], [ -90.451190850185583, 16.224895219904536 ], [ -90.456673310332064, 16.209505679951569 ], [ -90.451978219941608, 16.18504036961793 ], [ -90.431462260037335, 16.177648109994667 ], [ -90.424504999601837, 16.163184449549011 ], [ -90.450250119767929, 16.149950799914265 ], [ -90.427881139511058, 16.137121380327581 ], [ -90.429765800141382, 16.117768859823887 ], [ -90.451445909691103, 16.124504020053113 ], [ -90.456611570217774, 16.112148720253099 ], [ -90.453669570105717, 16.092259140444892 ], [ -90.425038399598037, 16.103667019854136 ], [ -90.445153800327347, 16.083022149871677 ], [ -90.440840889633776, 16.074194890303563 ], [ -91.731384150078682, 16.074020369710929 ], [ -92.210075939871814, 15.261215379852306 ], [ -92.059197220348011, 15.070333650358231 ], [ -92.073159550111001, 15.061510820143386 ], [ -92.070196019648435, 15.046781109787728 ], [ -92.077924059845657, 15.045881480189784 ], [ -92.085665819943799, 15.020728860044256 ], [ -92.098791289635813, 15.009607430374546 ], [ -92.126982919615855, 15.015236619911375 ], [ -92.15076762939124, 14.986917570733977 ], [ -92.144774050049449, 14.974947090253659 ], [ -92.144694968697351, 14.909503711031547 ], [ -92.136216308953763, 14.891649570666177 ], [ -92.146562779393875, 14.870205420148865 ], [ -92.1717419397703, 14.860192659963392 ], [ -92.184834089783678, 14.828264250373627 ], [ -92.160725849649296, 14.773496539603453 ], [ -92.161855419605359, 14.762024779683736 ], [ -92.171760910172637, 14.756746139801367 ], [ -92.169930600433872, 14.743749660386245 ], [ -92.147494710086946, 14.719034540014672 ], [ -92.145738139978619, 14.66344257967825 ], [ -92.177054380225897, 14.626225629750895 ], [ -92.182476349738636, 14.57832947970245 ], [ -92.215260419952443, 14.556898350438438 ], [ -92.226751940439186, 14.53209836976643 ], [ -92.373728466170476, 14.66655164614844 ], [ -92.415535640322176, 14.692790562200596 ], [ -92.408701489629536, 14.702455679558177 ], [ -92.432573219836044, 14.728423459879441 ], [ -92.515898050120015, 14.805035690094494 ], [ -92.853977709650607, 15.158786600064811 ], [ -93.164700423687975, 15.446623907627059 ], [ -93.332345549989014, 15.591124579619294 ], [ -93.540466334218564, 15.753961276779076 ], [ -93.748981289785334, 15.896515019672737 ], [ -93.890755909593949, 15.972624459572486 ], [ -93.917104891375033, 15.982899955847479 ], [ -93.95715015035681, 15.984601969815408 ], [ -94.03600810971443, 16.022094720227749 ], [ -94.102763690100005, 16.1425159195826 ], [ -94.109567599615659, 16.17910124969427 ], [ -94.048469920188481, 16.216171479896715 ], [ -94.035195550456791, 16.239553679740332 ], [ -94.043534370370224, 16.255686920338313 ], [ -94.032960999901618, 16.275944969985083 ], [ -94.050664849719993, 16.329713919689674 ], [ -94.139156000009294, 16.461786430469022 ], [ -93.860915770332753, 17.163741140085975 ], [ -93.827137689853132, 17.172503480762231 ], [ -93.826630169820689, 17.190494030361851 ], [ -93.798305842673642, 17.241922641284681 ], [ -93.788609504555168, 17.232327341654397 ], [ -93.772450197735694, 17.245823558744039 ], [ -93.76297648142409, 17.239344492353986 ], [ -93.662694364997762, 17.256276901944709 ], [ -93.664411458491344, 17.286193385205468 ], [ -93.638132333843231, 17.290948363005743 ], [ -93.607939816028761, 17.314930020678464 ], [ -93.513804720209535, 17.442805260684487 ], [ -93.506041419906509, 17.477491200888199 ], [ -93.514878598641147, 17.490322820292779 ], [ -93.502521279746489, 17.499522580062077 ], [ -93.484145820099272, 17.549876549941221 ], [ -93.451707049425579, 17.546484229846083 ], [ -93.445945620244032, 17.585985690200264 ], [ -93.42048990868166, 17.590047941185521 ], [ -93.409599289960497, 17.619297860385259 ], [ -93.384968289563602, 17.634176109560787 ], [ -93.384788719983064, 17.644377939796758 ], [ -93.356277769967576, 17.648037450293995 ], [ -93.354302350316033, 17.712882179565955 ], [ -93.362551849597878, 17.728687980108113 ], [ -93.37394657027437, 17.732994770126961 ], [ -93.369848879991608, 17.737383049764393 ], [ -93.390547830367879, 17.773399710489251 ], [ -93.349135090105023, 17.767085279991718 ], [ -93.343111879756464, 17.787516679800415 ], [ -93.358503080015922, 17.788396320449156 ], [ -93.364418709706129, 17.779084320380345 ], [ -93.380948488990981, 17.783164951267437 ], [ -93.366610950188033, 17.802923320250404 ], [ -93.340585980023846, 17.798120549719783 ], [ -93.349310769690348, 17.81542759978803 ], [ -93.3342951100161, 17.851698890437738 ], [ -93.35058276965151, 17.876066029746053 ], [ -93.336022450148135, 17.904986550179746 ], [ -93.34089685011719, 17.930330660144591 ], [ -93.336670199791328, 17.936601250424307 ], [ -93.32583286018783, 17.927913509768846 ], [ -93.298009690060127, 17.938581780303291 ], [ -93.278322689637235, 17.985287800791049 ], [ -93.240920979597561, 17.950094689753033 ], [ -93.207358770230272, 17.960637939926919 ], [ -93.192001579532217, 17.956135720321424 ], [ -93.183143890190593, 17.940309050244203 ], [ -93.145078028588841, 17.932352969883507 ], [ -93.145982079370569, 17.919926659788963 ], [ -93.129128889840473, 17.90785238011825 ], [ -93.104975028741919, 17.907419321844433 ], [ -93.091375939906939, 17.897561250434933 ], [ -93.091959289731079, 17.886575879667184 ], [ -93.1236259796501, 17.874450379848444 ], [ -93.131800320066034, 17.852316419797884 ], [ -93.11564074962169, 17.822212630033196 ], [ -93.101645459757052, 17.845828339957968 ], [ -93.043126309052369, 17.842577310431682 ], [ -93.025436279606538, 17.825418449897672 ], [ -93.012013399899971, 17.793669030091564 ], [ -93.027800509860214, 17.771644949742974 ], [ -93.042638279706836, 17.768411509674369 ], [ -93.05772471024612, 17.720488749668458 ], [ -93.037116080365962, 17.703381910251995 ], [ -93.045457650008416, 17.659105450025351 ], [ -93.040525339946996, 17.609828150306903 ], [ -93.004487540432706, 17.579587650167628 ], [ -93.005565250092971, 17.555248020250975 ], [ -92.988340480316111, 17.550005949604291 ], [ -92.980489680359995, 17.537562830259855 ], [ -92.99264832043886, 17.53001571999928 ], [ -92.98487341976319, 17.511307859579468 ], [ -92.968042119792727, 17.517972719971098 ], [ -92.948119830210103, 17.482743019705524 ], [ -92.939199430138359, 17.502447310167845 ], [ -92.912937540468661, 17.498213059814095 ], [ -92.887356170400523, 17.510463540421618 ], [ -92.859808750264818, 17.500281550374559 ], [ -92.84987592032121, 17.468978139960534 ], [ -92.831552480339425, 17.480857169760338 ], [ -92.819630849806785, 17.432745950115503 ], [ -92.825824749775478, 17.423784220284229 ], [ -92.856191019849973, 17.418876220175484 ], [ -92.854264460462332, 17.411197630013955 ], [ -92.82921631978661, 17.396300489979957 ], [ -92.829399600455289, 17.40859934003625 ], [ -92.785794709851444, 17.417527290017915 ], [ -92.790794229730224, 17.404985140176972 ], [ -92.768309000181631, 17.38550411965311 ], [ -92.770663309891063, 17.360396319749363 ], [ -92.758737419712901, 17.35819777987216 ], [ -92.754180200190959, 17.343298660296941 ], [ -92.729508340219041, 17.348128510142914 ], [ -92.678765030025289, 17.378493570423704 ], [ -92.668185150438433, 17.456694570050679 ], [ -92.659408279552281, 17.444284739791172 ], [ -92.648865860242338, 17.460699419977956 ], [ -92.605825139854318, 17.477375740256836 ], [ -92.594063660317715, 17.49295222963563 ], [ -92.596989689862838, 17.520359649782101 ], [ -92.571410919798936, 17.54960862015291 ], [ -92.558030539853036, 17.540225419798372 ], [ -92.530073420161244, 17.549998420427375 ], [ -92.519984889553839, 17.573049769947069 ], [ -92.467616910438949, 17.577118860153522 ], [ -92.436775649586309, 17.570096879996242 ], [ -92.402078599981991, 17.578040110165489 ], [ -92.400858139969429, 17.586032549963203 ], [ -92.350673709638372, 17.617934060279371 ], [ -92.358131679972502, 17.641959140349062 ], [ -92.349159489592552, 17.654727519832786 ], [ -92.349897030102767, 17.702784719852776 ], [ -92.340129219820369, 17.703757980056896 ], [ -92.337347260153507, 17.71208963014643 ], [ -92.288681540061503, 17.702667339982 ], [ -92.27462289028928, 17.692258050100971 ], [ -92.19449939974217, 17.776641179591181 ], [ -92.188487150389278, 17.768134630338647 ], [ -92.171950180206878, 17.786567850389943 ], [ -92.152454019783306, 17.77906556961555 ], [ -92.151708170478372, 17.764568879696679 ], [ -92.130825419760328, 17.766080350225128 ], [ -92.135971889722086, 17.779012310131712 ], [ -92.127138079654316, 17.785898379635007 ], [ -92.146582769549454, 17.814676000140366 ], [ -92.120481630125042, 17.795972690321811 ], [ -92.105535180282786, 17.812938720314161 ], [ -92.102033350384048, 17.850880169854367 ], [ -92.090497629803281, 17.850727780274948 ], [ -92.090468820002144, 17.856599490241326 ], [ -92.056308220360265, 17.846754449605605 ], [ -92.049407080053285, 17.85477203025966 ], [ -92.052457980339284, 17.867246109691255 ], [ -92.071797050177835, 17.877673649756691 ], [ -92.019707909858496, 17.887823920194737 ], [ -92.015546629548211, 17.897501119738752 ], [ -92.003355060087898, 17.890518180364101 ], [ -91.991289740136793, 17.919612309710146 ], [ -91.995671089842986, 17.942589969690744 ] ] ] ] } },
{ "type": "Feature", "properties": { "fid": 8, "CVEGEO": "08", "CVE_ENT": "08", "NOMGEO": "Chihuahua", "PibCalc25": 938655, "SUP": 247412.53501873478, "Long_Carret": 8707.874, "Municipios": 67, "UE": 141421, "Dens_Carret": 0.0352, "Dens_UE": 0.5716 }, "geometry": { "type": "MultiPolygon", "coordinates": [ [ [ [ -108.208373460326968, 31.783754020279439 ], [ -106.528523280159945, 31.783817450428742 ], [ -106.487545509029786, 31.747716860335842 ], [ -106.452051020219159, 31.764623230200648 ], [ -106.3812684602009, 31.732335049738086 ], [ -106.37206813992708, 31.712596579650018 ], [ -106.349414419369253, 31.696398020550582 ], [ -106.303166110084618, 31.622314680223766 ], [ -106.280406430109196, 31.562292000205822 ], [ -106.24718883016682, 31.542805830408579 ], [ -106.208130860355695, 31.467581910215749 ], [ -106.174580089896438, 31.455242860165541 ], [ -106.132418150424812, 31.425183059964375 ], [ -106.108316380171175, 31.422625819725106 ], [ -106.080196569735648, 31.398602779730936 ], [ -106.004782060259444, 31.392655019812658 ], [ -105.971452740150411, 31.366610050303965 ], [ -105.95351087979833, 31.364094339885408 ], [ -105.937827740364398, 31.318239910080095 ], [ -105.907738829746549, 31.312369110122649 ], [ -105.893290150340832, 31.290383659830923 ], [ -105.870331310224188, 31.289715830291641 ], [ -105.794888710128021, 31.203073889774771 ], [ -105.783274939898121, 31.198151029781847 ], [ -105.772577490071157, 31.166208180142039 ], [ -105.74189889013995, 31.164707739779381 ], [ -105.709323509905232, 31.13628985984624 ], [ -105.648282850418994, 31.115390539831203 ], [ -105.642331019850005, 31.098497549629368 ], [ -105.627040199609738, 31.098200429663098 ], [ -105.604142250041335, 31.083268059576785 ], [ -105.585017970015627, 31.055896579662306 ], [ -105.578937720471771, 31.021243599693314 ], [ -105.569667169894998, 31.017004420369016 ], [ -105.557586050516491, 30.990049630309372 ], [ -105.532956139640461, 30.984637920339107 ], [ -105.516330539930607, 30.965464369799953 ], [ -105.502848800370501, 30.968009820352421 ], [ -105.491525229927475, 30.942302950156829 ], [ -105.467193179809925, 30.924791319835119 ], [ -105.451860629653069, 30.924409059870051 ], [ -105.453180230165771, 30.916154889814031 ], [ -105.447137460040381, 30.919360749806415 ], [ -105.441566380202602, 30.908406950282629 ], [ -105.41620697950097, 30.900285479992696 ], [ -105.41237190965191, 30.888871380395937 ], [ -105.400095260002644, 30.889383430336913 ], [ -105.404470909491195, 30.880150090220717 ], [ -105.391662780430281, 30.874232179541643 ], [ -105.401186459541364, 30.853187999864051 ], [ -105.361859449621477, 30.850608119827029 ], [ -105.351941830291523, 30.835578489833416 ], [ -105.339103910504292, 30.840256420269828 ], [ -105.329582320526029, 30.825501350359083 ], [ -105.318633619833761, 30.828303430069017 ], [ -105.316507649578753, 30.810878829857639 ], [ -105.309759980029455, 30.816934680038969 ], [ -105.306159110035907, 30.809752370356836 ], [ -105.300976579942997, 30.823950749836008 ], [ -105.291161600293393, 30.825827850106375 ], [ -105.256364949965572, 30.794423289893256 ], [ -105.215552479943881, 30.805899480421409 ], [ -105.210710969688492, 30.798621369989959 ], [ -105.216820370523521, 30.783543450416701 ], [ -105.195559549548918, 30.792254200352051 ], [ -105.175549889614189, 30.767579629881396 ], [ -105.165914939859746, 30.779538879787719 ], [ -105.156237179925796, 30.769445030261586 ], [ -105.161688739756883, 30.75241708024987 ], [ -105.11858776975717, 30.749594799969298 ], [ -105.105612080020705, 30.723666340431436 ], [ -105.080581549753475, 30.707926250283393 ], [ -105.082583449879223, 30.701388569871074 ], [ -105.062694169893078, 30.698176600191655 ], [ -105.061936709967526, 30.685822120057814 ], [ -105.046899169737387, 30.679866580415286 ], [ -105.047116860462438, 30.688166719941673 ], [ -105.039544550158823, 30.688529399762693 ], [ -105.027244599550698, 30.678850980058161 ], [ -105.006902860096929, 30.685779689760491 ], [ -104.985393679886741, 30.661763309831787 ], [ -104.984180620145366, 30.635164709573598 ], [ -104.971676650000447, 30.610004060185815 ], [ -104.93570234043824, 30.606113250177181 ], [ -104.930506339967536, 30.598453419731211 ], [ -104.922360580394482, 30.603532019936075 ], [ -104.919815140262017, 30.586883489565164 ], [ -104.89915782044001, 30.570510450056922 ], [ -104.8891849998341, 30.534971919806537 ], [ -104.880292089782643, 30.529846259573411 ], [ -104.885684279876486, 30.518076140129914 ], [ -104.873294319763673, 30.513597230341716 ], [ -104.873899919494107, 30.495407250155715 ], [ -104.86648744976533, 30.494033429979954 ], [ -104.868242520019052, 30.44202746017066 ], [ -104.858292649938207, 30.437353719937679 ], [ -104.861476050369234, 30.426441289634408 ], [ -104.847835829720822, 30.420680250167166 ], [ -104.859162169624952, 30.390401060357146 ], [ -104.837280780443677, 30.373873690008633 ], [ -104.816567120029575, 30.375116599866779 ], [ -104.819369080204751, 30.36796455020146 ], [ -104.811098769724566, 30.361659319914619 ], [ -104.822133380045074, 30.349938489839229 ], [ -104.809977549522827, 30.341090259684904 ], [ -104.811282450083581, 30.332653060001636 ], [ -104.791804489886886, 30.325830980274475 ], [ -104.777073179743127, 30.310273379758161 ], [ -104.779038170021863, 30.30331342996389 ], [ -104.765330289529942, 30.306116620427833 ], [ -104.758088289884384, 30.282682430380351 ], [ -104.763186879954191, 30.274583000276206 ], [ -104.748086079580034, 30.274195779797026 ], [ -104.750240150069459, 30.261692720189743 ], [ -104.736981139747527, 30.255942219726208 ], [ -104.733327769926461, 30.261122940382201 ], [ -104.706194829954427, 30.234131429744782 ], [ -104.711028970179171, 30.22319957042194 ], [ -104.686257199990294, 30.172919750266662 ], [ -104.685371199987529, 30.14427068962075 ], [ -104.696450230471655, 30.134675459553392 ], [ -104.695355420078869, 30.118341799687062 ], [ -104.685535290250726, 30.108969720023364 ], [ -104.694314750100986, 30.101679029752876 ], [ -104.684987779726654, 30.099263399611733 ], [ -104.685086080113038, 30.085396740296169 ], [ -104.706593079989062, 30.05057608978036 ], [ -104.695101019789945, 30.037821370329926 ], [ -104.703299290097192, 30.022656770352491 ], [ -104.68984332040678, 30.014955999776674 ], [ -104.694046580109273, 30.002778980017187 ], [ -104.68719054955055, 29.996139350011536 ], [ -104.694927150131065, 29.9925576302027 ], [ -104.6856131101122, 29.990256480155878 ], [ -104.693487030288338, 29.975833379845007 ], [ -104.681029659635087, 29.9775938203809 ], [ -104.685005580390538, 29.956601050414974 ], [ -104.673475550216949, 29.956010999863565 ], [ -104.682949909686954, 29.929174549583372 ], [ -104.665531229649361, 29.901611709970783 ], [ -104.655658680085594, 29.905996549649704 ], [ -104.658025619940858, 29.890465630255484 ], [ -104.650709999552319, 29.891344940375959 ], [ -104.632934460199493, 29.870007429773178 ], [ -104.623714860187945, 29.842437600012754 ], [ -104.615659350324421, 29.84643471969331 ], [ -104.60940334016685, 29.839437420153637 ], [ -104.62035894989485, 29.830962199577854 ], [ -104.60857771991391, 29.827828280010596 ], [ -104.609986770444621, 29.818968550039159 ], [ -104.593816310423932, 29.805061400113125 ], [ -104.591153619534808, 29.809458420256835 ], [ -104.589796919892052, 29.796060799699791 ], [ -104.581271369724149, 29.794594999820088 ], [ -104.565346539939611, 29.770134920026688 ], [ -104.569709889733161, 29.752467380063337 ], [ -104.549714979503293, 29.741400140266542 ], [ -104.560438029505079, 29.736078800404208 ], [ -104.54950331005422, 29.731032940198965 ], [ -104.545731979961275, 29.699121080009068 ], [ -104.530843200207087, 29.690498310201185 ], [ -104.544159950059367, 29.680704220055649 ], [ -104.536174880156992, 29.667252180174859 ], [ -104.526169920446264, 29.667978309865159 ], [ -104.508334399737862, 29.632651280118225 ], [ -104.498074459897438, 29.639609460223539 ], [ -104.476350750154992, 29.628329720380371 ], [ -104.466662749790046, 29.609695970301466 ], [ -104.398981770421528, 29.573004490064051 ], [ -104.393214910055121, 29.55350970989856 ], [ -104.384210460209772, 29.553862219688238 ], [ -104.384923319673703, 29.54299146015159 ], [ -104.360223490144236, 29.535862690332493 ], [ -104.356153649895901, 29.541194750414373 ], [ -104.353136999569415, 29.528669180329842 ], [ -104.335383260073669, 29.519795690318002 ], [ -104.313408380148502, 29.531758550289407 ], [ -104.311093650300592, 29.523633380190553 ], [ -104.263644459730003, 29.514158429934717 ], [ -104.236821219638372, 29.49714556957036 ], [ -104.230750429582997, 29.479118150328315 ], [ -104.212882219891569, 29.485088829843924 ], [ -104.217506850081477, 29.456118550359186 ], [ -104.18221199981717, 29.427218019926517 ], [ -104.167929350392313, 29.395514850274655 ], [ -104.153383089597384, 29.393259910350295 ], [ -104.142991709841112, 29.380578679767098 ], [ -104.124216000065459, 29.381198369799431 ], [ -104.119510139654707, 29.370729579643825 ], [ -104.107813229599074, 29.373574690369434 ], [ -104.083079110094772, 29.346582709867487 ], [ -104.055939349653258, 29.336880859923554 ], [ -104.037893890000262, 29.319905170261393 ], [ -103.976198940054033, 29.296729459647288 ], [ -103.925739909596274, 29.294324689842288 ], [ -103.917991049658909, 29.28494028030109 ], [ -103.899535449820064, 29.287732520051453 ], [ -103.889476450461885, 29.279415689929209 ], [ -103.879400220407675, 29.285514309719574 ], [ -103.844396950421597, 29.280005080063738 ], [ -103.826717199539374, 29.269771400278231 ], [ -103.814038449528155, 29.274514800386036 ], [ -103.800776819900037, 29.259299939972411 ], [ -103.783324659518811, 29.265518880164802 ], [ -103.775552539607446, 29.249566170404528 ], [ -103.78147483006363, 29.240523660141687 ], [ -103.777302739750439, 29.221933780393897 ], [ -103.760380220373094, 29.233457169875937 ], [ -103.755876370175244, 29.220044909740693 ], [ -103.742647120001536, 29.22229664980394 ], [ -103.739772710272263, 29.205404709845268 ], [ -103.718278480456163, 29.181147509738743 ], [ -103.703659170494646, 29.184872420079074 ], [ -103.698333949683843, 29.177607139819525 ], [ -103.659226569989769, 29.170590420173415 ], [ -103.650145970386134, 29.15669394994384 ], [ -103.612213879845768, 29.165298539757838 ], [ -103.585017850401911, 29.149669150226714 ], [ -103.554072480023407, 29.158516030335228 ], [ -103.550205849896471, 29.143856449792466 ], [ -103.524773549585746, 29.137272200019407 ], [ -103.524853660136841, 29.121334279943788 ], [ -103.501821380398212, 29.117905169797581 ], [ -103.504711079989164, 29.107926059894947 ], [ -103.494348999989057, 29.108471770103819 ], [ -103.470708310219663, 29.085124140026693 ], [ -103.471692519562509, 29.066792459613012 ], [ -103.450012540294537, 29.07266954019255 ], [ -103.445904249666881, 29.061203280132872 ], [ -103.434422229651062, 29.057320169566541 ], [ -103.432817139709925, 29.043631649739517 ], [ -103.404995079904481, 29.039506579743822 ], [ -103.401648599562861, 29.031286709945704 ], [ -103.390928679660135, 29.034643820233057 ], [ -103.386326980358263, 29.02209225012432 ], [ -103.359604050221748, 29.018786090297937 ], [ -103.345081519612108, 29.046802220292037 ], [ -103.327484749781348, 29.039895320213645 ], [ -103.329102280474984, 29.030780019895971 ], [ -103.342212140425048, 29.028005520132272 ], [ -103.336475030379177, 29.018173310155202 ], [ -103.306887779560753, 29.023778630094156 ], [ -103.31598119961869, 29.010847140034517 ], [ -103.307702399583889, 29.002276540402544 ], [ -103.357700659646, 28.920250630196762 ], [ -103.403650249746434, 28.869254170420934 ], [ -103.396346720205983, 28.833528569565303 ], [ -103.404586109730658, 28.829551519652281 ], [ -103.410015379736507, 28.840922380199157 ], [ -103.43166304978736, 28.813180349916721 ], [ -103.514512139708685, 28.664997850367417 ], [ -103.519761980081284, 28.668745029663057 ], [ -103.557295310183591, 28.611280680243159 ], [ -103.572658950285458, 28.640639170252747 ], [ -103.582001489907981, 28.628793509784725 ], [ -103.59637370968386, 28.639474549926224 ], [ -103.616046030371152, 28.59819472011381 ], [ -103.591915879734984, 28.590834260432803 ], [ -103.601008400503346, 28.574907400030003 ], [ -103.624567599919175, 28.581146509651564 ], [ -103.64794445961175, 28.5329834800227 ], [ -103.643010799893872, 28.512461879738591 ], [ -103.728332859655566, 28.356491020035545 ], [ -103.762871250184233, 28.29819678043101 ], [ -103.768179780332602, 28.300372520190869 ], [ -103.867499859541155, 28.112135679954147 ], [ -103.860941290260257, 28.109021939762528 ], [ -103.92669189039924, 27.97135674971539 ], [ -103.877715939903283, 27.957490339972789 ], [ -103.892885850038056, 27.914022970280616 ], [ -103.941867579701338, 27.927796490345997 ], [ -103.935643090050263, 27.945342370325264 ], [ -103.954973490042249, 27.950820999869464 ], [ -103.943331279601196, 27.888843219975325 ], [ -103.945783049827881, 27.856388229793325 ], [ -103.960001920139007, 27.835309020138556 ], [ -103.943906710419654, 27.826870550034627 ], [ -103.90084391950451, 27.826857259561248 ], [ -103.935649549573228, 27.79755273962288 ], [ -103.881145340212868, 27.73918574043423 ], [ -103.896692289949556, 27.74055724985217 ], [ -103.889504939645619, 27.713217139913091 ], [ -103.895532660131877, 27.674021200321913 ], [ -103.883244580138225, 27.657591820298457 ], [ -103.897262860222597, 27.656548769880168 ], [ -103.883555519816639, 27.60077175013511 ], [ -103.86883765987622, 27.607136829756346 ], [ -103.854600949800158, 27.549432739816762 ], [ -103.858505140490763, 27.43989148987901 ], [ -103.863650419695929, 27.44092073959759 ], [ -103.876876019906263, 27.31159213990631 ], [ -103.832122550024081, 27.29829348041028 ], [ -103.819763489907245, 27.24295655033416 ], [ -103.809395429717227, 27.249203079733178 ], [ -103.798427339783899, 27.21347569031078 ], [ -103.79939847981143, 27.124729539657608 ], [ -103.783470320494956, 27.091205599994293 ], [ -103.752461200457702, 27.077919599588565 ], [ -103.740834369686681, 27.022521750084572 ], [ -103.779947689798703, 27.00888628970862 ], [ -103.78462875044886, 26.980698519857171 ], [ -103.852089030269866, 26.934619420181097 ], [ -103.835919180060543, 26.935813349783224 ], [ -103.851700709703778, 26.896133830204118 ], [ -103.779605449508708, 26.836126249864339 ], [ -103.753967919504333, 26.82957345004802 ], [ -103.750619739714949, 26.809905079658559 ], [ -103.724870799781527, 26.772106520134752 ], [ -103.715248689929112, 26.73507725976307 ], [ -103.699094109623175, 26.725256379721518 ], [ -103.861298490036816, 26.754094570149917 ], [ -103.993832830123893, 26.753610420376383 ], [ -103.994995489782909, 26.777540259735837 ], [ -104.033190620139848, 26.774391490090366 ], [ -104.04573782009426, 26.742976539901019 ], [ -104.227808850411236, 26.777153630012329 ], [ -104.273042420283872, 26.842279520049257 ], [ -104.294888060019204, 26.817751020380765 ], [ -104.286161489966133, 26.815204819867112 ], [ -104.315306570409419, 26.799069519558458 ], [ -104.305315480427453, 26.792891799818875 ], [ -104.30176193977023, 26.771948570222275 ], [ -104.317279600327993, 26.76073675018128 ], [ -104.299759720474341, 26.751945540233177 ], [ -104.286543480472531, 26.725403000168193 ], [ -104.306795339531106, 26.70716816986771 ], [ -104.330387429999718, 26.656532920415646 ], [ -104.375422540043516, 26.640716489927318 ], [ -104.434775250432295, 26.604520540360873 ], [ -104.468555449970111, 26.52034145043956 ], [ -104.495899320268109, 26.466859310108848 ], [ -104.502828630407492, 26.46584591991067 ], [ -104.495401769876437, 26.433418949666578 ], [ -104.500974380041569, 26.414757429769995 ], [ -104.574451480031797, 26.340468279605044 ], [ -104.593856490163105, 26.380439649640131 ], [ -104.62008858041149, 26.368842650214205 ], [ -104.645317550080691, 26.391612280300926 ], [ -104.654075380444354, 26.391053020362989 ], [ -104.677293419747258, 26.429333080366604 ], [ -104.727036339656863, 26.47796492032467 ], [ -104.747842080384629, 26.492447199932471 ], [ -104.760956060126063, 26.485818720163739 ], [ -104.809274140041794, 26.508497420395461 ], [ -104.856583229797195, 26.502868850144335 ], [ -104.898900319597757, 26.51001830975391 ], [ -104.936729920402769, 26.483711580238253 ], [ -104.944376679744707, 26.468344690030165 ], [ -104.963215179965076, 26.473390920381732 ], [ -104.969591860128574, 26.465952290332737 ], [ -104.956239050190405, 26.462844680145928 ], [ -104.963103599585708, 26.449184350035935 ], [ -105.000389370397144, 26.454950829575161 ], [ -105.052577820471853, 26.429764579581445 ], [ -105.056634029585112, 26.419300540045626 ], [ -105.101549549691498, 26.521405520396971 ], [ -105.264682580205715, 26.462072749796317 ], [ -105.279081880029494, 26.487475370435035 ], [ -105.289933620113842, 26.488111120011791 ], [ -105.316752430195962, 26.462286780150354 ], [ -105.338753659930504, 26.478050179967873 ], [ -105.352765369563429, 26.478876479587573 ], [ -105.354523920267297, 26.492617179648668 ], [ -105.342706109745009, 26.50451551039286 ], [ -105.368624679683819, 26.534269450410456 ], [ -105.403427569761774, 26.517524659949768 ], [ -105.438602049790546, 26.528344750061859 ], [ -105.470142420449662, 26.527898049978354 ], [ -105.471513980121372, 26.508701680077465 ], [ -105.495629019627259, 26.525631079902926 ], [ -105.496085319778558, 26.542851879687259 ], [ -105.549003029673344, 26.546578580196677 ], [ -105.619487260261309, 26.683509450036816 ], [ -105.601010060118, 26.614848890273326 ], [ -105.640892979990426, 26.619996200061507 ], [ -105.637202820089456, 26.609141880197001 ], [ -105.645533319816892, 26.6166099702256 ], [ -105.674883059553764, 26.617670309971459 ], [ -105.670947999793441, 26.635226460354279 ], [ -105.68988005008606, 26.657188850407078 ], [ -105.704798769499391, 26.652907689820097 ], [ -105.728907969604023, 26.697896060194509 ], [ -105.734963580444926, 26.68481962022701 ], [ -105.74634185031168, 26.71386857964276 ], [ -105.794261289987816, 26.698767260280942 ], [ -105.775808679698898, 26.660933140297011 ], [ -105.814552889691441, 26.69096690989057 ], [ -105.86543746009626, 26.747375860331346 ], [ -105.874542249588131, 26.738575740456 ], [ -105.894101739949321, 26.741009490339241 ], [ -105.898336969809804, 26.763853879602372 ], [ -105.908606090302712, 26.752837820209351 ], [ -105.928107019704527, 26.765931970391964 ], [ -105.939193510474837, 26.763215519946602 ], [ -106.047339090378316, 26.844875910058633 ], [ -106.065048420268084, 26.827633349583284 ], [ -106.100642660303677, 26.75933317962161 ], [ -106.125262400093234, 26.779410370444708 ], [ -106.177626450383215, 26.772336580313628 ], [ -106.170433939640816, 26.750125539802852 ], [ -106.178729459996859, 26.744436489765722 ], [ -106.176580830026765, 26.727722050177277 ], [ -106.141444000278412, 26.720786649764431 ], [ -106.130674479780865, 26.702203380112572 ], [ -106.133016739524976, 26.697332599739216 ], [ -106.147462800185139, 26.709237740110066 ], [ -106.172662080076407, 26.705166800183147 ], [ -106.189675000464845, 26.695139320071533 ], [ -106.187989479646419, 26.674475769566133 ], [ -106.197128479809876, 26.683779019812057 ], [ -106.19834671004979, 26.676009290024286 ], [ -106.207922680101689, 26.678064750253014 ], [ -106.206042229709766, 26.66894809021602 ], [ -106.219826089865066, 26.656355980053675 ], [ -106.226734859739295, 26.614956459622682 ], [ -106.236540059584101, 26.612167490303612 ], [ -106.232961079733101, 26.559560370139831 ], [ -106.239527139763354, 26.562437320347712 ], [ -106.241217120018121, 26.544989919924735 ], [ -106.280135449532153, 26.532067229832982 ], [ -106.269571430119356, 26.527169429881809 ], [ -106.280666000187978, 26.511753550199302 ], [ -106.253881020153585, 26.507355550343149 ], [ -106.250855400376665, 26.478584970354696 ], [ -106.242030459976803, 26.466823850265943 ], [ -106.265220619584881, 26.424139710239515 ], [ -106.264374049719564, 26.406115919975512 ], [ -106.297598019672137, 26.396454800017313 ], [ -106.302176549627234, 26.363876320108677 ], [ -106.275457919995773, 26.367415459584002 ], [ -106.287040949760794, 26.335081569723194 ], [ -106.312257570399126, 26.34875440030784 ], [ -106.432775520352095, 26.204013419951639 ], [ -106.415614950053254, 26.139400289819719 ], [ -106.45864357964976, 26.112160690387064 ], [ -106.454406860156439, 26.095260420282973 ], [ -106.471229309488166, 26.060522919613572 ], [ -106.454098290390206, 26.046357029851965 ], [ -106.453396630495675, 26.027840690124361 ], [ -106.467451579845559, 26.018288369934215 ], [ -106.470406690096567, 26.005425750427069 ], [ -106.44471262010444, 26.005088220392079 ], [ -106.455815460263395, 25.972579200413371 ], [ -106.491665310036865, 25.968053480383375 ], [ -106.501473170159642, 25.954955749662354 ], [ -106.533715460025988, 25.945761519843899 ], [ -106.54730610962234, 25.952421750001157 ], [ -106.560129779910582, 25.912706770012523 ], [ -106.555967749505612, 25.691706629845239 ], [ -106.464041580066649, 25.741709660096092 ], [ -106.463617510053595, 25.729043679743381 ], [ -106.508831779584199, 25.707508020041985 ], [ -106.536441249624502, 25.67596347970402 ], [ -106.591823799957353, 25.647391720370436 ], [ -106.629255539718955, 25.603791629675062 ], [ -106.630847649699064, 25.585800119595888 ], [ -106.655595460187186, 25.575165829899412 ], [ -106.65282630960786, 25.558843620331725 ], [ -106.671419850006117, 25.567421650106436 ], [ -106.680244939926666, 25.589323089622933 ], [ -106.707969850190338, 25.602451260261013 ], [ -106.681968520226278, 25.579168450118036 ], [ -106.698845909923691, 25.580839419708681 ], [ -106.70575813981246, 25.597349740105319 ], [ -106.702548690102532, 25.581205750328156 ], [ -106.744796369600664, 25.585163379933057 ], [ -106.873755980254458, 25.571864830121765 ], [ -106.899222080309954, 25.643742050069331 ], [ -106.893783689560038, 25.644291349760845 ], [ -106.994324520072595, 25.662232600125986 ], [ -106.966939820426333, 25.668330820313606 ], [ -106.965322690174915, 25.69787857979097 ], [ -106.990298750109588, 25.714924059964304 ], [ -107.01068003005129, 25.691459379784032 ], [ -107.043126619726735, 25.69769878018084 ], [ -107.048079460401269, 25.710826919778672 ], [ -107.064223709896808, 25.719074089730782 ], [ -107.064683450478668, 25.748164219587011 ], [ -107.057904770049049, 25.757367970352881 ], [ -107.208865539973544, 25.856312770391924 ], [ -107.206949140337557, 25.86391942022129 ], [ -107.2465100196668, 25.87777448978078 ], [ -107.242470659521743, 25.892369649718585 ], [ -107.29612821980345, 25.924793399702345 ], [ -107.280037090301477, 25.958095880196808 ], [ -107.282377770044704, 25.9899248199842 ], [ -107.276346260259288, 26.001976539951102 ], [ -107.306691719950464, 26.048784149663447 ], [ -107.304889800399778, 26.076402430311756 ], [ -107.346527799804633, 26.109523120113742 ], [ -107.431042689593397, 26.14285992038657 ], [ -107.460003150375684, 26.138314949847402 ], [ -107.492171150130702, 26.111462659981388 ], [ -107.506115220254486, 26.115787480142153 ], [ -107.520019980257203, 26.104227169830619 ], [ -107.52626705005234, 26.12774764981328 ], [ -107.543680180080301, 26.137319570190627 ], [ -107.543277400056866, 26.14634894009907 ], [ -107.58202728031263, 26.170640119962961 ], [ -107.635749570243831, 26.15457804995939 ], [ -107.711075510354163, 26.174413059872627 ], [ -107.717431539900559, 26.164741579816575 ], [ -107.738716029520688, 26.167239689996276 ], [ -107.737873110497944, 26.156947120133399 ], [ -107.74759715002827, 26.153793170116028 ], [ -107.755172150116096, 26.134512449631274 ], [ -107.780690460217102, 26.136937580329953 ], [ -107.788923910440587, 26.168613779989009 ], [ -107.822754769629825, 26.187629089699023 ], [ -107.839949630386386, 26.18293817980458 ], [ -107.854018510167748, 26.196519379894347 ], [ -107.856264569981576, 26.226035119969357 ], [ -108.012797020164911, 26.439048060426039 ], [ -107.969639109534924, 26.470167859890982 ], [ -107.985622599632151, 26.472099769929965 ], [ -107.957265309943409, 26.493743949707831 ], [ -107.961016750162045, 26.526955399550619 ], [ -107.989744829926295, 26.548039800326901 ], [ -107.992045920309678, 26.562283449896199 ], [ -108.012484020414433, 26.579643019981965 ], [ -108.012174889621733, 26.591395509723153 ], [ -108.032513630165028, 26.603182219995077 ], [ -108.031809539508473, 26.615924349954888 ], [ -108.051582350160359, 26.629835850340701 ], [ -108.074558380277537, 26.627993749685519 ], [ -108.081603449544019, 26.641993830300805 ], [ -108.031723579777179, 26.667981250208392 ], [ -108.011746630303804, 26.689482429700078 ], [ -108.006779379962481, 26.715487550137265 ], [ -108.019230969790058, 26.730666749678416 ], [ -108.005700739627486, 26.76104879971243 ], [ -108.014264229572433, 26.773152939910126 ], [ -108.037649050033394, 26.769780800028123 ], [ -108.026820849946589, 26.798466370313129 ], [ -108.094107249955201, 26.870463679962992 ], [ -108.14424735015595, 26.867649320162769 ], [ -108.143101549705534, 26.907884139724505 ], [ -108.155913259576252, 26.895216510446282 ], [ -108.16855839954863, 26.895070949968876 ], [ -108.174548629818801, 26.881464830331929 ], [ -108.183915570245361, 26.899737999891418 ], [ -108.190080510247682, 26.895872140095562 ], [ -108.207390179602655, 26.906000079885796 ], [ -108.202779600183078, 26.890618710083373 ], [ -108.209717490026989, 26.885437649894698 ], [ -108.230236910121803, 26.90572458007065 ], [ -108.225020920090344, 26.92287695014274 ], [ -108.235015709869259, 26.958619850158417 ], [ -108.218373570131959, 26.964787000198406 ], [ -108.215827829758453, 26.977682909962102 ], [ -108.196907250398993, 26.981123569899882 ], [ -108.181524019530428, 26.99410991987256 ], [ -108.195068679584011, 27.032703919652338 ], [ -108.225854050444212, 27.027221350410741 ], [ -108.241218690271978, 27.041846049781793 ], [ -108.250447599478292, 27.041031489625954 ], [ -108.286010139946427, 27.01247064963648 ], [ -108.288914230327052, 27.026579920156042 ], [ -108.303387660422302, 27.036620349565339 ], [ -108.316558050431837, 27.034488350000647 ], [ -108.32598137005877, 27.020492949573676 ], [ -108.322026019670915, 27.008936549903741 ], [ -108.333326220469331, 27.004596309891358 ], [ -108.350109940024012, 27.022554429557022 ], [ -108.409640450057211, 27.013404950344668 ], [ -108.443101600267482, 27.029498059693214 ], [ -108.454791060144473, 27.027035860420881 ], [ -108.464308970027488, 27.040099909718876 ], [ -108.471313230062805, 27.030495140047439 ], [ -108.479974019804146, 27.039587709634844 ], [ -108.491734879685112, 27.031380200407707 ], [ -108.484171880031866, 27.017438940036755 ], [ -108.506260430391904, 27.00307951022452 ], [ -108.502486120069761, 26.987357029886898 ], [ -108.551763429706838, 26.997145289783436 ], [ -108.572247419913623, 27.012655830434394 ], [ -108.562535280066285, 27.04601894028454 ], [ -108.602276049567934, 27.036943279958667 ], [ -108.606188969928581, 27.0635850196158 ], [ -108.596956180108208, 27.076899650208055 ], [ -108.611426709526654, 27.154144749822901 ], [ -108.644320149965026, 27.178811150066366 ], [ -108.653220550046086, 27.176054600194945 ], [ -108.647518909562393, 27.186700850049348 ], [ -108.662578079805556, 27.219542920382565 ], [ -108.658088509986669, 27.23165221974255 ], [ -108.664375490161376, 27.239395830141223 ], [ -108.625590630290219, 27.289245860365021 ], [ -108.591045120035858, 27.318080480214412 ], [ -108.629125199831122, 27.38292060045103 ], [ -108.633417689575921, 27.428136479874276 ], [ -108.661648399923081, 27.464744350063956 ], [ -108.653022909507555, 27.469031630082402 ], [ -108.652405349778562, 27.537032910137537 ], [ -108.712807710167226, 27.566246480120935 ], [ -108.722958089985212, 27.588147739811578 ], [ -108.739852379738466, 27.599954579690237 ], [ -108.754199380111103, 27.636733429748841 ], [ -108.749313780279465, 27.664730820393693 ], [ -108.772786770067043, 27.696501480202649 ], [ -108.766024779814956, 27.705833570030823 ], [ -108.784446940166987, 27.714906860207336 ], [ -108.784494630056997, 27.730465249673038 ], [ -108.799275690445043, 27.723028399979061 ], [ -108.807384349668737, 27.737990749865329 ], [ -108.817003660219399, 27.732166079935549 ], [ -108.832963779543107, 27.744349570358956 ], [ -108.895515650285091, 27.744807090278403 ], [ -108.92029422020984, 27.783973060064316 ], [ -108.910464140038343, 27.809135750030578 ], [ -108.886081719724018, 27.8136700300572 ], [ -108.869140220448998, 27.839286339843223 ], [ -108.914867979945384, 27.854005230131829 ], [ -108.926511029752604, 27.940594229889673 ], [ -108.950313780245821, 27.954039540335849 ], [ -108.963705399719544, 27.972524019757728 ], [ -108.991684940296551, 27.979980889768548 ], [ -109.03189961990654, 28.018288030020695 ], [ -109.048947920082242, 28.092650349755313 ], [ -109.072894200334929, 28.148572349653467 ], [ -109.061990110329901, 28.19920193996202 ], [ -109.074886169632265, 28.27260941972639 ], [ -109.058436179881383, 28.267268860035927 ], [ -109.068696400139643, 28.286138850068493 ], [ -109.051883259901857, 28.276424630260394 ], [ -109.045764739644753, 28.281161650452347 ], [ -109.040681950045737, 28.266990019915745 ], [ -109.022777000135818, 28.277531940181973 ], [ -108.99744376971482, 28.255054539706467 ], [ -108.988308780239549, 28.262540709861206 ], [ -108.987054769608264, 28.277832680388276 ], [ -108.995545089872323, 28.286386970233188 ], [ -108.993974380098194, 28.297959659911513 ], [ -108.982913569525451, 28.287068659819756 ], [ -108.983558909760632, 28.276964710166123 ], [ -108.967261109763285, 28.264999749914089 ], [ -108.928816139512335, 28.25955591029139 ], [ -108.922014450318017, 28.251491779965818 ], [ -108.912675400443277, 28.260001249608827 ], [ -108.880663340362105, 28.264726430334665 ], [ -108.856088569511996, 28.251538289651059 ], [ -108.851383260183084, 28.25948299996757 ], [ -108.841996910204813, 28.253257369894623 ], [ -108.830422949944406, 28.265049280019582 ], [ -108.791663180317954, 28.25361705983649 ], [ -108.796684509649836, 28.267163450262164 ], [ -108.750983879873402, 28.271569349572836 ], [ -108.687225109991743, 28.303462490440321 ], [ -108.661933879742492, 28.29547511035269 ], [ -108.655832290416768, 28.301806949722284 ], [ -108.641293139668875, 28.291608649943697 ], [ -108.63618094015068, 28.335228020251751 ], [ -108.611167289685042, 28.335256820385219 ], [ -108.60350742986661, 28.347561909678337 ], [ -108.550927850513688, 28.318055450237704 ], [ -108.519637720336462, 28.334762180386473 ], [ -108.521650999803484, 28.365060629695133 ], [ -108.501365400122651, 28.355729260362054 ], [ -108.479701019674792, 28.369551059926721 ], [ -108.5155413997838, 28.426284319809149 ], [ -108.504141220178056, 28.454439280050963 ], [ -108.520388779654283, 28.459758820163 ], [ -108.504795179949241, 28.493357289917025 ], [ -108.507671710219, 28.508215909973856 ], [ -108.523286649587817, 28.505910350129181 ], [ -108.531286849972801, 28.556668579859434 ], [ -108.561361799748397, 28.591173509589904 ], [ -108.564396369529902, 28.612709649906538 ], [ -108.580151200371674, 28.632446340228974 ], [ -108.583785200369263, 28.740139380118041 ], [ -108.643294420072678, 28.765067550188572 ], [ -108.645556750026927, 28.794727090212852 ], [ -108.636328430383742, 28.791882769947037 ], [ -108.623817379506121, 28.806122999827338 ], [ -108.629625090106728, 28.811722350054524 ], [ -108.657849549950598, 28.809224489561675 ], [ -108.681200520084658, 28.854771169670254 ], [ -108.678176230006528, 28.863275879768903 ], [ -108.709797720458511, 28.889515459873216 ], [ -108.69814536972315, 28.936265659880242 ], [ -108.724353119542386, 29.06989700018952 ], [ -108.713107120210438, 29.07036734028302 ], [ -108.709438180429615, 29.083003319667171 ], [ -108.727471489684277, 29.085761200173849 ], [ -108.729589520322321, 29.09653269031725 ], [ -108.698528199503897, 29.127739570082895 ], [ -108.728853540235548, 29.171801139917747 ], [ -108.745296910393421, 29.162342739790255 ], [ -108.753869489554305, 29.200098060179819 ], [ -108.73982995050396, 29.200820319874452 ], [ -108.735408340152588, 29.217712690312194 ], [ -108.742828369984963, 29.22586435024764 ], [ -108.741244549952626, 29.240426999674469 ], [ -108.76188762984907, 29.253883579804977 ], [ -108.730302400106069, 29.269093619798895 ], [ -108.682208569707015, 29.267429820232788 ], [ -108.669732920459012, 29.30741692020894 ], [ -108.717753859935058, 29.465953829832124 ], [ -108.694331920089795, 29.467114199605582 ], [ -108.689606460513332, 29.484000420081912 ], [ -108.643986320342364, 29.488839510022228 ], [ -108.625155379962607, 29.501031289952714 ], [ -108.648712659902543, 29.50910103042472 ], [ -108.66230913957223, 29.544481659686895 ], [ -108.638324199674457, 29.558318830154285 ], [ -108.659505080243989, 29.584040680284662 ], [ -108.641137119956696, 29.588885660192464 ], [ -108.644657149577043, 29.627549220366657 ], [ -108.654987920247635, 29.649432890094232 ], [ -108.618280029938674, 29.660525450291484 ], [ -108.659098950023591, 29.716127400036637 ], [ -108.592534380353342, 29.717645719687546 ], [ -108.592751310039844, 29.728391489871601 ], [ -108.540775570062593, 29.73622796986113 ], [ -108.534964280063164, 29.751364510203736 ], [ -108.541258769673775, 29.796137849691235 ], [ -108.618559600213715, 29.800466000423128 ], [ -108.629444179818151, 29.806273849613923 ], [ -108.635717739798707, 29.829684480049316 ], [ -108.607199259646464, 29.847140060040743 ], [ -108.621690709947941, 29.878209490366952 ], [ -108.614863060424341, 29.895125259596874 ], [ -108.622871549596013, 29.950471649927564 ], [ -108.628708970416398, 29.953034399776119 ], [ -108.615499580305212, 29.965872429794487 ], [ -108.606922090024455, 30.028617920039228 ], [ -108.618222890319331, 30.089452539689432 ], [ -108.611655739532836, 30.102349429720384 ], [ -108.620217629544285, 30.298229720054945 ], [ -108.550546660468385, 30.26664218001029 ], [ -108.542199020507326, 30.283512170373918 ], [ -108.56577377014176, 30.308186379724013 ], [ -108.580005970251435, 30.337482109739543 ], [ -108.622056489965672, 30.340318169693273 ], [ -108.619839890412919, 30.374796380060911 ], [ -108.648652250441572, 30.416864719753509 ], [ -108.613558679946721, 30.435716379627422 ], [ -108.603843229717825, 30.465113000284198 ], [ -108.664771880141984, 30.468151650169514 ], [ -108.65711650971113, 30.47031674960283 ], [ -108.66197290980007, 30.521941889828305 ], [ -108.674089999783689, 30.532291490112087 ], [ -108.677792200163026, 30.557072719947438 ], [ -108.687398310295251, 30.554764770027184 ], [ -108.727439489671895, 30.580476910159707 ], [ -108.726665659710719, 30.594548080252792 ], [ -108.756541720529469, 30.596075720352623 ], [ -108.762019749977696, 30.587271970105885 ], [ -108.830647429593341, 30.601733019744248 ], [ -108.876465279836438, 30.624574320025673 ], [ -108.866925250244051, 30.689386629847657 ], [ -108.886919459712161, 30.719286539892522 ], [ -108.918968369633362, 30.739353659772235 ], [ -108.948302450030837, 30.736911280133036 ], [ -108.935456799880797, 30.773631260062206 ], [ -108.929849250173419, 30.861020919873212 ], [ -108.939242739816507, 30.907565169760485 ], [ -108.802392570487115, 30.904100999784703 ], [ -108.803255460267565, 31.004829259820983 ], [ -108.683807449596088, 31.005973319619109 ], [ -108.684386679889215, 31.033739540165737 ], [ -108.752466019971266, 31.033847510099797 ], [ -108.729899140436274, 31.052154179756741 ], [ -108.766156520283801, 31.073628179743203 ], [ -108.769996859498093, 31.102471830200734 ], [ -108.84564005966395, 31.135576220248748 ], [ -108.835012349600987, 31.169334709947471 ], [ -108.805024660397322, 31.192955539786972 ], [ -108.84833196949846, 31.19510758020192 ], [ -108.860687180131137, 31.218927200219053 ], [ -108.900332309781433, 31.202452120293135 ], [ -108.906290799855668, 31.213343089865745 ], [ -108.879812479949734, 31.238785939764192 ], [ -108.817231430099824, 31.239005660064102 ], [ -108.755916139569621, 31.332419020076077 ], [ -108.208473170307599, 31.333363339549873 ], [ -108.208373460326968, 31.783754020279439 ] ] ] ] } },
{ "type": "Feature", "properties": { "fid": 9, "CVEGEO": "09", "CVE_ENT": "09", "NOMGEO": "Ciudad de México", "PibCalc25": 3912555, "SUP": 1485.1463925780679, "Long_Carret": 382.723, "Municipios": 16, "UE": 460781, "Dens_Carret": 0.2577, "Dens_UE": 310.2589 }, "geometry": { "type": "MultiPolygon", "coordinates": [ [ [ [ -99.111241139664202, 19.561497770816224 ], [ -99.13057459965863, 19.536091289745908 ], [ -99.12800457885271, 19.524531120571961 ], [ -99.114407109533531, 19.51106082041116 ], [ -99.09739952005647, 19.51263124971608 ], [ -99.063862539774775, 19.498778710934388 ], [ -99.067991340150002, 19.489083219755223 ], [ -99.046459066213103, 19.442364561977449 ], [ -99.058135719687812, 19.400692149913276 ], [ -98.991939177685893, 19.367598709993977 ], [ -98.994556659479812, 19.35814132085132 ], [ -98.957902629447005, 19.323227620606037 ], [ -98.976530629710552, 19.253125379880206 ], [ -98.965986879577272, 19.249941000101536 ], [ -98.96858650973391, 19.23221795006782 ], [ -98.940302820412242, 19.223239650410132 ], [ -98.942553220408939, 19.215614859779162 ], [ -98.968527919613408, 19.210571080625488 ], [ -98.967693890357069, 19.189743079764188 ], [ -98.952385650251827, 19.16863761980709 ], [ -98.967366399942335, 19.164438690110579 ], [ -98.954626309891523, 19.149524349725802 ], [ -98.966455939531627, 19.143870509719246 ], [ -98.957507480294709, 19.122383219997719 ], [ -98.965721479823216, 19.085861170043305 ], [ -98.978995402339677, 19.07445595074282 ], [ -99.028993681798511, 19.085368792355162 ], [ -99.059800232032742, 19.048236662900472 ], [ -99.135379018117106, 19.089296070896999 ], [ -99.226777780404461, 19.096060003504778 ], [ -99.278695219233256, 19.131701722554144 ], [ -99.315343349990926, 19.229196490310333 ], [ -99.342340970077132, 19.241122399590804 ], [ -99.33915988957132, 19.267697149780226 ], [ -99.364924200185868, 19.27776925022221 ], [ -99.349985260440974, 19.296837179867897 ], [ -99.356607849762511, 19.306675799885372 ], [ -99.333842079718337, 19.330590399707539 ], [ -99.317607630229389, 19.365729520198332 ], [ -99.303483430154287, 19.377830030016675 ], [ -99.299019779585251, 19.36751525976571 ], [ -99.293889369839761, 19.370147249682852 ], [ -99.222274428965719, 19.427022969907217 ], [ -99.229627479035287, 19.437374663953801 ], [ -99.218132949742369, 19.444111830875812 ], [ -99.219972779615091, 19.45288013964942 ], [ -99.207173649672484, 19.469568119950221 ], [ -99.221115060254249, 19.475068480431048 ], [ -99.209257540365613, 19.512409020120799 ], [ -99.157181109899639, 19.502848889580982 ], [ -99.177045740386433, 19.529328479753211 ], [ -99.156798120270224, 19.528090770049172 ], [ -99.151084890239588, 19.544845709897618 ], [ -99.160899999769057, 19.54926088026961 ], [ -99.158095519269267, 19.557351340048935 ], [ -99.123706089719292, 19.592757279801788 ], [ -99.111241139664202, 19.561497770816224 ] ] ] ] } },
{ "type": "Feature", "properties": { "fid": 10, "CVEGEO": "10", "CVE_ENT": "10", "NOMGEO": "Durango", "PibCalc25": 317015, "SUP": 123364.13330119822, "Long_Carret": 5955.158, "Municipios": 39, "UE": 74728, "Dens_Carret": 0.04876, "Dens_UE": 0.61187 }, "geometry": { "type": "MultiPolygon", "coordinates": [ [ [ [ -106.047339090378316, 26.844875910058633 ], [ -105.939193510474837, 26.763215519946602 ], [ -105.928107019704527, 26.765931970391964 ], [ -105.908606090302712, 26.752837820209351 ], [ -105.898336969809804, 26.763853879602372 ], [ -105.894101739949321, 26.741009490339241 ], [ -105.874542249588131, 26.738575740456 ], [ -105.86543746009626, 26.747375860331346 ], [ -105.814552889691441, 26.69096690989057 ], [ -105.775808679698898, 26.660933140297011 ], [ -105.794261289987816, 26.698767260280942 ], [ -105.74634185031168, 26.71386857964276 ], [ -105.734963580444926, 26.68481962022701 ], [ -105.728907969604023, 26.697896060194509 ], [ -105.704798769499391, 26.652907689820097 ], [ -105.68988005008606, 26.657188850407078 ], [ -105.670947999793441, 26.635226460354279 ], [ -105.674883059553764, 26.617670309971459 ], [ -105.645533319816892, 26.6166099702256 ], [ -105.637202820089456, 26.609141880197001 ], [ -105.640892979990426, 26.619996200061507 ], [ -105.601010060118, 26.614848890273326 ], [ -105.619487260261309, 26.683509450036816 ], [ -105.549003029673344, 26.546578580196677 ], [ -105.496085319778558, 26.542851879687259 ], [ -105.495629019627259, 26.525631079902926 ], [ -105.471513980121372, 26.508701680077465 ], [ -105.470142420449662, 26.527898049978354 ], [ -105.438602049790546, 26.528344750061859 ], [ -105.403427569761774, 26.517524659949768 ], [ -105.368624679683819, 26.534269450410456 ], [ -105.342706109745009, 26.50451551039286 ], [ -105.354523920267297, 26.492617179648668 ], [ -105.352765369563429, 26.478876479587573 ], [ -105.338753659930504, 26.478050179967873 ], [ -105.316752430195962, 26.462286780150354 ], [ -105.289933620113842, 26.488111120011791 ], [ -105.279081880029494, 26.487475370435035 ], [ -105.264682580205715, 26.462072749796317 ], [ -105.101549549691498, 26.521405520396971 ], [ -105.056634029585112, 26.419300540045626 ], [ -105.052577820471853, 26.429764579581445 ], [ -105.000389370397144, 26.454950829575161 ], [ -104.963103599585708, 26.449184350035935 ], [ -104.956239050190405, 26.462844680145928 ], [ -104.969591860128574, 26.465952290332737 ], [ -104.963215179965076, 26.473390920381732 ], [ -104.944376679744707, 26.468344690030165 ], [ -104.936729920402769, 26.483711580238253 ], [ -104.898900319597757, 26.51001830975391 ], [ -104.856583229797195, 26.502868850144335 ], [ -104.809274140041794, 26.508497420395461 ], [ -104.760956060126063, 26.485818720163739 ], [ -104.747842080384629, 26.492447199932471 ], [ -104.727036339656863, 26.47796492032467 ], [ -104.677293419747258, 26.429333080366604 ], [ -104.654075380444354, 26.391053020362989 ], [ -104.645317550080691, 26.391612280300926 ], [ -104.62008858041149, 26.368842650214205 ], [ -104.593856490163105, 26.380439649640131 ], [ -104.574451480031797, 26.340468279605044 ], [ -104.500974380041569, 26.414757429769995 ], [ -104.495401769876437, 26.433418949666578 ], [ -104.502828630407492, 26.46584591991067 ], [ -104.495899320268109, 26.466859310108848 ], [ -104.468555449970111, 26.52034145043956 ], [ -104.434775250432295, 26.604520540360873 ], [ -104.375422540043516, 26.640716489927318 ], [ -104.330387429999718, 26.656532920415646 ], [ -104.306795339531106, 26.70716816986771 ], [ -104.286543480472531, 26.725403000168193 ], [ -104.299759720474341, 26.751945540233177 ], [ -104.317279600327993, 26.76073675018128 ], [ -104.30176193977023, 26.771948570222275 ], [ -104.305315480427453, 26.792891799818875 ], [ -104.315306570409419, 26.799069519558458 ], [ -104.286161489966133, 26.815204819867112 ], [ -104.294888060019204, 26.817751020380765 ], [ -104.273042420283872, 26.842279520049257 ], [ -104.227808850411236, 26.777153630012329 ], [ -104.04573782009426, 26.742976539901019 ], [ -104.033190620139848, 26.774391490090366 ], [ -103.994995489782909, 26.777540259735837 ], [ -103.993832830123893, 26.753610420376383 ], [ -103.861298490036816, 26.754094570149917 ], [ -103.658255999495097, 26.719483949884122 ], [ -103.643891450155721, 26.690158490156566 ], [ -103.63698242994414, 26.693435770312924 ], [ -103.374183489810449, 26.602354889610606 ], [ -103.316792599823984, 26.361776180704819 ], [ -103.260825259883362, 26.28472681977965 ], [ -103.350488218818555, 26.142389951467116 ], [ -103.346360108752734, 25.860304380848572 ], [ -103.318587658500135, 25.812701290158302 ], [ -103.333705218139485, 25.73873610873687 ], [ -103.352836060054713, 25.716553090054742 ], [ -103.339436890229365, 25.707604819961986 ], [ -103.354990860466543, 25.699860029604064 ], [ -103.34921371018099, 25.693443940416188 ], [ -103.383040919959981, 25.655317399638708 ], [ -103.381422229580451, 25.640342339606551 ], [ -103.406003249614258, 25.645027149609998 ], [ -103.403275579981852, 25.628128290194329 ], [ -103.424770119624483, 25.623679920444896 ], [ -103.416025259755756, 25.61442159962759 ], [ -103.438405820420357, 25.596643279955423 ], [ -103.435366540090385, 25.582777539686482 ], [ -103.450990689521063, 25.578933689996283 ], [ -103.455444749716264, 25.557061450438745 ], [ -103.494414289633553, 25.537731799781824 ], [ -103.369062000432166, 25.416460719896723 ], [ -103.341367719809085, 25.410142229910925 ], [ -103.336916199561315, 25.371231140408614 ], [ -103.351228420245207, 25.372977349855084 ], [ -103.365519429689783, 25.393156280032787 ], [ -103.406699169728427, 25.398901400298723 ], [ -103.462059370315444, 25.376310940065373 ], [ -103.466216629756076, 25.352348169835039 ], [ -103.486483320467613, 25.332861830375986 ], [ -103.479250150070243, 25.323924779683807 ], [ -103.495742890088238, 25.311109459787687 ], [ -103.497670430166394, 25.295149249888009 ], [ -103.509351689680528, 25.291462570044999 ], [ -103.510710050226223, 25.279126119834174 ], [ -103.49672011030745, 25.255748519627605 ], [ -103.473184370311969, 25.250107679693276 ], [ -103.450213740008181, 25.2286149100877 ], [ -103.438681570217369, 25.201958800164068 ], [ -103.425795950135139, 25.201539289679744 ], [ -103.402857780385688, 25.182348910377975 ], [ -103.394290419727525, 25.157735630404531 ], [ -103.35953931043197, 25.110028849624193 ], [ -103.342662380414453, 25.110329419805431 ], [ -103.337225939813464, 25.099126980183467 ], [ -103.262180340154416, 25.058549309592316 ], [ -103.278015220423782, 25.034614170259513 ], [ -103.267489340409909, 25.02804372001447 ], [ -103.27405397031167, 25.023359889998698 ], [ -103.270469540217448, 25.015659599966863 ], [ -103.246563080021986, 24.996026600048605 ], [ -103.245363779620476, 24.982462800093103 ], [ -103.259145890014253, 24.964658770127215 ], [ -103.089122620419701, 24.821193519555077 ], [ -103.033355250477854, 24.810840169842855 ], [ -103.005138020313836, 24.793218150423762 ], [ -102.975215399537618, 24.799463659987751 ], [ -102.94914474981536, 24.779705939634646 ], [ -102.922990939618742, 24.780218879701899 ], [ -102.92167491013609, 24.773089339714293 ], [ -102.89549317978522, 24.766026770081531 ], [ -102.883098139932159, 24.750435539964748 ], [ -102.856402779670503, 24.739773969552708 ], [ -102.853130719865021, 24.77200095013503 ], [ -102.669693980027773, 25.066636490222493 ], [ -102.652422089638151, 25.045229059835908 ], [ -102.649545369660487, 25.027955800105818 ], [ -102.628884830408438, 25.008321659803464 ], [ -102.642955549769823, 24.978648170058243 ], [ -102.672984450057143, 24.978818250137611 ], [ -102.673061569738181, 24.942752080286564 ], [ -102.566235780072915, 24.90222075028553 ], [ -102.565372890028371, 24.86635542036834 ], [ -102.512182309976751, 24.709721109870827 ], [ -102.479806969939716, 24.490448049905872 ], [ -102.486996220125278, 24.444228380082464 ], [ -102.473126879926937, 24.445214780268888 ], [ -102.480267279722867, 24.428013880211275 ], [ -102.520146309526794, 24.423932140429343 ], [ -102.533931419860295, 24.407722109908629 ], [ -102.606592770387323, 24.411168820209454 ], [ -102.618564309938748, 24.396378400337838 ], [ -102.699904399587055, 24.373971850035847 ], [ -102.756654320219511, 24.376983000267792 ], [ -102.78885240003774, 24.406248479910793 ], [ -102.831735619779792, 24.384691910271513 ], [ -102.845902769862022, 24.398082579659608 ], [ -102.853892049723058, 24.424359150313922 ], [ -102.865012689627221, 24.430312080135067 ], [ -102.860620920352943, 24.434492349907266 ], [ -102.891890950210865, 24.461118120167242 ], [ -102.90010651026391, 24.428500479570197 ], [ -102.96744016952529, 24.457703629779797 ], [ -102.983572799667328, 24.433257150163712 ], [ -103.043150220000797, 24.46650085996016 ], [ -103.075080970442457, 24.422624580251274 ], [ -103.087514649863465, 24.436027050366661 ], [ -103.09852727982701, 24.401626599885311 ], [ -103.131708830103534, 24.424676999656363 ], [ -103.165258919661639, 24.435198430188315 ], [ -103.175456860037258, 24.433261000160837 ], [ -103.181953419809375, 24.419896580255067 ], [ -103.202091510121377, 24.424469139900896 ], [ -103.222833539806416, 24.417102769702293 ], [ -103.236635649744628, 24.42705660009435 ], [ -103.233979550374158, 24.435838229951507 ], [ -103.253531780487194, 24.447253799748413 ], [ -103.282645480178459, 24.428837029807028 ], [ -103.310250200440549, 24.435657850222313 ], [ -103.323928779885023, 24.426505629685067 ], [ -103.386204800134635, 24.422964720150279 ], [ -103.394056380236847, 24.43209929017868 ], [ -103.419332399669614, 24.430488089791087 ], [ -103.430237029946483, 24.408909150029558 ], [ -103.425148940103441, 24.387856369963636 ], [ -103.430522520374353, 24.360146230298316 ], [ -103.448340049688596, 24.332600459715565 ], [ -103.462696720295554, 24.320468579981881 ], [ -103.484062630467093, 24.31834093963953 ], [ -103.485001779755279, 24.300930489959526 ], [ -103.504547260215588, 24.295769319993404 ], [ -103.506755420411196, 24.287964049768231 ], [ -103.531243250436248, 24.293909000388648 ], [ -103.568349939650147, 24.286371260156553 ], [ -103.556492780191718, 24.242003980149448 ], [ -103.565523089592659, 24.211406919655644 ], [ -103.559536350448411, 24.193788859837646 ], [ -103.605765540147274, 24.151154480171652 ], [ -103.622006679961132, 24.117464690399014 ], [ -103.635969539767828, 24.110293380205647 ], [ -103.660361549840474, 24.149326290078672 ], [ -103.79977033948299, 24.050564461620919 ], [ -103.810281519126178, 24.040091940922071 ], [ -103.813274118650369, 24.02197358214551 ], [ -103.843128848865376, 24.026967121852543 ], [ -103.847825978604803, 24.003236151851944 ], [ -103.872386579143239, 24.007021721705701 ], [ -103.850275778557915, 23.988837431685873 ], [ -103.83879928894892, 23.964824351546834 ], [ -103.818359829415769, 23.964908601709272 ], [ -103.830795949115014, 23.907798751889555 ], [ -103.853112348670265, 23.874615551718303 ], [ -103.83262151861571, 23.848930371555717 ], [ -103.83118636953418, 23.82466185213978 ], [ -103.816066979147109, 23.807650321936709 ], [ -103.820273289426822, 23.791879511529888 ], [ -103.835094949325011, 23.785089181732388 ], [ -103.862362338983203, 23.752638381667449 ], [ -103.841014618717523, 23.701242891736435 ], [ -103.851080538778447, 23.679599231388707 ], [ -103.785103509403001, 23.67656489148111 ], [ -103.793541779509482, 23.630855061791074 ], [ -103.811301939480586, 23.613648801507399 ], [ -103.849178509130411, 23.640081711803941 ], [ -103.877429018990043, 23.628969941530379 ], [ -103.873449018992062, 23.620467511917916 ], [ -103.882522379716164, 23.592270579933246 ], [ -103.906867310206252, 23.601870949729932 ], [ -103.89008691980095, 23.579827579712155 ], [ -103.911933570127232, 23.576082880287984 ], [ -103.912277150367032, 23.588122049567655 ], [ -103.921468600069048, 23.589175340380539 ], [ -103.916270660303255, 23.565725250287137 ], [ -103.925313419795415, 23.556982680221427 ], [ -104.065977089685276, 23.463493279606144 ], [ -104.086267600374313, 23.398627630276135 ], [ -104.1112146001621, 23.351205490441803 ], [ -104.129022619547968, 23.182214220084337 ], [ -104.172132399621987, 23.128407679780544 ], [ -104.173614460025561, 22.982444950108079 ], [ -104.162847049861796, 22.975302490296144 ], [ -104.166592889840572, 22.94522072035414 ], [ -104.1540956895129, 22.937837980068007 ], [ -104.151122080287124, 22.922137119937794 ], [ -104.135955349754965, 22.918116169743271 ], [ -104.132994020170599, 22.904958550414296 ], [ -104.11264435039341, 22.905118030274348 ], [ -104.117739170299359, 22.897706850115387 ], [ -104.10750489017309, 22.884796220298156 ], [ -104.106304029633748, 22.856887720425238 ], [ -104.116827680220652, 22.850951909952357 ], [ -104.104307879770488, 22.833600969597992 ], [ -104.111484799679545, 22.810310860332677 ], [ -104.095227179526091, 22.805838850185772 ], [ -104.100224179582256, 22.794825219923684 ], [ -104.080475230042126, 22.766616820003495 ], [ -104.095285249817039, 22.75924351035852 ], [ -104.10720302979756, 22.768600519674255 ], [ -104.119381489571481, 22.762255720236105 ], [ -104.139257749996162, 22.768420819696995 ], [ -104.182180850474481, 22.758268110008682 ], [ -104.199614350327806, 22.776477850035505 ], [ -104.221038709512484, 22.779420149597332 ], [ -104.23207464997131, 22.753103939669757 ], [ -104.266344399863698, 22.736539370299216 ], [ -104.269152349944946, 22.720864890206908 ], [ -104.262707799705296, 22.71764347978197 ], [ -104.277629830202187, 22.702406830117745 ], [ -104.274863079743795, 22.682019629814764 ], [ -104.288326739696913, 22.663525889583862 ], [ -104.280731970110537, 22.653388369793358 ], [ -104.289965880337903, 22.645609569649565 ], [ -104.269274940016118, 22.635821109762766 ], [ -104.283287890323763, 22.621703249847602 ], [ -104.260534710433205, 22.596167319878955 ], [ -104.261407479705397, 22.586202850352315 ], [ -104.278172739518325, 22.583070969691473 ], [ -104.288849619829662, 22.552965230421854 ], [ -104.305689289806239, 22.557888649819855 ], [ -104.314088660221003, 22.540727230171324 ], [ -104.325824169868127, 22.537396659775212 ], [ -104.302831320151995, 22.492016709619708 ], [ -104.299025419856946, 22.46170188032265 ], [ -104.315427109803835, 22.448151120172817 ], [ -104.320188060460794, 22.430094250115285 ], [ -104.330602620073321, 22.432229679815414 ], [ -104.348842919711785, 22.409716649607276 ], [ -104.371512219602053, 22.421658650322566 ], [ -104.495389849862079, 22.376324140221055 ], [ -104.48786036960233, 22.368905080304021 ], [ -104.494990279808107, 22.360532089564614 ], [ -104.483690220377653, 22.349433319696491 ], [ -104.506513249720285, 22.345163399602594 ], [ -104.518658660028493, 22.360603939586085 ], [ -104.535910849762502, 22.364802799920138 ], [ -104.551252970406182, 22.388866599617433 ], [ -104.557383369900975, 22.385753350360318 ], [ -104.560879140042033, 22.394778569822947 ], [ -104.581671079587338, 22.399945970208567 ], [ -104.605438350125482, 22.44545788988032 ], [ -104.602560600256723, 22.460508080272014 ], [ -104.655291720301335, 22.46215466025803 ], [ -104.653680170475312, 22.524241769847922 ], [ -104.667621969598599, 22.562545199761519 ], [ -104.708737079878347, 22.554624320061908 ], [ -104.719796779954237, 22.569045220159271 ], [ -104.736067489638558, 22.557949690420738 ], [ -104.759812170113435, 22.568718370026868 ], [ -104.775934199656817, 22.585123309596352 ], [ -104.774094319774406, 22.632549779861755 ], [ -104.788918860250206, 22.647973620441615 ], [ -104.804255950352257, 22.648743860090146 ], [ -104.804020689590118, 22.64034125037611 ], [ -104.81467750982182, 22.634249180376944 ], [ -104.840116430375133, 22.651138569844438 ], [ -104.858397059650116, 22.648326710126089 ], [ -104.862493119746176, 22.607070489625617 ], [ -104.960525170397673, 22.505311449667584 ], [ -104.987912540409937, 22.498726579899799 ], [ -105.007552739955173, 22.585671970187068 ], [ -105.072368939747278, 22.656499089739274 ], [ -105.068422510178593, 22.678414150171903 ], [ -105.057302689734868, 22.6880939997151 ], [ -104.892720449895847, 22.737409249842582 ], [ -104.915636649818012, 22.748537970190547 ], [ -104.913375350381273, 22.790485970247129 ], [ -104.905576320298408, 22.799577520127816 ], [ -104.91838920015212, 22.819780750234777 ], [ -104.934226280048208, 22.827310889647453 ], [ -104.940504860412759, 22.816163279827666 ], [ -104.951720749868372, 22.821829739983002 ], [ -104.958967309854813, 22.813604599789123 ], [ -104.988405229683138, 22.836049319776794 ], [ -104.987795630098233, 22.88825201956962 ], [ -105.00506914005075, 22.903552059818828 ], [ -105.000054170088845, 22.908897169694416 ], [ -105.010039120059957, 22.922362739784045 ], [ -104.996893139921397, 22.952001600389487 ], [ -105.008341050407395, 22.968458689592335 ], [ -105.003139420136307, 22.976982679921981 ], [ -105.07601577964941, 22.95963882959062 ], [ -105.297699060378989, 22.954162109848035 ], [ -105.323569889751866, 22.941330170234991 ], [ -105.334141659619348, 22.953408920335782 ], [ -105.330849489897503, 22.963173179699655 ], [ -105.343049260382884, 22.968159289981475 ], [ -105.333704910036232, 22.994682090448933 ], [ -105.353856510218947, 23.019784799821746 ], [ -105.350796260105227, 23.035634460025964 ], [ -105.358779180340449, 23.046257570007846 ], [ -105.350471180216957, 23.060575340318827 ], [ -105.3579402798308, 23.063195309706483 ], [ -105.358316310412278, 23.073923369586712 ], [ -105.398251279498936, 23.088207029571901 ], [ -105.398795520011845, 23.102210950367287 ], [ -105.40853302001662, 23.103200460147729 ], [ -105.415892349950241, 23.116897340110011 ], [ -105.501978149555228, 23.128011629579017 ], [ -105.531216289817962, 23.118061320281022 ], [ -105.537073979849112, 23.10454107982024 ], [ -105.554309079957349, 23.098886659628036 ], [ -105.569342770320858, 23.110057510178056 ], [ -105.597640860100611, 23.1091496204442 ], [ -105.643990749542638, 23.141768080435156 ], [ -105.633038939760411, 23.173448999877579 ], [ -105.640717909739564, 23.185451179652677 ], [ -105.629712519847516, 23.202294520227802 ], [ -105.635744060105282, 23.21474735043827 ], [ -105.630317350376785, 23.235581089854005 ], [ -105.642635710330325, 23.238958419713128 ], [ -105.643208400367783, 23.27647909040218 ], [ -105.663708259899082, 23.287420150107174 ], [ -105.672646220374702, 23.281636889656184 ], [ -105.687084110251334, 23.287520020203818 ], [ -105.693972290382504, 23.3013122202609 ], [ -105.687380150460299, 23.3071438200542 ], [ -105.699470630012442, 23.307719119804144 ], [ -105.692331180171678, 23.310974820157792 ], [ -105.702179150283811, 23.332650649984089 ], [ -105.694004740120249, 23.340569219863287 ], [ -105.715156399797948, 23.350217769749978 ], [ -105.712245060415256, 23.364281370240828 ], [ -105.730689660299333, 23.374897290301199 ], [ -105.717331889569991, 23.378594780358977 ], [ -105.722418719957318, 23.386035679724618 ], [ -105.712079549870268, 23.392550479827026 ], [ -105.700288749579414, 23.420170580029961 ], [ -105.728330910024169, 23.428984460045903 ], [ -105.72840322982745, 23.439588399765888 ], [ -105.738864629519426, 23.445205509750622 ], [ -105.724657219640449, 23.460809229884873 ], [ -105.723444780190903, 23.474840139620461 ], [ -105.760338580260182, 23.502959289968373 ], [ -105.756867339966192, 23.524897260382829 ], [ -105.76912351033269, 23.541939340078741 ], [ -105.769302229572318, 23.556465309826308 ], [ -105.80664677988193, 23.588873020303492 ], [ -105.811643889682628, 23.611028550170008 ], [ -105.845516019729629, 23.603255539845023 ], [ -105.845185820410066, 23.583694829998652 ], [ -105.853596020056585, 23.59728759955566 ], [ -105.884317910096783, 23.590393859685214 ], [ -105.892655377559791, 23.552645280641983 ], [ -105.908905366856402, 23.588269553057643 ], [ -105.926633748567454, 23.684135662881417 ], [ -105.906093347026555, 23.739398853055761 ], [ -105.923062908411822, 23.747753773057529 ], [ -105.928784920426338, 23.786581890048758 ], [ -105.932174600429008, 23.794696000245978 ], [ -105.939330230266179, 23.791430230292896 ], [ -105.961265569714215, 23.840742150130424 ], [ -105.953661980213383, 23.908584579560472 ], [ -105.867241320218966, 23.875242980241623 ], [ -105.857587950495827, 23.89929615020732 ], [ -105.881553509872546, 23.932819619618716 ], [ -105.899919399881853, 23.943921289714329 ], [ -105.945415060067504, 23.948025690079056 ], [ -105.908461579677024, 23.983426630308568 ], [ -105.912135849963931, 23.997533859642758 ], [ -105.959810879678756, 24.017403350083615 ], [ -105.979505849941859, 24.041962369821277 ], [ -105.998719739903976, 24.043383140089336 ], [ -105.996717249901636, 24.054222230424156 ], [ -106.007883450232484, 24.07250663037463 ], [ -106.000709309748828, 24.076056150394468 ], [ -105.989724000006561, 24.11439017037732 ], [ -106.00404637023631, 24.120532800172114 ], [ -106.003210770448703, 24.146841030271336 ], [ -106.028557260266453, 24.1803322904316 ], [ -106.043883570137581, 24.220850349558351 ], [ -106.069948349683472, 24.220200579661196 ], [ -106.075843230012424, 24.27138919969132 ], [ -106.152539620345664, 24.338770370138782 ], [ -106.169975200462048, 24.333650180360912 ], [ -106.194405660032771, 24.351785110113333 ], [ -106.268869419687974, 24.374755289797335 ], [ -106.336329819592123, 24.355695320162443 ], [ -106.352623690322133, 24.316468150278748 ], [ -106.367544660213952, 24.301940799716618 ], [ -106.469654660443638, 24.27785694997419 ], [ -106.509096600351342, 24.291139310310299 ], [ -106.5170935503441, 24.286984259675538 ], [ -106.585958619996561, 24.379000309992406 ], [ -106.583465659692934, 24.390269919881256 ], [ -106.60158830983616, 24.414565850295649 ], [ -106.569276020066752, 24.437020579821102 ], [ -106.560015800449932, 24.472710620296731 ], [ -106.593652739525524, 24.49505873960506 ], [ -106.600361720213371, 24.483210820101519 ], [ -106.609994939524995, 24.497851280456722 ], [ -106.630067079994461, 24.506503139551089 ], [ -106.622607000297947, 24.524896679656944 ], [ -106.645460659663954, 24.528979459677291 ], [ -106.683608599783881, 24.598530479778965 ], [ -106.70594836979437, 24.665261660057528 ], [ -106.793010719792193, 24.743910340409521 ], [ -106.865852879669532, 24.822955339600114 ], [ -106.902948879571369, 24.82838785022664 ], [ -106.919276780164651, 24.813953119818368 ], [ -106.930662569891012, 24.820916680431818 ], [ -106.951418108564795, 24.859023719722913 ], [ -106.92708025866898, 24.86662437996333 ], [ -106.934507649803024, 24.880535849593169 ], [ -107.000575430159657, 24.928241020318332 ], [ -107.021052879639754, 24.909908280182428 ], [ -107.025146679126109, 24.928380510179348 ], [ -107.018343909544868, 24.933617370092808 ], [ -107.060419800123711, 25.002427429674345 ], [ -107.063571289028133, 25.025255349963711 ], [ -107.129891629637953, 25.053138800209833 ], [ -107.124918548918501, 25.186639830140628 ], [ -107.14877479905509, 25.224548139644476 ], [ -107.1320213702583, 25.226711799703203 ], [ -107.121057118538602, 25.243111219810462 ], [ -107.157202750247876, 25.261764979760379 ], [ -107.207816570355774, 25.331564229660703 ], [ -107.171550799956407, 25.326357879678746 ], [ -107.210132230315352, 25.417100510234381 ], [ -107.184874400462178, 25.436815800069621 ], [ -107.158690550092217, 25.441992140070138 ], [ -107.151117430420072, 25.47669789000884 ], [ -107.139294969860856, 25.489564859728489 ], [ -107.147684230358152, 25.505027220434961 ], [ -107.166290289520731, 25.502995319766953 ], [ -107.17811732003841, 25.515176370289613 ], [ -107.169506400043858, 25.532467799595178 ], [ -107.176880459591089, 25.540819629746213 ], [ -107.173879490384522, 25.556552569955961 ], [ -107.138749350068593, 25.560095089944916 ], [ -107.138264049662027, 25.552198429729312 ], [ -107.124564860271391, 25.550414379992912 ], [ -106.973290459760804, 25.629570429810034 ], [ -106.994324520072595, 25.662232600125986 ], [ -106.893783689560038, 25.644291349760845 ], [ -106.899222080309954, 25.643742050069331 ], [ -106.873755980254458, 25.571864830121765 ], [ -106.744796369600664, 25.585163379933057 ], [ -106.702548690102532, 25.581205750328156 ], [ -106.70575813981246, 25.597349740105319 ], [ -106.698845909923691, 25.580839419708681 ], [ -106.681968520226278, 25.579168450118036 ], [ -106.707969850190338, 25.602451260261013 ], [ -106.680244939926666, 25.589323089622933 ], [ -106.671419850006117, 25.567421650106436 ], [ -106.65282630960786, 25.558843620331725 ], [ -106.655595460187186, 25.575165829899412 ], [ -106.630847649699064, 25.585800119595888 ], [ -106.629255539718955, 25.603791629675062 ], [ -106.591823799957353, 25.647391720370436 ], [ -106.536441249624502, 25.67596347970402 ], [ -106.508831779584199, 25.707508020041985 ], [ -106.463617510053595, 25.729043679743381 ], [ -106.464041580066649, 25.741709660096092 ], [ -106.555967749505612, 25.691706629845239 ], [ -106.560129779910582, 25.912706770012523 ], [ -106.54730610962234, 25.952421750001157 ], [ -106.533715460025988, 25.945761519843899 ], [ -106.501473170159642, 25.954955749662354 ], [ -106.491665310036865, 25.968053480383375 ], [ -106.455815460263395, 25.972579200413371 ], [ -106.44471262010444, 26.005088220392079 ], [ -106.470406690096567, 26.005425750427069 ], [ -106.467451579845559, 26.018288369934215 ], [ -106.453396630495675, 26.027840690124361 ], [ -106.454098290390206, 26.046357029851965 ], [ -106.471229309488166, 26.060522919613572 ], [ -106.454406860156439, 26.095260420282973 ], [ -106.45864357964976, 26.112160690387064 ], [ -106.415614950053254, 26.139400289819719 ], [ -106.432775520352095, 26.204013419951639 ], [ -106.312257570399126, 26.34875440030784 ], [ -106.287040949760794, 26.335081569723194 ], [ -106.275457919995773, 26.367415459584002 ], [ -106.302176549627234, 26.363876320108677 ], [ -106.297598019672137, 26.396454800017313 ], [ -106.264374049719564, 26.406115919975512 ], [ -106.265220619584881, 26.424139710239515 ], [ -106.242030459976803, 26.466823850265943 ], [ -106.250855400376665, 26.478584970354696 ], [ -106.253881020153585, 26.507355550343149 ], [ -106.280666000187978, 26.511753550199302 ], [ -106.269571430119356, 26.527169429881809 ], [ -106.280135449532153, 26.532067229832982 ], [ -106.241217120018121, 26.544989919924735 ], [ -106.239527139763354, 26.562437320347712 ], [ -106.232961079733101, 26.559560370139831 ], [ -106.236540059584101, 26.612167490303612 ], [ -106.226734859739295, 26.614956459622682 ], [ -106.219826089865066, 26.656355980053675 ], [ -106.206042229709766, 26.66894809021602 ], [ -106.207922680101689, 26.678064750253014 ], [ -106.19834671004979, 26.676009290024286 ], [ -106.197128479809876, 26.683779019812057 ], [ -106.193286140022934, 26.681876800190015 ], [ -106.189247830476049, 26.674632429915565 ], [ -106.187989479646419, 26.674475769566133 ], [ -106.189675000464845, 26.695139320071533 ], [ -106.172662080076407, 26.705166800183147 ], [ -106.147462800185139, 26.709237740110066 ], [ -106.133016739524976, 26.697332599739216 ], [ -106.130674479780865, 26.702203380112572 ], [ -106.141444000278412, 26.720786649764431 ], [ -106.176580830026765, 26.727722050177277 ], [ -106.178729459996859, 26.744436489765722 ], [ -106.170433939640816, 26.750125539802852 ], [ -106.177626450383215, 26.772336580313628 ], [ -106.125262400093234, 26.779410370444708 ], [ -106.100642660303677, 26.75933317962161 ], [ -106.065048420268084, 26.827633349583284 ], [ -106.047339090378316, 26.844875910058633 ] ] ] ] } },
{ "type": "Feature", "properties": { "fid": 11, "CVEGEO": "11", "CVE_ENT": "11", "NOMGEO": "Guanajuato", "PibCalc25": 1191201, "SUP": 30606.673032442788, "Long_Carret": 5034.201, "Municipios": 46, "UE": 294350, "Dens_Carret": 0.16448, "Dens_UE": 9.61718 }, "geometry": { "type": "MultiPolygon", "coordinates": [ [ [ [ -101.361459950278118, 21.839120779875678 ], [ -101.319483939772709, 21.835334450036726 ], [ -101.28968545966822, 21.812139779702868 ], [ -101.28152658024824, 21.82146815034595 ], [ -101.262310220047979, 21.823444320103935 ], [ -101.217152339750541, 21.816077029605935 ], [ -101.219794630083584, 21.802200380200631 ], [ -101.161266979664347, 21.75750591972033 ], [ -101.136138890285039, 21.753225909709684 ], [ -101.059247969627648, 21.76552073999353 ], [ -101.005172619593893, 21.757231139763526 ], [ -101.002303310254902, 21.750816939768018 ], [ -101.00002932005674, 21.756407230269087 ], [ -100.981974369808526, 21.753527349890568 ], [ -100.965551850011877, 21.734925569630438 ], [ -100.943502820215699, 21.732621629930893 ], [ -100.938054540320209, 21.720534549696151 ], [ -100.912577569828827, 21.713648739871889 ], [ -100.921273459955572, 21.700273569939146 ], [ -100.908392029931207, 21.691664979892515 ], [ -100.9071833696363, 21.681636800159062 ], [ -100.870112180452963, 21.672493519699749 ], [ -100.865149879647603, 21.687079599845202 ], [ -100.834321490134371, 21.664558780440867 ], [ -100.857678250134967, 21.618986579823201 ], [ -100.816560969789649, 21.602653400445629 ], [ -100.809496110011722, 21.592049830191517 ], [ -100.773295000441408, 21.588121799878895 ], [ -100.772467620002516, 21.595451629637918 ], [ -100.761763180415997, 21.584935219895382 ], [ -100.734343800137609, 21.578726539752605 ], [ -100.717630230024639, 21.550231510440774 ], [ -100.68116791958316, 21.547504599956973 ], [ -100.657456079922611, 21.524717970376937 ], [ -100.638541570374613, 21.528293019928984 ], [ -100.635447320030636, 21.543191630448362 ], [ -100.614299310256541, 21.533134549779877 ], [ -100.621910220354167, 21.518985919677441 ], [ -100.614955000320094, 21.505789169753161 ], [ -100.533950020339603, 21.542326829922057 ], [ -100.461080279968954, 21.545334849775358 ], [ -100.464845969563029, 21.55362153971484 ], [ -100.455381219617919, 21.556256450151061 ], [ -100.460701980409112, 21.571210020399839 ], [ -100.485802149784348, 21.594404279710002 ], [ -100.460396909593896, 21.623990909648938 ], [ -100.447341739745454, 21.674923450199316 ], [ -100.434856660314779, 21.682812719854336 ], [ -100.398609319757014, 21.674655139760322 ], [ -100.351365549955077, 21.691670850320733 ], [ -100.322078139958663, 21.682094169554151 ], [ -100.272135459898209, 21.687346979866579 ], [ -100.246311490466283, 21.664932600186749 ], [ -100.222275430409098, 21.665651520443969 ], [ -100.192838780174654, 21.64695833955124 ], [ -100.179634739863232, 21.650790489964976 ], [ -100.167149220477839, 21.634118219914491 ], [ -100.171443049679297, 21.601266340117089 ], [ -100.147194800210286, 21.618125309700307 ], [ -100.075843690172889, 21.557931679867572 ], [ -100.062276049638498, 21.523305479971274 ], [ -99.956822289881714, 21.526227079784661 ], [ -99.96511059987688, 21.505121380272275 ], [ -99.945705289730483, 21.497431689799029 ], [ -99.959346020166819, 21.483513740018626 ], [ -99.942333119604612, 21.449619819941969 ], [ -99.943168780262326, 21.461783769676941 ], [ -99.905174119552242, 21.448159150174913 ], [ -99.8670003797628, 21.47346238029856 ], [ -99.834928890443777, 21.478115949930977 ], [ -99.839181350473552, 21.462385630168285 ], [ -99.817074119880019, 21.461690820358815 ], [ -99.787987830369218, 21.47750618014701 ], [ -99.791039830098583, 21.49067188954897 ], [ -99.774073880363019, 21.491784749779303 ], [ -99.780431630102257, 21.414772429974946 ], [ -99.772042400395449, 21.405537690250277 ], [ -99.780260380332933, 21.389355180357963 ], [ -99.775495540174632, 21.374968600283175 ], [ -99.794522020401786, 21.357399420130992 ], [ -99.792132680473514, 21.343906599773579 ], [ -99.77756527993634, 21.343235429873204 ], [ -99.787790830180683, 21.329621719587699 ], [ -99.757893570084178, 21.292140370318457 ], [ -99.734161149539418, 21.301443919702649 ], [ -99.737253119568862, 21.312884969769556 ], [ -99.70756531021722, 21.314545830216851 ], [ -99.67130261977907, 21.301193750067814 ], [ -99.699076310313643, 21.266698400245293 ], [ -99.698706350173381, 21.240752089799081 ], [ -99.687854880164508, 21.225780260289085 ], [ -99.738483459059012, 21.235817770015327 ], [ -99.775833539353286, 21.207282320389108 ], [ -99.776969630014165, 21.19593850980203 ], [ -99.831258549594835, 21.157322719692033 ], [ -99.888250949000437, 21.169595020118319 ], [ -99.899347179899465, 21.183897289745339 ], [ -99.942645718798786, 21.194417830183113 ], [ -99.945362180171955, 21.209885370136529 ], [ -99.954714119550673, 21.205671819543166 ], [ -99.947864829624322, 21.21237493967805 ], [ -99.986368049252647, 21.218310029778454 ], [ -100.011085740137901, 21.189464340374414 ], [ -99.996417659782168, 21.182594910182438 ], [ -100.027543079915276, 21.100253019549143 ], [ -100.021877628822736, 21.100084449824816 ], [ -100.026418880248755, 21.073562320227779 ], [ -100.019765220202757, 21.055129519986941 ], [ -100.006657580118627, 21.046394460446347 ], [ -100.01106957039103, 21.028504629832092 ], [ -100.022563170448521, 21.014621200184571 ], [ -100.054480119598736, 21.027785080032256 ], [ -100.068949719563832, 21.022813399911428 ], [ -100.060746309567733, 21.005815779961075 ], [ -100.073760139848574, 20.991758340061004 ], [ -100.069854520075694, 20.983493399987161 ], [ -100.078043169577427, 20.972657479686241 ], [ -100.068802769758847, 20.957912019802023 ], [ -100.080738489778881, 20.949857510166861 ], [ -100.064171940123231, 20.936288599726666 ], [ -100.117827780288906, 20.922155119975237 ], [ -100.135311850127451, 20.93726382959311 ], [ -100.178370080343115, 20.938665079630137 ], [ -100.181527599851464, 20.930401659791702 ], [ -100.263623290013641, 20.970998850453157 ], [ -100.272061089576511, 20.963029460290478 ], [ -100.261796689809501, 20.953373079759331 ], [ -100.265543230354638, 20.929247379822495 ], [ -100.29920917018184, 20.931327750067577 ], [ -100.305378220259271, 20.923826830004035 ], [ -100.29839429031901, 20.91529171962021 ], [ -100.333590799973237, 20.890728480275353 ], [ -100.41339937995744, 20.887431880306384 ], [ -100.453956020372374, 20.900179380067833 ], [ -100.453176479846604, 20.923199050422387 ], [ -100.472232880307303, 20.928446059593778 ], [ -100.469958289997351, 20.90703934964084 ], [ -100.485366770222825, 20.908799720269634 ], [ -100.509023519676362, 20.870706709794224 ], [ -100.502048619697646, 20.852920460436156 ], [ -100.577588939868591, 20.816669749985017 ], [ -100.573364450138087, 20.803674169925777 ], [ -100.558328289533918, 20.80457115027782 ], [ -100.564077310380242, 20.774696879779786 ], [ -100.548121079782845, 20.749560879671957 ], [ -100.548914620282403, 20.736383420413869 ], [ -100.584414520028361, 20.7289373500831 ], [ -100.596535709620014, 20.717260920036068 ], [ -100.581284460356002, 20.692932629598651 ], [ -100.583603489590161, 20.678424259588063 ], [ -100.561930629791519, 20.671427780318538 ], [ -100.55112518031936, 20.633766049848049 ], [ -100.529535279628831, 20.638667260076058 ], [ -100.521486320145911, 20.624864290013004 ], [ -100.496177430073956, 20.616193740081748 ], [ -100.482091649683099, 20.571508309837824 ], [ -100.485003379756819, 20.553804219572211 ], [ -100.504765449895771, 20.555033399716898 ], [ -100.508520599663157, 20.526209260297726 ], [ -100.501111369927131, 20.512595739642876 ], [ -100.509755580409518, 20.50652684972972 ], [ -100.497357170466827, 20.504830419934834 ], [ -100.492382120153124, 20.490415539602278 ], [ -100.48949800031474, 20.431394109770938 ], [ -100.478269920085637, 20.416286369954257 ], [ -100.476181060391724, 20.38961079976535 ], [ -100.409995180433114, 20.376006420200568 ], [ -100.394016490127896, 20.350231920074425 ], [ -100.388382689600434, 20.309017379687464 ], [ -100.348130420184177, 20.286579630368273 ], [ -100.344087720300323, 20.272944262647613 ], [ -100.325763060232489, 20.261020380154893 ], [ -100.323558369825008, 20.25193402033511 ], [ -100.355236709706034, 20.219018350200937 ], [ -100.352342509620286, 20.200460880269038 ], [ -100.340308449560254, 20.189736920419641 ], [ -100.355836690171216, 20.18238593965847 ], [ -100.370886939813289, 20.136185420336545 ], [ -100.39151167983826, 20.121033180424991 ], [ -100.385291539896187, 20.10450558041595 ], [ -100.397256680422743, 20.096952749780247 ], [ -100.389751110453687, 20.08082294029964 ], [ -100.358263680226997, 20.064916459942513 ], [ -100.354969659954349, 20.01011957978243 ], [ -100.360505049543761, 20.02396069018744 ], [ -100.370403259976371, 20.021265579912207 ], [ -100.36293111997874, 19.989861079674771 ], [ -100.443583879983024, 19.982285000388003 ], [ -100.465824350430211, 19.987398029830253 ], [ -100.46245566002537, 19.979268290255181 ], [ -100.498184229719428, 19.958043199799931 ], [ -100.511687089638883, 19.958216090416514 ], [ -100.519946449555277, 19.91882004985467 ], [ -100.536008509842304, 19.923006600212425 ], [ -100.526779399811801, 19.965760449774788 ], [ -100.531823339958706, 19.976394489763788 ], [ -100.540631180257733, 19.974929289734586 ], [ -100.533934229692861, 19.969214820437511 ], [ -100.550717020472305, 19.957965969875204 ], [ -100.565481680299726, 19.966139319636302 ], [ -100.593075740409333, 19.958280370297313 ], [ -100.587594079813428, 19.971390339821649 ], [ -100.565698860295569, 19.974531199551276 ], [ -100.556781860188011, 19.985298369666033 ], [ -100.557894889985562, 19.991715549641945 ], [ -100.576710140269299, 19.993060779629381 ], [ -100.59560331041024, 19.991662020333454 ], [ -100.617573379637165, 19.95769254988523 ], [ -100.660381340250936, 19.964548339711495 ], [ -100.680648490497262, 19.950463150801077 ], [ -100.718817351094273, 19.940519369616322 ], [ -100.74875278095675, 19.912750181274603 ], [ -100.778813619087629, 19.915149689925965 ], [ -100.792063939484819, 19.95557480013094 ], [ -100.824301449255557, 19.978329090392005 ], [ -100.832869120239295, 19.972395320287848 ], [ -100.835761829617425, 19.934596429572704 ], [ -100.854524000278431, 19.934914139725866 ], [ -100.860285949918136, 19.948942969965287 ], [ -100.88261280048026, 19.943926259776291 ], [ -100.906011080165058, 19.961582679723985 ], [ -100.932581889428747, 19.953490850938195 ], [ -100.947539380248813, 19.962545229572807 ], [ -100.947879350069002, 19.933563060317294 ], [ -100.970546890187308, 19.929237680136534 ], [ -100.980791229614752, 19.95522108015329 ], [ -101.002275689556512, 19.952363250029066 ], [ -101.004656149705809, 19.966233879766882 ], [ -100.976709250134675, 19.982738450114667 ], [ -100.98270077954902, 20.002630649716757 ], [ -100.972779719815307, 20.002088950435922 ], [ -100.967644419949394, 20.011293479944925 ], [ -100.987853650002947, 20.026917860284293 ], [ -101.008089179709387, 20.028093179925651 ], [ -101.003566619786881, 20.03796400010479 ], [ -101.012701540409452, 20.03775811998414 ], [ -101.013986569543249, 20.045711289938577 ], [ -100.992715149924763, 20.064489659751036 ], [ -101.021352659956477, 20.086944750376983 ], [ -101.074859619753227, 20.088388180254245 ], [ -101.11392207983836, 20.077233289638915 ], [ -101.133147080102233, 20.059984660234861 ], [ -101.175237170254746, 20.097116310401056 ], [ -101.171619770047855, 20.073451719571757 ], [ -101.179084650276849, 20.062433849802076 ], [ -101.196318459722903, 20.057188550147035 ], [ -101.160351509730802, 20.040200150020702 ], [ -101.182294769544555, 20.026861080276074 ], [ -101.201531819667551, 20.02573855026704 ], [ -101.203055510243189, 20.00722415034647 ], [ -101.220726319857221, 20.011436280418469 ], [ -101.238345969539722, 20.032118550039726 ], [ -101.250765549590653, 20.023264029985612 ], [ -101.253030540376599, 20.035496080218763 ], [ -101.280972180035633, 20.02754405998013 ], [ -101.296459520063266, 20.038644780348108 ], [ -101.334039249638252, 20.031522749763408 ], [ -101.374946540286913, 20.040428860148428 ], [ -101.388136220476426, 20.030409879682146 ], [ -101.401680280351798, 20.035009049731126 ], [ -101.387513149634984, 20.082961249740247 ], [ -101.404695890071764, 20.080195179706319 ], [ -101.408689050089478, 20.123133829776709 ], [ -101.391007720247202, 20.127120719816411 ], [ -101.389375999570134, 20.134863769704612 ], [ -101.392374949604132, 20.144028919561798 ], [ -101.403603750155213, 20.142116490030524 ], [ -101.422498250357677, 20.163226320109203 ], [ -101.419891119833153, 20.201590580369782 ], [ -101.363198169716256, 20.195794420343653 ], [ -101.352618089660581, 20.234932200287769 ], [ -101.360519480216354, 20.249055740099056 ], [ -101.395324380194296, 20.24854934019616 ], [ -101.420562480355443, 20.275203919966472 ], [ -101.435482110324884, 20.277380829597476 ], [ -101.436857310062805, 20.263785319985878 ], [ -101.455930459814624, 20.267169679674502 ], [ -101.457170719639535, 20.285142090111112 ], [ -101.444984650123104, 20.289725429553002 ], [ -101.449722969838831, 20.298228919794525 ], [ -101.440197050150303, 20.305192820358346 ], [ -101.456696620103656, 20.304370480423572 ], [ -101.450942219717689, 20.319498319657885 ], [ -101.46491004969981, 20.329010830259108 ], [ -101.480227280392654, 20.330174480269445 ], [ -101.501068230474019, 20.31167253980917 ], [ -101.502882319716647, 20.324876599563666 ], [ -101.524156459652119, 20.321230830296322 ], [ -101.522936089894458, 20.332346950129487 ], [ -101.537810339803187, 20.324375249649645 ], [ -101.553265710398094, 20.332515800161072 ], [ -101.565782140272873, 20.31574095033017 ], [ -101.58309772026378, 20.327359820199739 ], [ -101.589244779774376, 20.309601820517649 ], [ -101.600932849168672, 20.310052740848132 ], [ -101.601074140454116, 20.298018540778813 ], [ -101.604684999760934, 20.309424399800474 ], [ -101.624654279659325, 20.314580379972366 ], [ -101.63492083025595, 20.288967450382515 ], [ -101.623969140275648, 20.276108349571768 ], [ -101.625533999769843, 20.266997690133412 ], [ -101.642520649690695, 20.267646380039729 ], [ -101.650926460152832, 20.253484020237185 ], [ -101.646252320055282, 20.238668049774127 ], [ -101.654577170056456, 20.243496460078735 ], [ -101.663308020366259, 20.237579980239815 ], [ -101.668474369527303, 20.21313514010027 ], [ -101.686916750278741, 20.217221050201832 ], [ -101.69793489018241, 20.189674369724155 ], [ -101.731198999550969, 20.214802310081179 ], [ -101.75939177036976, 20.201731910081783 ], [ -101.786615679595471, 20.219318450038323 ], [ -101.824860719998725, 20.201837600335775 ], [ -101.819646109846587, 20.208665520327738 ], [ -101.833866180224632, 20.224790399681055 ], [ -101.871598110161372, 20.210988850133358 ], [ -101.881428629638251, 20.199997540061212 ], [ -101.879194449735749, 20.189181510183307 ], [ -101.888113999897868, 20.188393340178763 ], [ -101.893021980055067, 20.203777230246619 ], [ -101.917897280163629, 20.195077320069274 ], [ -101.907938819804755, 20.21515295017339 ], [ -101.917780490285082, 20.21933140040343 ], [ -101.930602800083264, 20.208121259835739 ], [ -101.932346570114078, 20.22588908003485 ], [ -101.939872630084622, 20.227081749885002 ], [ -101.93217165017245, 20.243737909730012 ], [ -101.951184280204728, 20.271582570005126 ], [ -101.936861680095902, 20.281461080127158 ], [ -101.947142569536979, 20.286361579639816 ], [ -101.934547399505107, 20.29769146121485 ], [ -101.95991888987885, 20.305135939591256 ], [ -101.948957710099805, 20.315107399959278 ], [ -101.963471630356125, 20.31855741999269 ], [ -101.947317400050977, 20.330975940060647 ], [ -101.945293819927215, 20.342673150274365 ], [ -101.962337199804566, 20.344689459890123 ], [ -101.968990690431838, 20.360259749886808 ], [ -101.996390030439599, 20.359643219942637 ], [ -102.013702460473752, 20.350632080328086 ], [ -102.004902539898254, 20.333065769712821 ], [ -102.013798819547219, 20.327930319668763 ], [ -102.025234910417907, 20.347981600109449 ], [ -102.010064049978396, 20.381856318289664 ], [ -102.013590000319482, 20.39389768778193 ], [ -102.022650910415067, 20.380889940135887 ], [ -102.065032629400633, 20.374921570942426 ], [ -102.096411679694526, 20.384257490393832 ], [ -102.084533229708669, 20.405009249728959 ], [ -102.070882620140907, 20.409019170047834 ], [ -102.076615829629745, 20.428158750386078 ], [ -102.043994569937126, 20.456592200054512 ], [ -102.046027289981794, 20.482614289626909 ], [ -102.010092420022119, 20.526058849917245 ], [ -102.014141630264433, 20.542596090032312 ], [ -101.987912890250072, 20.545279799756958 ], [ -101.983954720400945, 20.535009119653679 ], [ -101.973918420002846, 20.541788429567301 ], [ -101.969897600413034, 20.568810879855278 ], [ -101.96280165042802, 20.570242619686375 ], [ -101.967030969921765, 20.57934408983234 ], [ -101.951143680369, 20.607426850251901 ], [ -101.958739569918336, 20.608791370353018 ], [ -101.957077580410072, 20.632642740344096 ], [ -101.971187859634782, 20.637609750332139 ], [ -101.968079659830366, 20.663641200123003 ], [ -101.981376919572625, 20.657529450409552 ], [ -101.981944549935051, 20.663326779976021 ], [ -102.013837489555087, 20.664441170153996 ], [ -102.019090379571324, 20.67618417955202 ], [ -102.014389369892839, 20.717063660189254 ], [ -102.03774025971569, 20.717396480331121 ], [ -102.034460879678832, 20.742139400263166 ], [ -102.064487310074284, 20.73874962008497 ], [ -102.061039649873777, 20.748516570131983 ], [ -102.073633319855801, 20.748759539864231 ], [ -102.067592629739295, 20.772247429809354 ], [ -102.095908379631496, 20.780050520095784 ], [ -102.087091889935138, 20.80146051980779 ], [ -102.079945080059559, 20.801787059898654 ], [ -102.079867050047255, 20.829065080082358 ], [ -102.021780540007043, 20.862160320198203 ], [ -102.012579820364166, 20.878343849580009 ], [ -102.017994110169752, 20.883284690159176 ], [ -101.981096910030274, 20.914808779942256 ], [ -101.979881820084444, 20.925047550180967 ], [ -101.963100310373648, 20.922518029644696 ], [ -101.957876570478163, 20.935200829615251 ], [ -101.938949750277089, 20.930614250018436 ], [ -101.937144370412497, 20.955800860251578 ], [ -101.908746339660524, 20.998585059807809 ], [ -101.906627419835459, 21.028817540110857 ], [ -101.896605910012184, 21.047751139822417 ], [ -101.901334940194332, 21.052963050184605 ], [ -101.894549399957285, 21.051243719852007 ], [ -101.874942749782392, 21.0700853696246 ], [ -101.875003740244139, 21.092894349577946 ], [ -101.837486889615789, 21.096765430283426 ], [ -101.817658800479464, 21.107045689783618 ], [ -101.82026785011756, 21.118666400097702 ], [ -101.830845919609487, 21.11937253962239 ], [ -101.833448020087687, 21.137272969826281 ], [ -101.811825999785086, 21.141236749663559 ], [ -101.815697770189615, 21.149527379616316 ], [ -101.804009149562262, 21.166348180295529 ], [ -101.787271399609097, 21.156382000097452 ], [ -101.781108780065338, 21.160527890048371 ], [ -101.771200450284113, 21.234731279715003 ], [ -101.754586419709511, 21.243888540343473 ], [ -101.768197229557927, 21.257732279634912 ], [ -101.759716510065573, 21.267621739562394 ], [ -101.738535109932997, 21.26915960009924 ], [ -101.735787890225509, 21.277292230236654 ], [ -101.702005380435665, 21.275462879734413 ], [ -101.686675419624038, 21.294059850266027 ], [ -101.662852879922582, 21.286579909959176 ], [ -101.643177110340631, 21.299335689902257 ], [ -101.642844920366002, 21.355106089605609 ], [ -101.679486290473108, 21.389506369636496 ], [ -101.677582949826785, 21.395142370195906 ], [ -101.658515860028459, 21.406800199792706 ], [ -101.630944230166563, 21.407313080293733 ], [ -101.600256489823252, 21.420541339742705 ], [ -101.570415629671388, 21.418535750393083 ], [ -101.580423919896532, 21.428279690155563 ], [ -101.58187251975292, 21.447809420123733 ], [ -101.589950920206036, 21.445580889991319 ], [ -101.589041980120641, 21.464899969637369 ], [ -101.632431459952073, 21.519054170350302 ], [ -101.640261029999408, 21.513625680327664 ], [ -101.641166289738138, 21.522266739644778 ], [ -101.607256520234657, 21.562011740012725 ], [ -101.612313319565459, 21.582916889767521 ], [ -101.59526467994408, 21.610003769749138 ], [ -101.586023630104876, 21.607809630412866 ], [ -101.58018873985182, 21.625531340253346 ], [ -101.596086089727166, 21.637061909753854 ], [ -101.569138980017001, 21.692310259580186 ], [ -101.584043320026097, 21.709574489939062 ], [ -101.570855370077069, 21.704307720065284 ], [ -101.557653289828764, 21.735098660135357 ], [ -101.579682799682956, 21.736404599573962 ], [ -101.585694079926512, 21.778777119991705 ], [ -101.538832170153285, 21.777334879961579 ], [ -101.47387340012645, 21.827391020072401 ], [ -101.46406139995743, 21.820225030323559 ], [ -101.455072339668945, 21.829958540172093 ], [ -101.422668939921152, 21.824962939576785 ], [ -101.361459950278118, 21.839120779875678 ] ] ] ] } },
{ "type": "Feature", "properties": { "fid": 12, "CVEGEO": "12", "CVE_ENT": "12", "NOMGEO": "Guerrero", "PibCalc25": 327380, "SUP": 63603.734813341041, "Long_Carret": 7891.77, "Municipios": 85, "UE": 185017, "Dens_Carret": 0.12408, "Dens_UE": 2.9089 }, "geometry": { "type": "MultiPolygon", "coordinates": [ [ [ [ -99.91815037180217, 16.822706362929196 ], [ -99.901417700000309, 16.822744105088375 ], [ -99.905612344116207, 16.817549611642622 ], [ -99.91815037180217, 16.822706362929196 ] ] ], [ [ [ -101.659587912995946, 17.673288396954316 ], [ -101.654536623880489, 17.678815492210266 ], [ -101.652013047171693, 17.673831304850104 ], [ -101.659587912995946, 17.673288396954316 ] ] ], [ [ [ -100.610181140387084, 18.887117490211626 ], [ -100.585493779985299, 18.858765859651875 ], [ -100.493482709966386, 18.823916719906943 ], [ -100.489881950227627, 18.810378540019528 ], [ -100.497614859984097, 18.805960689920642 ], [ -100.490285049892407, 18.789303050400417 ], [ -100.481770219568517, 18.798651650260503 ], [ -100.45939165009537, 18.796892690118604 ], [ -100.456004349551861, 18.777878149547437 ], [ -100.430633749879888, 18.783248449568259 ], [ -100.427758219132571, 18.766618519918634 ], [ -100.418085219966557, 18.75951407979634 ], [ -100.437130429761226, 18.750555250144505 ], [ -100.450373550056597, 18.716048080435471 ], [ -100.447133319942765, 18.701575050254927 ], [ -100.478337199993291, 18.686864779552096 ], [ -100.487027689630821, 18.640351649812491 ], [ -100.474289320131675, 18.619216120254777 ], [ -100.446509029636886, 18.622465230258392 ], [ -100.429733310389025, 18.599273219960661 ], [ -100.436936970166641, 18.596474860348366 ], [ -100.449361599783785, 18.556561369585573 ], [ -100.429096950197604, 18.510048059976597 ], [ -100.395953690270474, 18.540520090420163 ], [ -100.373701290053674, 18.529113849989802 ], [ -100.362003178672666, 18.49684723006084 ], [ -100.385356980141566, 18.426524139761476 ], [ -100.35944131995177, 18.423461860375916 ], [ -100.346141290013549, 18.400314489597822 ], [ -100.303753168891433, 18.367017219551443 ], [ -100.291978279996115, 18.381605920351024 ], [ -100.270891518891474, 18.373732460983771 ], [ -100.259519909803544, 18.427432690050431 ], [ -100.236399648796407, 18.416771769925905 ], [ -100.238014320339872, 18.425218720916078 ], [ -100.217076089233075, 18.445923691158285 ], [ -100.208711230396247, 18.4491593796491 ], [ -100.208655769769962, 18.44122931995398 ], [ -100.200139649562999, 18.456694510125178 ], [ -100.185736249794999, 18.455107230298005 ], [ -100.182368139769693, 18.468121540007871 ], [ -100.171983830361029, 18.471514150291569 ], [ -100.17420297961938, 18.481681339880396 ], [ -100.165336000187907, 18.479713629931883 ], [ -100.158769999639276, 18.491819620045376 ], [ -100.1455915104398, 18.488021919778017 ], [ -100.136183340070701, 18.506124080199427 ], [ -100.132174549878613, 18.499963980291117 ], [ -100.128012179901901, 18.507803089842881 ], [ -100.118515539632682, 18.505962139836591 ], [ -100.122677289950516, 18.516494549634537 ], [ -100.089951140089525, 18.522160779684011 ], [ -100.068886339723491, 18.564440649939854 ], [ -100.070731510353056, 18.582816339761351 ], [ -100.08241383013501, 18.587949830024666 ], [ -100.071754979997237, 18.593691489580237 ], [ -100.06359594004185, 18.58550391955988 ], [ -100.024963629955678, 18.606866750309482 ], [ -99.999300849800008, 18.583578370057683 ], [ -100.001603369996559, 18.563930060147815 ], [ -99.989694910366836, 18.569702150107325 ], [ -99.961672260384532, 18.55297891043276 ], [ -99.94716184973791, 18.587940569724722 ], [ -99.907001450072812, 18.601820969788715 ], [ -99.88846284961609, 18.618663050423585 ], [ -99.863741399620054, 18.617862030054528 ], [ -99.847618080037449, 18.605490400165955 ], [ -99.848359519556581, 18.620258830185886 ], [ -99.816558749763345, 18.625003429822669 ], [ -99.81251752010931, 18.64085790957872 ], [ -99.793004750041931, 18.63065763036748 ], [ -99.783315550012389, 18.642366350243808 ], [ -99.784305579830146, 18.662335600007804 ], [ -99.772422749551168, 18.68619740059281 ], [ -99.754900339786019, 18.697387090558824 ], [ -99.758295769676181, 18.711275579609023 ], [ -99.73909764966011, 18.728279109924291 ], [ -99.7370313986507, 18.73983251117545 ], [ -99.704728648749153, 18.734932520028011 ], [ -99.679564050213656, 18.711333291063522 ], [ -99.67197238003709, 18.713503940062097 ], [ -99.709157888957094, 18.768838881141555 ], [ -99.694735460025171, 18.776772280362504 ], [ -99.696993510306299, 18.786336919819135 ], [ -99.661455860220983, 18.771305459762122 ], [ -99.630907749961423, 18.720552229898637 ], [ -99.621120749797754, 18.725932780301893 ], [ -99.62286606021938, 18.73983890992552 ], [ -99.589908919826044, 18.739307220040128 ], [ -99.579720249940507, 18.735178630130445 ], [ -99.581690859745919, 18.72174758038129 ], [ -99.569781550134934, 18.705510940064396 ], [ -99.536434919613583, 18.693751109780525 ], [ -99.494414149993631, 18.720544799832563 ], [ -99.453886320250078, 18.609902319818961 ], [ -99.441201459644589, 18.612574000353742 ], [ -99.440494999805992, 18.597464399934065 ], [ -99.4197044497881, 18.590336660103507 ], [ -99.422882180176771, 18.56206788022288 ], [ -99.407804429657162, 18.556066370262268 ], [ -99.36295192038753, 18.499026719606249 ], [ -99.357404260092679, 18.467669170169568 ], [ -99.343445659789438, 18.467127859728553 ], [ -99.352675259707553, 18.485980830397722 ], [ -99.328264280040173, 18.488831539918952 ], [ -99.32836782041899, 18.459540250322849 ], [ -99.247607340051886, 18.450999250013918 ], [ -99.246007059683507, 18.45643336974894 ], [ -99.205421629899178, 18.456588799889467 ], [ -99.206674030218124, 18.447434430423151 ], [ -99.177905370157461, 18.424745250174976 ], [ -99.181315079827669, 18.448417749849792 ], [ -99.156127569546499, 18.466348430196994 ], [ -99.142411220239495, 18.465285340001326 ], [ -99.140623349812202, 18.474973090285797 ], [ -99.136098290336207, 18.449186950389077 ], [ -99.124395249756915, 18.441239649769972 ], [ -99.128314859722323, 18.427308979939173 ], [ -99.110657770061025, 18.419074579711662 ], [ -99.100518320022488, 18.401189000216526 ], [ -99.089546890453619, 18.399985720292484 ], [ -99.078536450246901, 18.387065969972255 ], [ -99.081256460289637, 18.373114709611322 ], [ -99.072839260314254, 18.377312459640827 ], [ -99.06605050990953, 18.367105220250181 ], [ -99.075963570172092, 18.342379219849896 ], [ -99.066118320166638, 18.333067340418676 ], [ -99.069913319558665, 18.324231770332666 ], [ -99.05177255025778, 18.289815249592799 ], [ -99.069363879792064, 18.283234679578033 ], [ -99.05322812043201, 18.264156369766205 ], [ -99.063820450149834, 18.262501540144999 ], [ -99.063709889671514, 18.251483029752531 ], [ -99.055771449976163, 18.250173970252913 ], [ -99.031705510271109, 18.272314519737996 ], [ -99.016903319983172, 18.26639141985666 ], [ -99.019329949764824, 18.24541104961952 ], [ -98.989040849971062, 18.249317739859098 ], [ -99.000066319769303, 18.190204910100665 ], [ -98.957219089825159, 18.188697510020504 ], [ -98.881876888589346, 18.166162091127866 ], [ -98.852369769386357, 18.117600941027167 ], [ -98.869811820299617, 18.057216660264345 ], [ -98.812999739697403, 18.064875349806222 ], [ -98.811297150324663, 18.050632719976473 ], [ -98.800336650208237, 18.053077819754151 ], [ -98.79707011036264, 18.06264647972991 ], [ -98.759138079767908, 18.044676020409533 ], [ -98.73509786035963, 18.04509511985496 ], [ -98.767097110460767, 18.019611169891267 ], [ -98.80125962033128, 18.022052429966752 ], [ -98.814938429765334, 18.001696709571206 ], [ -98.731827480380147, 17.982553019936738 ], [ -98.708840060100911, 17.967540599958916 ], [ -98.705948060014848, 17.9556144496493 ], [ -98.688102019636986, 17.961938170244036 ], [ -98.6729547498784, 17.943268709835472 ], [ -98.650538170310384, 17.933161050069469 ], [ -98.622054219903532, 17.941712350171368 ], [ -98.610483520216022, 17.958062800035844 ], [ -98.59321225967598, 17.960362220254634 ], [ -98.585523489553978, 17.974941029770662 ], [ -98.555390319786341, 17.972840110296016 ], [ -98.553947419905612, 17.978773140057697 ], [ -98.543776909945677, 17.973353380335915 ], [ -98.538432919965345, 17.983804200161707 ], [ -98.529628260338555, 17.975822520340198 ], [ -98.526724820441075, 17.996288849638987 ], [ -98.500491770386517, 17.995578939732962 ], [ -98.476386660322447, 17.981043620305371 ], [ -98.471465769945269, 17.99178465042144 ], [ -98.448140479945522, 17.990711089916644 ], [ -98.425094339986259, 17.976933539726328 ], [ -98.432732629890566, 17.971998890004112 ], [ -98.424165060459174, 17.93823834987603 ], [ -98.444997950048773, 17.922297059930525 ], [ -98.434438219660862, 17.908372310304486 ], [ -98.435517920172941, 17.891411369834881 ], [ -98.424225850082806, 17.892237769587314 ], [ -98.424956980079401, 17.839594509987702 ], [ -98.496342680155735, 17.768809449801726 ], [ -98.486698999894557, 17.733731549692219 ], [ -98.489655629903112, 17.703438890057903 ], [ -98.48617250994802, 17.680992219958785 ], [ -98.470704549560139, 17.678095980225763 ], [ -98.461044739609392, 17.630358859748394 ], [ -98.450504650465263, 17.6333451797266 ], [ -98.433107920020888, 17.622995350169937 ], [ -98.410151940123228, 17.599768739637575 ], [ -98.376971579608011, 17.605349059664938 ], [ -98.329451830014861, 17.532980950203978 ], [ -98.330827290141912, 17.511763280239894 ], [ -98.320297620420234, 17.50688208018828 ], [ -98.311884280130826, 17.47749221968229 ], [ -98.329013510206806, 17.478727889599391 ], [ -98.335850749604816, 17.456304630209328 ], [ -98.304914780329, 17.394303770059381 ], [ -98.287373180064662, 17.329011149638475 ], [ -98.304810520060812, 17.327519829857597 ], [ -98.323495219879206, 17.275944149616443 ], [ -98.2884833203331, 17.238220399976619 ], [ -98.277192120205086, 17.250076429982414 ], [ -98.244342419958926, 17.251466890231214 ], [ -98.203136229990392, 17.216287420250257 ], [ -98.200400050375052, 17.203811969577874 ], [ -98.205117229905298, 17.191024229603052 ], [ -98.217681140412481, 17.186864319869517 ], [ -98.225045980267865, 17.152279919625919 ], [ -98.222599540445131, 17.122149680202334 ], [ -98.15342388984638, 17.110402939625654 ], [ -98.150008779607504, 17.102431349930818 ], [ -98.118010740264907, 17.095515290381005 ], [ -98.080913970294233, 17.066581200399867 ], [ -98.007276400266576, 17.040137340327064 ], [ -98.030157739941757, 17.015757060710989 ], [ -98.057494399186041, 17.023776460336514 ], [ -98.111261309951985, 16.958868399751331 ], [ -98.072333890441598, 16.874249549645672 ], [ -98.108157029564339, 16.760951379556598 ], [ -98.120503740367255, 16.754729660449726 ], [ -98.135177830416211, 16.75839310997566 ], [ -98.134745979869948, 16.751505741271341 ], [ -98.124236710114459, 16.749640650736506 ], [ -98.138993999765759, 16.723783800878056 ], [ -98.175210769954603, 16.71800357131875 ], [ -98.20027105963284, 16.697235090633519 ], [ -98.205516949895909, 16.698016230067175 ], [ -98.20154461874796, 16.712671820642871 ], [ -98.22134677978805, 16.708547939609929 ], [ -98.233534550055751, 16.717366320355534 ], [ -98.243442290045692, 16.696700080851841 ], [ -98.246311999365517, 16.672366749925516 ], [ -98.233066679603709, 16.670633401270283 ], [ -98.228458779159737, 16.639503711310027 ], [ -98.214206379765827, 16.618795401199911 ], [ -98.193775780126799, 16.621462691322726 ], [ -98.203364219201177, 16.587180420479431 ], [ -98.269426570024265, 16.558455479758369 ], [ -98.29282949005858, 16.557780579746073 ], [ -98.291703260337627, 16.570065520325812 ], [ -98.329970000065416, 16.572748260251341 ], [ -98.340279829805723, 16.558169200106303 ], [ -98.395139399706608, 16.546836430242966 ], [ -98.38332396985389, 16.512656140081507 ], [ -98.387332939575515, 16.497786320144776 ], [ -98.368331659955558, 16.500851770188149 ], [ -98.368838350445543, 16.491178459619722 ], [ -98.352532279707688, 16.489431449759881 ], [ -98.359877919938597, 16.471705139830348 ], [ -98.349465049800614, 16.445586859895656 ], [ -98.399157829639904, 16.380512619920026 ], [ -98.470855369553064, 16.381155140003877 ], [ -98.533398449718007, 16.351582630140651 ], [ -98.552632450448954, 16.315952579781381 ], [ -98.57083540446726, 16.326978770807735 ], [ -98.565483996442211, 16.334462176302424 ], [ -98.574977949674263, 16.349074080396601 ], [ -98.697486875994642, 16.460426280825963 ], [ -98.772747749665712, 16.554754638953945 ], [ -98.806656258631449, 16.558095401900118 ], [ -98.841722551507956, 16.548447212486078 ], [ -98.856954919705828, 16.528249369711283 ], [ -98.905857630034248, 16.534426750070601 ], [ -99.074092279727722, 16.591892620016583 ], [ -99.332885879562781, 16.658449109654203 ], [ -99.460439717947125, 16.682179856858333 ], [ -99.549692349257995, 16.68884330028358 ], [ -99.608000914664089, 16.683139646068991 ], [ -99.657604276359493, 16.695928897991116 ], [ -99.755817441159124, 16.741121227732609 ], [ -99.81764773630384, 16.787903810807137 ], [ -99.845127710221718, 16.78431174985656 ], [ -99.846433999816611, 16.792818049941271 ], [ -99.859060110031123, 16.796244149599687 ], [ -99.839796629708673, 16.793986879865663 ], [ -99.836980101288106, 16.805607081667155 ], [ -99.876521709886589, 16.814546180909243 ], [ -99.863049519746838, 16.834790489645719 ], [ -99.851218739145409, 16.836982804753003 ], [ -99.862088509709409, 16.855132489548133 ], [ -99.882497519793347, 16.859666429783758 ], [ -99.898091584607116, 16.853880355394104 ], [ -99.910922437080046, 16.841860298931902 ], [ -99.89446491965964, 16.839504750202511 ], [ -99.894060579801689, 16.832790450943964 ], [ -99.915749649129893, 16.8277579501014 ], [ -99.922897449013519, 16.859517611938472 ], [ -99.932835659429216, 16.860367981342979 ], [ -99.959208689771145, 16.892968080432013 ], [ -99.989876448919389, 16.909264919763029 ], [ -100.121605489961127, 16.949030889563549 ], [ -100.412618303627738, 17.056495010063674 ], [ -100.675785179104352, 17.137593537880942 ], [ -100.824717810539624, 17.195351961100151 ], [ -101.013469684669147, 17.254031814187506 ], [ -101.037580763383431, 17.268539388184102 ], [ -101.061265917866436, 17.264763183852772 ], [ -101.066243750111795, 17.273248341862089 ], [ -101.055351139742243, 17.276239319837654 ], [ -101.050259686794959, 17.291571840567975 ], [ -101.056204804154547, 17.306953406986956 ], [ -101.120809012165779, 17.360235719107376 ], [ -101.174471154926181, 17.389123333874309 ], [ -101.179667956656147, 17.408948526668116 ], [ -101.2068232694199, 17.428733031757478 ], [ -101.289666583525488, 17.467024045012653 ], [ -101.443007723918399, 17.525754966340124 ], [ -101.457201103862985, 17.525083024789229 ], [ -101.46055910981022, 17.536676149955877 ], [ -101.442952520354467, 17.536236139987682 ], [ -101.443603149841493, 17.563898879983483 ], [ -101.504368125281587, 17.619700819315234 ], [ -101.521742949427377, 17.623438952172329 ], [ -101.552447514038462, 17.611317383183206 ], [ -101.557734600274159, 17.61995679962957 ], [ -101.545728869851743, 17.625290025641203 ], [ -101.551820479733337, 17.638571970771089 ], [ -101.572124008830173, 17.622337677845753 ], [ -101.577295486348518, 17.636497342035685 ], [ -101.595937901579035, 17.634745299987291 ], [ -101.606788005889797, 17.66079647169602 ], [ -101.631195695570796, 17.667006986292531 ], [ -101.653168829247448, 17.662473398895081 ], [ -101.642838559939236, 17.671614134752481 ], [ -101.647489280106313, 17.701155970138245 ], [ -101.667069215183602, 17.733750145096227 ], [ -101.747428165227944, 17.792814936337834 ], [ -101.748901800137162, 17.809493370222299 ], [ -101.771619336075588, 17.830651459427948 ], [ -101.770631029717521, 17.845857250193735 ], [ -101.815504315379556, 17.890729300365685 ], [ -101.865273120665236, 17.910678700848457 ], [ -101.936670434068532, 17.955365765834724 ], [ -102.032167618097816, 17.987560120584224 ], [ -102.098832407951591, 17.982955709573854 ], [ -102.137906550457188, 17.940189550429587 ], [ -102.137551740008902, 17.969684110230574 ], [ -102.180159549766771, 17.998900910187434 ], [ -102.184345319866324, 18.059487170315105 ], [ -102.178275059865328, 18.122923349968065 ], [ -102.163210520098076, 18.144776879572472 ], [ -102.161818180425357, 18.164148250234337 ], [ -102.142455170113578, 18.187055249740336 ], [ -102.057368460075438, 18.195152549942801 ], [ -102.038677170079097, 18.208196310114143 ], [ -102.019055279663888, 18.202115719654497 ], [ -101.978148830008024, 18.207309570333816 ], [ -101.973408850280663, 18.232307090174761 ], [ -101.927972620207598, 18.23161069039762 ], [ -101.906647400249241, 18.24480785018558 ], [ -101.907122620434649, 18.261184749588764 ], [ -101.896819480466348, 18.277115220436492 ], [ -101.883038769645182, 18.262423880058037 ], [ -101.86324931037548, 18.261655140022587 ], [ -101.882915740039053, 18.277437140193634 ], [ -101.862694679731788, 18.287228480441129 ], [ -101.870197820091235, 18.308322859982784 ], [ -101.855716140278432, 18.314275550079984 ], [ -101.870801200129932, 18.331767489584355 ], [ -101.861566949848509, 18.356467970176872 ], [ -101.874054019840045, 18.368346419890944 ], [ -101.873033720069202, 18.384297380349977 ], [ -101.889316140317419, 18.400473230397743 ], [ -101.873758829786169, 18.437485580261576 ], [ -101.860442050251876, 18.446185169701216 ], [ -101.887925180393808, 18.481495250129793 ], [ -101.882259829873121, 18.534227660142466 ], [ -101.843844429969522, 18.574395739598344 ], [ -101.771794180421665, 18.603721400036374 ], [ -101.717357180014076, 18.612010799952177 ], [ -101.701175850100284, 18.587893380240061 ], [ -101.638993139631282, 18.602534399790407 ], [ -101.624499780189637, 18.599153980402328 ], [ -101.60508708016458, 18.574595249996086 ], [ -101.583563339673162, 18.520994769786387 ], [ -101.507444060151713, 18.486797289670282 ], [ -101.468021919737765, 18.486935519817859 ], [ -101.45742089045396, 18.4973540602052 ], [ -101.441947230464834, 18.488993380209656 ], [ -101.432154940369031, 18.501676430226716 ], [ -101.417580629922796, 18.497548110323944 ], [ -101.406884950191312, 18.512512570119899 ], [ -101.394922280409972, 18.506126620306738 ], [ -101.378589970161897, 18.509846679767644 ], [ -101.365604199948834, 18.499882249761221 ], [ -101.36187719998226, 18.520217800331174 ], [ -101.298960080316306, 18.533126059809042 ], [ -101.282077170151325, 18.544734030133522 ], [ -101.270014659640808, 18.535158349605396 ], [ -101.21190059971704, 18.536417250138172 ], [ -101.191566940234296, 18.517827520409668 ], [ -101.168213599577996, 18.521024400402982 ], [ -101.142786400271689, 18.510532519736877 ], [ -101.131511849949888, 18.517493460084253 ], [ -101.120268619687607, 18.509256800108588 ], [ -101.088660860019772, 18.505907859634803 ], [ -101.037967799798523, 18.526206030128527 ], [ -101.012003280050237, 18.52754301955181 ], [ -101.00599212023694, 18.493651029951909 ], [ -100.973707380443727, 18.481960570082556 ], [ -100.960832539752133, 18.46502554993431 ], [ -100.966417829777768, 18.448521049904532 ], [ -100.957443380325685, 18.444430110086035 ], [ -100.942753140068078, 18.455077350361485 ], [ -100.922274520430562, 18.444567339580207 ], [ -100.914516020222166, 18.471750199777212 ], [ -100.894368370202784, 18.463138659986274 ], [ -100.873975429818728, 18.492008779821806 ], [ -100.859171199910293, 18.478387349948338 ], [ -100.838480749846184, 18.473069319734996 ], [ -100.798177579920917, 18.480541119999671 ], [ -100.777643259682122, 18.43954334976225 ], [ -100.751358400219715, 18.425771230099812 ], [ -100.737369319846181, 18.427301459794837 ], [ -100.722730260186538, 18.400449380090805 ], [ -100.707038449589589, 18.418999999686477 ], [ -100.691051219927374, 18.414153170093631 ], [ -100.68932348012126, 18.393939350199361 ], [ -100.674954850057148, 18.383624939572258 ], [ -100.676693718832766, 18.372559480006952 ], [ -100.642999649959634, 18.346157690302149 ], [ -100.639675179882758, 18.363918400071633 ], [ -100.626939000457114, 18.375651510188355 ], [ -100.610603970414218, 18.377053820365759 ], [ -100.596145599906748, 18.399452940318806 ], [ -100.599576750246811, 18.405794620047629 ], [ -100.588229780248739, 18.412145149983555 ], [ -100.631492120425548, 18.43846964973487 ], [ -100.637244480003659, 18.457749169592056 ], [ -100.647977799811542, 18.457411600290712 ], [ -100.697790290246814, 18.490641150046951 ], [ -100.704613598671656, 18.483315310613719 ], [ -100.715041180248321, 18.486397019553731 ], [ -100.706977380035795, 18.489900939903105 ], [ -100.722675660123059, 18.513767980339786 ], [ -100.731989850228544, 18.520984829776641 ], [ -100.744225179545367, 18.518072969944463 ], [ -100.764895719878496, 18.561211339577312 ], [ -100.751212819924135, 18.64166672014337 ], [ -100.760103709733173, 18.641630549720567 ], [ -100.761282289839954, 18.675988950253615 ], [ -100.770282619796831, 18.69271022984913 ], [ -100.784264249681343, 18.687002860017095 ], [ -100.772935179612517, 18.732567710083906 ], [ -100.781780350455307, 18.745105080119814 ], [ -100.796911980133032, 18.74627017029324 ], [ -100.790156059606048, 18.761444919869462 ], [ -100.798968939838829, 18.7845357801394 ], [ -100.782517519605889, 18.801653510069261 ], [ -100.791770890005779, 18.834168480449364 ], [ -100.782117420187888, 18.854257720065174 ], [ -100.766673679719347, 18.865415149619992 ], [ -100.748403419607413, 18.867932569694769 ], [ -100.746202350253967, 18.857979349869773 ], [ -100.736830740252884, 18.860509850256157 ], [ -100.736367369577252, 18.851313689757362 ], [ -100.709985000308961, 18.83643285014729 ], [ -100.711967769572766, 18.825909019956953 ], [ -100.702755569806811, 18.823759739701121 ], [ -100.705838169712663, 18.796406519843991 ], [ -100.696068540215492, 18.794125490132515 ], [ -100.680003630143389, 18.817225889911199 ], [ -100.666853780006335, 18.819379660071014 ], [ -100.672932970207086, 18.824804970354027 ], [ -100.666081859591486, 18.83425476965115 ], [ -100.643413520008323, 18.848876819984838 ], [ -100.640836749754058, 18.86590609016973 ], [ -100.622247170344409, 18.866835250155805 ], [ -100.610181140387084, 18.887117490211626 ] ] ] ] } },
{ "type": "Feature", "properties": { "fid": 13, "CVEGEO": "13", "CVE_ENT": "13", "NOMGEO": "Hidalgo", "PibCalc25": 446260, "SUP": 20821.444110824694, "Long_Carret": 5299.54, "Municipios": 84, "UE": 159576, "Dens_Carret": 0.25461, "Dens_UE": 7.66662 }, "geometry": { "type": "MultiPolygon", "coordinates": [ [ [ [ -98.4855352798876, 21.398375679987605 ], [ -98.481091400044278, 21.388400820050162 ], [ -98.468697090137525, 21.38703262017787 ], [ -98.46995976964017, 21.357538909572348 ], [ -98.463605680363244, 21.350154340250821 ], [ -98.477878169939402, 21.343761219899239 ], [ -98.485177749991067, 21.350149859964649 ], [ -98.495617510158965, 21.34042021956402 ], [ -98.495566920444872, 21.329965770341925 ], [ -98.543981720263815, 21.263901230427287 ], [ -98.51654337044522, 21.244268950457837 ], [ -98.499009780261346, 21.252231139619802 ], [ -98.468359739682029, 21.24965114000889 ], [ -98.4692578299925, 21.234163979601636 ], [ -98.480814880306809, 21.230674650362424 ], [ -98.47965663033132, 21.223888460447455 ], [ -98.456947879945247, 21.21483299995392 ], [ -98.452892890414873, 21.210031949777949 ], [ -98.459626060296358, 21.204801750033564 ], [ -98.446672999897402, 21.199620000030777 ], [ -98.446766909853352, 21.179813150112853 ], [ -98.430107489648293, 21.17278774035605 ], [ -98.416435689981782, 21.154981889708608 ], [ -98.404544450120341, 21.152651890103495 ], [ -98.386807969960032, 21.16225914016486 ], [ -98.380219519820017, 21.155124740226256 ], [ -98.36624108016828, 21.162235059561702 ], [ -98.350754230164512, 21.157142679957254 ], [ -98.315855910368668, 21.186879620369901 ], [ -98.297903370336428, 21.177402490317625 ], [ -98.296150260449778, 21.187961540442021 ], [ -98.27913113987114, 21.19275255017579 ], [ -98.278579350179939, 21.17258471999477 ], [ -98.295353819524877, 21.155971849851611 ], [ -98.29451370999719, 21.147188549713519 ], [ -98.28217376982019, 21.136417380324474 ], [ -98.262502770259943, 21.140656579830537 ], [ -98.249110370467406, 21.129403320263247 ], [ -98.227350049560428, 21.15041593954464 ], [ -98.216824580095462, 21.151472349676538 ], [ -98.205053719891438, 21.138087910123154 ], [ -98.207417660455206, 21.128726050279081 ], [ -98.195152249710617, 21.120363199744158 ], [ -98.201982430113731, 21.106442939629016 ], [ -98.174861920084055, 21.106223889575794 ], [ -98.147410339977156, 21.076583369824245 ], [ -98.161157680462679, 21.019130630394013 ], [ -98.188271429561183, 21.031308149918086 ], [ -98.188998369554284, 21.01831877015319 ], [ -98.202068460125957, 21.011749219703056 ], [ -98.200619280216756, 20.994696319650675 ], [ -98.215007450077792, 20.989627310235814 ], [ -98.216919400362457, 20.973743020151399 ], [ -98.20953931000308, 20.967088579972469 ], [ -98.216111569850668, 20.952607920229152 ], [ -98.228573690373111, 20.957608849636362 ], [ -98.239354648823749, 20.923026419968114 ], [ -98.229822028584763, 20.914594430022539 ], [ -98.222704288564671, 20.9184479799804 ], [ -98.224862888814172, 20.90635725020179 ], [ -98.250966308710531, 20.897304690118979 ], [ -98.265503048710357, 20.866536230001142 ], [ -98.256222288797318, 20.858969279651809 ], [ -98.254642978648519, 20.848952200331961 ], [ -98.262322879372221, 20.846892539890504 ], [ -98.253765049255733, 20.821491720078303 ], [ -98.224705059102604, 20.818235230113078 ], [ -98.233652619286218, 20.79755557012151 ], [ -98.244886849343146, 20.802221600184417 ], [ -98.24774964945297, 20.789437000347849 ], [ -98.254041548933372, 20.794102889632843 ], [ -98.261595169502456, 20.785969230340161 ], [ -98.292022938740757, 20.785506749734441 ], [ -98.298810058993325, 20.777839849664407 ], [ -98.304478708898969, 20.782733460315587 ], [ -98.298446429428878, 20.80142926024698 ], [ -98.302876909258202, 20.795900769734377 ], [ -98.307830348965553, 20.801916109907793 ], [ -98.315315979077042, 20.788746829962729 ], [ -98.328522319314999, 20.784096819826164 ], [ -98.34466525856746, 20.797485339643167 ], [ -98.31483784880804, 20.809815479866739 ], [ -98.316536049134385, 20.81777047979584 ], [ -98.328646478633104, 20.820501349753826 ], [ -98.327196079032632, 20.829438229718043 ], [ -98.352870459039451, 20.836007139833484 ], [ -98.345145539797457, 20.864852540262138 ], [ -98.357510179829049, 20.856790119827131 ], [ -98.371125950102652, 20.862314449842636 ], [ -98.379660780423123, 20.851861579910704 ], [ -98.402909059673149, 20.858383880191909 ], [ -98.413717220266392, 20.848636450120466 ], [ -98.430638580319069, 20.847672430051379 ], [ -98.450553570063249, 20.821471860177819 ], [ -98.449641449931434, 20.80608857961937 ], [ -98.464557309768963, 20.772529109716722 ], [ -98.449728879873561, 20.751345709871547 ], [ -98.503610510230814, 20.732226689762538 ], [ -98.508138650311622, 20.744189399941334 ], [ -98.516653909616295, 20.742889680101793 ], [ -98.514493320215408, 20.7323223795686 ], [ -98.506438060314309, 20.733119149736215 ], [ -98.53015979971029, 20.718098319584715 ], [ -98.529072600236873, 20.703993919673565 ], [ -98.550179750171026, 20.6893925397668 ], [ -98.533397350135047, 20.662716910456545 ], [ -98.525051340170393, 20.681839109994801 ], [ -98.460341829630806, 20.713312110428465 ], [ -98.433857419933133, 20.743163179640252 ], [ -98.421447820046126, 20.744276120082144 ], [ -98.429201249949415, 20.716411519765071 ], [ -98.443349890180826, 20.709880969679055 ], [ -98.445903650058867, 20.694336710448631 ], [ -98.449216369696629, 20.700895719583116 ], [ -98.459883399997963, 20.696203350083113 ], [ -98.463685949533087, 20.667241280182548 ], [ -98.494846719914165, 20.644340510039083 ], [ -98.480180460112976, 20.588998890223117 ], [ -98.512248020130755, 20.594224349678502 ], [ -98.522978650467067, 20.581812600288661 ], [ -98.524492339634008, 20.548362230052678 ], [ -98.534665170058503, 20.53065817957739 ], [ -98.557606229748188, 20.509364770110803 ], [ -98.597285689972807, 20.495770860244118 ], [ -98.549689140349813, 20.435359170247619 ], [ -98.543064800397957, 20.375560340339355 ], [ -98.548966659958722, 20.360286119934234 ], [ -98.517401079579628, 20.336851680179347 ], [ -98.460389149719433, 20.331449619966499 ], [ -98.418294140354647, 20.380048690486742 ], [ -98.386148779740381, 20.40271291083944 ], [ -98.359819969998924, 20.3998097409157 ], [ -98.32101361962701, 20.418013800576723 ], [ -98.312138600230185, 20.44976765071484 ], [ -98.280463570061457, 20.469377050673287 ], [ -98.255773739623507, 20.499940121266867 ], [ -98.234102799630648, 20.506195050799874 ], [ -98.228694049790221, 20.520834721059312 ], [ -98.211600890394408, 20.528699850487904 ], [ -98.188344830463123, 20.523219940603823 ], [ -98.158043019533665, 20.542561280775374 ], [ -98.15371825000426, 20.56522083105726 ], [ -98.147736430001416, 20.562661800754011 ], [ -98.130187979612671, 20.590931250959915 ], [ -98.121642799598618, 20.586094380668218 ], [ -98.118723579982969, 20.594129310524604 ], [ -98.126905969761708, 20.597267200664831 ], [ -98.114976750405305, 20.600103860789968 ], [ -98.111786480071018, 20.615936750857689 ], [ -98.100591819673298, 20.613877781339816 ], [ -98.098214140023472, 20.624369460257249 ], [ -98.087180849697376, 20.622876770247089 ], [ -98.071958109531508, 20.657720630014914 ], [ -98.074902819975577, 20.67654785006625 ], [ -98.039979420010653, 20.631932430430705 ], [ -98.021009999740741, 20.626779999593055 ], [ -98.017709799551497, 20.601704910257052 ], [ -98.028728170137754, 20.589711600029549 ], [ -98.008305649692602, 20.532689819968663 ], [ -98.017271620376917, 20.525992380387017 ], [ -97.985071120134776, 20.517405600035175 ], [ -97.997426089791176, 20.506095249819985 ], [ -97.988791000193345, 20.495385199852716 ], [ -97.993370379907105, 20.485221350202231 ], [ -98.008864779898275, 20.482541000004172 ], [ -98.011384820363887, 20.455772250819532 ], [ -98.07048426040339, 20.430273169869285 ], [ -98.077317910451896, 20.403119750343233 ], [ -98.108388540158941, 20.373958290660486 ], [ -98.126835510398564, 20.336231020275015 ], [ -98.163253550154607, 20.327848600370867 ], [ -98.1813081101851, 20.336543079782746 ], [ -98.179077569553954, 20.293808369545847 ], [ -98.215948229758339, 20.291456581934785 ], [ -98.236476479304756, 20.304347482235666 ], [ -98.254029648806664, 20.301341881728508 ], [ -98.266037119950497, 20.273611091201417 ], [ -98.284443540431809, 20.262788850343053 ], [ -98.278924778649483, 20.225272891255297 ], [ -98.270546168616875, 20.21580628128693 ], [ -98.243812459205657, 20.217943221415013 ], [ -98.229138718747706, 20.236613220728259 ], [ -98.212963859814366, 20.234291060539594 ], [ -98.192395678850346, 20.258217750742698 ], [ -98.175924938810695, 20.254229540149886 ], [ -98.147726309480078, 20.22638540114048 ], [ -98.153922218915028, 20.208580680800662 ], [ -98.127958550420118, 20.185941369974877 ], [ -98.129726820451324, 20.161483110965886 ], [ -98.139582648582405, 20.15014162079888 ], [ -98.097879450312789, 20.14538966114339 ], [ -98.108462460432335, 20.120803401299185 ], [ -98.124607059482415, 20.124069890708327 ], [ -98.128272659667061, 20.107202649580255 ], [ -98.159704737973868, 20.092569971255809 ], [ -98.168146458645083, 20.057229710904139 ], [ -98.180902849263632, 20.04698553994691 ], [ -98.174996570030743, 20.02960057971319 ], [ -98.163961139045824, 20.022457819674891 ], [ -98.174263889082098, 19.997739400755197 ], [ -98.16042797920926, 19.978129570555431 ], [ -98.180697648689346, 19.959751570588647 ], [ -98.215941350022348, 19.968521139874937 ], [ -98.226746489235239, 19.956222169730946 ], [ -98.222081689345373, 19.946932059829678 ], [ -98.251603779335341, 19.948149770750938 ], [ -98.242192748656095, 19.941149459631667 ], [ -98.256264450194081, 19.929305019563486 ], [ -98.245309060275872, 19.923998081061633 ], [ -98.248072949968332, 19.917530720411779 ], [ -98.26782019977334, 19.916113920351915 ], [ -98.269351849807705, 19.895709141006304 ], [ -98.290933420380711, 19.888877051023062 ], [ -98.291074879723936, 19.87581240097181 ], [ -98.315004340169992, 19.85511560084376 ], [ -98.305292089849829, 19.845870519679945 ], [ -98.267149110328816, 19.843336000187854 ], [ -98.264582179877493, 19.822999289688966 ], [ -98.250858050145979, 19.812757979739722 ], [ -98.251027479851047, 19.795064479544738 ], [ -98.234815449723982, 19.777045510362331 ], [ -98.216155550311839, 19.778416970001842 ], [ -98.221424250458824, 19.773576350285598 ], [ -98.194484200040662, 19.765589650184364 ], [ -98.195698799979027, 19.74161965989919 ], [ -98.215109339604524, 19.741314450216738 ], [ -98.236263089803415, 19.723333949959539 ], [ -98.259574768155858, 19.717209481212876 ], [ -98.280521550082781, 19.726321079941091 ], [ -98.279672400105625, 19.716881489836865 ], [ -98.293321720191699, 19.726229599836618 ], [ -98.331667199769569, 19.722319970104692 ], [ -98.330046740449077, 19.699037459700126 ], [ -98.320949179971194, 19.701010889662513 ], [ -98.323803140256814, 19.685297650318141 ], [ -98.381696849779075, 19.609361859809933 ], [ -98.412666539181089, 19.617499089628954 ], [ -98.441423649376162, 19.612580570590023 ], [ -98.490195429873808, 19.619953319700155 ], [ -98.491613848673907, 19.607367829650045 ], [ -98.51923880022342, 19.602399289847934 ], [ -98.535575779605395, 19.634418880175026 ], [ -98.550399679697833, 19.61857817030333 ], [ -98.555610460229175, 19.6281023698754 ], [ -98.563719510185038, 19.627148819984139 ], [ -98.566357800271987, 19.641119660281134 ], [ -98.579939980472957, 19.637416339898181 ], [ -98.609836079555606, 19.602014309834232 ], [ -98.634686629593759, 19.597758109691632 ], [ -98.64590929044455, 19.607530170052687 ], [ -98.663145620299858, 19.604754220034355 ], [ -98.672395719841603, 19.625147569735113 ], [ -98.670054820474562, 19.65867613985133 ], [ -98.643814139684693, 19.648837800316343 ], [ -98.619670570288136, 19.661163920393676 ], [ -98.639897089715532, 19.671083109834772 ], [ -98.623915400261694, 19.696408049675693 ], [ -98.63292434033751, 19.722235859583662 ], [ -98.615899030000747, 19.729482949757802 ], [ -98.60810170985232, 19.725075029964056 ], [ -98.596866659746269, 19.765839749700564 ], [ -98.611663679728409, 19.774128949689551 ], [ -98.612233710287668, 19.786368419863262 ], [ -98.625261049543198, 19.785182520285201 ], [ -98.623561920403603, 19.793888690114688 ], [ -98.638787850106539, 19.800769630222767 ], [ -98.639903110269245, 19.811964450325085 ], [ -98.660814859807587, 19.835031420279115 ], [ -98.67479217992144, 19.832396200256643 ], [ -98.675875419534322, 19.813184349626109 ], [ -98.697641250365933, 19.832114819865179 ], [ -98.671839740235797, 19.85365914038691 ], [ -98.672658919584379, 19.862834619878296 ], [ -98.685367549659347, 19.850548969813392 ], [ -98.699126650218616, 19.858419860067759 ], [ -98.712820660435, 19.853801920322841 ], [ -98.739172849671832, 19.872559509842358 ], [ -98.780574119611899, 19.883540550175759 ], [ -98.793926820329887, 19.87208408963458 ], [ -98.789721540197618, 19.861886850089459 ], [ -98.795172480388217, 19.856414689860355 ], [ -98.844033679773531, 19.881988260355065 ], [ -98.840951550220652, 19.892308859956948 ], [ -98.855830019722674, 19.90428015015355 ], [ -98.865895940348423, 19.892586890179523 ], [ -98.883162079897346, 19.901528749885742 ], [ -98.895889940232621, 19.895707570575205 ], [ -98.898269709814272, 19.883605341248067 ], [ -98.904117519784648, 19.887579950096264 ], [ -98.911824800203021, 19.881017261259561 ], [ -98.91748097972787, 19.869233180383233 ], [ -98.905203219718743, 19.863543799976611 ], [ -98.908788778997177, 19.857124971292272 ], [ -98.902977939439452, 19.859305510514144 ], [ -98.906016090032622, 19.845129539855559 ], [ -98.927631518764841, 19.843392681238765 ], [ -98.950042399012986, 19.799641290219856 ], [ -99.008200719258113, 19.828402060997423 ], [ -99.000151709798828, 19.834179181036564 ], [ -99.020581150122752, 19.867682660039293 ], [ -98.966005968777452, 19.891656800814236 ], [ -98.953546938645033, 19.888539889790749 ], [ -98.961446400253266, 19.89364071030834 ], [ -98.952722599614177, 19.906714570554456 ], [ -98.956112428648026, 19.92818355094585 ], [ -98.983164749926473, 19.93861283103049 ], [ -98.984690750253705, 19.946318020208484 ], [ -98.999778508576952, 19.941825020283041 ], [ -98.995622818816386, 19.956891721221016 ], [ -98.981175720322852, 19.954721400396032 ], [ -98.966219460240367, 19.973995079595657 ], [ -98.942730490019841, 19.979073090353054 ], [ -98.946654648743248, 20.027475091077157 ], [ -98.963976570054299, 20.031237690502856 ], [ -98.958687689566702, 20.039565400906898 ], [ -98.988977890384191, 20.068261920583033 ], [ -99.005644289887741, 20.053204510444189 ], [ -99.010497539159473, 20.035479371123742 ], [ -99.005266800079525, 20.028944050970569 ], [ -99.021554710108376, 19.98700523061013 ], [ -99.007547490207244, 19.979163341179323 ], [ -99.004120108913199, 19.964952110918759 ], [ -99.02765582001382, 19.964558620595401 ], [ -99.034512968901623, 19.971771780806041 ], [ -99.031342889744863, 20.014853630719433 ], [ -99.049430310382689, 20.007697111192588 ], [ -99.047648149060549, 19.995160279601631 ], [ -99.058500778625387, 19.988404771321964 ], [ -99.059575740060964, 19.973995820231696 ], [ -99.06756048000203, 19.984989400148965 ], [ -99.063840859064683, 20.014194350901164 ], [ -99.078323949085657, 20.018299600575265 ], [ -99.08544996921168, 20.032487921081415 ], [ -99.15860311984261, 20.027187709718216 ], [ -99.177217339934714, 19.993138890238573 ], [ -99.190052648531434, 19.993963290735724 ], [ -99.189205720154717, 19.984819549873087 ], [ -99.196919058610078, 19.98482660034286 ], [ -99.215394430294666, 19.954614419837554 ], [ -99.227761049774898, 19.951068120256927 ], [ -99.218572541101281, 19.927241910982158 ], [ -99.211519059741747, 19.924288430030959 ], [ -99.209215649723717, 19.93243597973111 ], [ -99.205602769923289, 19.927500739979994 ], [ -99.223925220443078, 19.901998400047209 ], [ -99.217467089082291, 19.891423629689434 ], [ -99.228299689754067, 19.875046799712354 ], [ -99.241430338660535, 19.875262110645796 ], [ -99.247960818784392, 19.859785450895831 ], [ -99.269468718711977, 19.859555281223983 ], [ -99.278718920263827, 19.840409401260846 ], [ -99.296943779525435, 19.835222249816781 ], [ -99.311922949559872, 19.814162490982998 ], [ -99.30660051972383, 19.79769370980701 ], [ -99.325581739457519, 19.793095490563818 ], [ -99.338653910232708, 19.80202825016891 ], [ -99.344560450382232, 19.779454521296628 ], [ -99.370610219744535, 19.78184455071781 ], [ -99.383031909242618, 19.771415511195336 ], [ -99.387883579537203, 19.777913179898125 ], [ -99.3811718604519, 19.784054401173591 ], [ -99.390331018840783, 19.785733546651162 ], [ -99.377540429035662, 19.796453400861555 ], [ -99.386722110060731, 19.813032020535289 ], [ -99.373249908870704, 19.851541850840221 ], [ -99.391751750095992, 19.859917540503702 ], [ -99.414991769118828, 19.850526630618656 ], [ -99.426781399637349, 19.874997023391529 ], [ -99.430414520100001, 19.870879181220044 ], [ -99.445208288663437, 19.884321061079344 ], [ -99.435933200056894, 19.903129150583819 ], [ -99.463880568883923, 19.892596221119998 ], [ -99.48398148005073, 19.905176521167558 ], [ -99.477764939414087, 19.960566400693331 ], [ -99.450243599225047, 19.964246891001203 ], [ -99.455144599672238, 19.979724480511489 ], [ -99.436852919559271, 20.001299050663071 ], [ -99.459758710460719, 20.065457340780934 ], [ -99.481008570056702, 20.082197890232365 ], [ -99.483496859702214, 20.100969771212444 ], [ -99.518128199215781, 20.145666659579966 ], [ -99.501830848721298, 20.15328657977749 ], [ -99.512240248789581, 20.175100170361702 ], [ -99.525926599950722, 20.17329556980366 ], [ -99.533494450392155, 20.162058020066624 ], [ -99.548287547779665, 20.163131740365916 ], [ -99.550664629450836, 20.171391689793413 ], [ -99.571416830302113, 20.170217679644569 ], [ -99.576263549546482, 20.16209160035044 ], [ -99.59956087954545, 20.169673370223236 ], [ -99.630602400445852, 20.145694449813956 ], [ -99.640990460193819, 20.16422918040546 ], [ -99.655077229481222, 20.163089910188656 ], [ -99.659726617871954, 20.180820540382996 ], [ -99.669397370150719, 20.179298750206886 ], [ -99.676948909579437, 20.162470459888628 ], [ -99.687524249602248, 20.17118753998319 ], [ -99.719371849881668, 20.16713797958775 ], [ -99.795238140459446, 20.227741290132357 ], [ -99.788067950819794, 20.230034924938813 ], [ -99.790418309701664, 20.237994200278447 ], [ -99.841889600105333, 20.2818814198727 ], [ -99.859541429890172, 20.264628339564233 ], [ -99.828071179116463, 20.543007651270464 ], [ -99.804625079288428, 20.544758380678161 ], [ -99.779328819631161, 20.559304909962687 ], [ -99.738683260297179, 20.560520800547714 ], [ -99.728243370393102, 20.57510633991631 ], [ -99.711952079956674, 20.5812666199195 ], [ -99.696412950344637, 20.574445019868232 ], [ -99.657870370406926, 20.601799290030819 ], [ -99.634583749544106, 20.605654150135202 ], [ -99.619511279933874, 20.59140695024066 ], [ -99.589708110111985, 20.620400140168783 ], [ -99.578949449565229, 20.618832249643837 ], [ -99.565344400007376, 20.640394149721836 ], [ -99.501922660425137, 20.658962219573393 ], [ -99.500642078789127, 20.673042509739602 ], [ -99.511036598582876, 20.678386709803341 ], [ -99.505540318675529, 20.684700520375063 ], [ -99.534274849294732, 20.705974249599429 ], [ -99.548471289315756, 20.737197750439602 ], [ -99.503816999512793, 20.765787320001046 ], [ -99.496306078584851, 20.782352599780388 ], [ -99.50376884920793, 20.794832940400248 ], [ -99.497253578950065, 20.79094462973806 ], [ -99.488706279098295, 20.799366659963272 ], [ -99.499727458817375, 20.804273370376922 ], [ -99.485289538559044, 20.817827549745139 ], [ -99.48873181945838, 20.832932890437252 ], [ -99.456539509052192, 20.849018800180726 ], [ -99.454432028748244, 20.857975580402012 ], [ -99.446064059509965, 20.853031059599846 ], [ -99.435226578717945, 20.899397000045695 ], [ -99.412556858649708, 20.905428939655096 ], [ -99.415585508567418, 20.924900599637962 ], [ -99.403035230228681, 20.930198170616393 ], [ -99.407240569974348, 20.937103720226034 ], [ -99.390626020138157, 20.952274320443479 ], [ -99.388278850044912, 20.966198370157791 ], [ -99.39632911862013, 20.981086880326224 ], [ -99.389954519642032, 21.004138380411419 ], [ -99.384574828800268, 21.018088911244643 ], [ -99.368356779065408, 21.024765081108377 ], [ -99.363245909599001, 21.041728890903443 ], [ -99.377079020319286, 21.056615050789997 ], [ -99.367437459134138, 21.06947969021148 ], [ -99.387673200115472, 21.067827230399434 ], [ -99.397280738561548, 21.102070450937834 ], [ -99.34635966044506, 21.100876660378159 ], [ -99.34182842962575, 21.123659679691666 ], [ -99.309205649522283, 21.147299649850677 ], [ -99.247681320409129, 21.101265689665198 ], [ -99.234216109731335, 21.112803679923015 ], [ -99.214096489877861, 21.10677559965545 ], [ -99.206225399925586, 21.118689720194723 ], [ -99.184600909972161, 21.12226168958178 ], [ -99.17622088999282, 21.137841509736759 ], [ -99.150521980473073, 21.147750680027595 ], [ -99.132564889579882, 21.153031779867618 ], [ -99.111997909663515, 21.148345659849127 ], [ -99.110397400376726, 21.156610880294512 ], [ -99.090631120153205, 21.153095520034331 ], [ -99.071179779806869, 21.166028110348847 ], [ -99.076479309830574, 21.173463950304903 ], [ -99.062412090292469, 21.174308630317334 ], [ -99.059801049762115, 21.167512310309871 ], [ -99.072707430217534, 21.157965830136018 ], [ -99.06133169043035, 21.154205339940379 ], [ -99.043079850236296, 21.178677250160906 ], [ -99.052370490185908, 21.219515579949647 ], [ -99.073532108638673, 21.230425285215009 ], [ -99.069940490329188, 21.243058149623486 ], [ -99.051176739661813, 21.253429679971443 ], [ -99.05513849013883, 21.282538479944208 ], [ -99.043453379781099, 21.279433019967307 ], [ -99.002279369801812, 21.297957690190032 ], [ -98.975043310298545, 21.297003600283428 ], [ -98.965301480211522, 21.306940509756981 ], [ -98.95651354996437, 21.301804050060696 ], [ -98.944960750287379, 21.3113365802187 ], [ -98.940283310024583, 21.294602459611689 ], [ -98.929277000072318, 21.292729449602636 ], [ -98.927940799793788, 21.268741950573339 ], [ -98.917728820031599, 21.255501079915955 ], [ -98.92287341953876, 21.246731090414993 ], [ -98.899890709532372, 21.238561459800721 ], [ -98.898888219772203, 21.231270140577813 ], [ -98.915080910219729, 21.225193771041003 ], [ -98.885125889759962, 21.196339860288923 ], [ -98.882658820252843, 21.179610880013339 ], [ -98.857399800090477, 21.189264221090195 ], [ -98.852095339553401, 21.176799290143673 ], [ -98.824948059589317, 21.16135017024142 ], [ -98.79395334970323, 21.160183630382335 ], [ -98.78987808030827, 21.178500939869128 ], [ -98.798594230324497, 21.178079780794885 ], [ -98.808143199600551, 21.193244909811742 ], [ -98.797357150090775, 21.191320320104634 ], [ -98.797970679941173, 21.183343420192589 ], [ -98.780809340136187, 21.185981820251705 ], [ -98.772921380222996, 21.171968770941266 ], [ -98.767303460010467, 21.184416659968463 ], [ -98.746528709652992, 21.184328291016264 ], [ -98.741313860377687, 21.192791799690713 ], [ -98.727660769775198, 21.179549420859615 ], [ -98.720338510434317, 21.187131000193794 ], [ -98.70212077043341, 21.185118280332912 ], [ -98.702518459840249, 21.161885600339627 ], [ -98.696640510024736, 21.161460120654652 ], [ -98.694648399978774, 21.182196770102404 ], [ -98.682660060016687, 21.200637859891454 ], [ -98.650521629686395, 21.180932661238206 ], [ -98.608742049697042, 21.201408289603872 ], [ -98.599448710081219, 21.24773106008816 ], [ -98.608924910381631, 21.252704000300007 ], [ -98.599971289609556, 21.26120190986504 ], [ -98.603939570387041, 21.276449350079687 ], [ -98.595241449919243, 21.283229570107448 ], [ -98.6046732600349, 21.301842030145558 ], [ -98.670727290100558, 21.324719650374615 ], [ -98.681083369821451, 21.346178489850683 ], [ -98.652750149818033, 21.346844180151106 ], [ -98.63855264951269, 21.367717110288368 ], [ -98.627155650370071, 21.35981473994649 ], [ -98.596935280436767, 21.359073519629845 ], [ -98.590051720095204, 21.37276172012238 ], [ -98.567715739538698, 21.370773540415662 ], [ -98.549566480107785, 21.384598430348529 ], [ -98.511425799907272, 21.362513140231528 ], [ -98.507379049782159, 21.369970979892987 ], [ -98.515751850144881, 21.372289649899578 ], [ -98.507081650492324, 21.386161029674842 ], [ -98.494602540440127, 21.387170249815213 ], [ -98.4855352798876, 21.398375679987605 ] ] ] ] } },
{ "type": "Feature", "properties": { "fid": 14, "CVEGEO": "14", "CVE_ENT": "14", "NOMGEO": "Jalisco", "PibCalc25": 1847152, "SUP": 78601.341172133325, "Long_Carret": 8633.513, "Municipios": 125, "UE": 159576, "Dens_Carret": 0.10984, "Dens_UE": 2.0302 }, "geometry": { "type": "MultiPolygon", "coordinates": [ [ [ [ -104.814900564098679, 19.231292290362635 ], [ -104.813533401780404, 19.225903689084159 ], [ -104.816357911803792, 19.220899682260946 ], [ -104.814900564098679, 19.231292290362635 ] ] ], [ [ [ -104.812973223640185, 19.234257431608512 ], [ -104.8133889775211, 19.230927348284773 ], [ -104.81481671466041, 19.233096448404972 ], [ -104.812973223640185, 19.234257431608512 ] ] ], [ [ [ -104.876856591687883, 19.273725529051198 ], [ -104.87650979676161, 19.272365730186969 ], [ -104.877472125263893, 19.272750125723473 ], [ -104.876856591687883, 19.273725529051198 ] ] ], [ [ [ -104.959542957308528, 19.307091183356881 ], [ -104.960953853744641, 19.307690159919481 ], [ -104.960595394608987, 19.308125384117112 ], [ -104.959542957308528, 19.307091183356881 ] ] ], [ [ [ -104.955614966614021, 19.310576048382522 ], [ -104.955692627697601, 19.309434366478886 ], [ -104.956583441681403, 19.310339903609727 ], [ -104.955614966614021, 19.310576048382522 ] ] ], [ [ [ -104.951347223360486, 19.314962021963325 ], [ -104.951941838717147, 19.314626031681158 ], [ -104.95195327542794, 19.315266510814126 ], [ -104.951347223360486, 19.314962021963325 ] ] ], [ [ [ -105.036004877198451, 19.389027719791446 ], [ -105.033950519585801, 19.39026297374971 ], [ -105.034093610121587, 19.388974998733964 ], [ -105.036004877198451, 19.389027719791446 ] ] ], [ [ [ -105.036365362821272, 19.440104720593002 ], [ -105.034755956288819, 19.440472719652302 ], [ -105.035727478897158, 19.439609216846154 ], [ -105.036365362821272, 19.440104720593002 ] ] ], [ [ [ -105.064627649533705, 19.477104227737456 ], [ -105.063436949973536, 19.476322689285301 ], [ -105.066269196389356, 19.476351598728897 ], [ -105.064627649533705, 19.477104227737456 ] ] ], [ [ [ -105.068435122288989, 19.477775127058205 ], [ -105.064487824703036, 19.478977365708758 ], [ -105.06387583458941, 19.477848403111096 ], [ -105.066984823230428, 19.477142752750723 ], [ -105.068435122288989, 19.477775127058205 ] ] ], [ [ [ -105.086187018332168, 19.514452908104939 ], [ -105.084994670638807, 19.51461807511453 ], [ -105.085201622808981, 19.513820176676827 ], [ -105.086187018332168, 19.514452908104939 ] ] ], [ [ [ -105.086987114163605, 19.521502681466398 ], [ -105.085491724188756, 19.522495627341378 ], [ -105.085627236445944, 19.521095967904117 ], [ -105.086987114163605, 19.521502681466398 ] ] ], [ [ [ -105.095890240057699, 19.525982322333338 ], [ -105.090883260621851, 19.524641588066061 ], [ -105.091018031998047, 19.523295769482392 ], [ -105.095890240057699, 19.525982322333338 ] ] ], [ [ [ -105.094156055630734, 19.530427487758967 ], [ -105.093086964046847, 19.530201295721959 ], [ -105.09446186523941, 19.529163714291357 ], [ -105.094156055630734, 19.530427487758967 ] ] ], [ [ [ -105.089650868019717, 19.533217496295897 ], [ -105.087863008281602, 19.531629867922206 ], [ -105.08952848167543, 19.531838761035477 ], [ -105.089650868019717, 19.533217496295897 ] ] ], [ [ [ -105.089293351214152, 19.534005701194896 ], [ -105.087691412797923, 19.53574175531919 ], [ -105.087202547911218, 19.53433219370481 ], [ -105.089293351214152, 19.534005701194896 ] ] ], [ [ [ -105.091874637127063, 19.53604083765558 ], [ -105.092821259763696, 19.535260883102143 ], [ -105.092119312041078, 19.536387358335187 ], [ -105.091874637127063, 19.53604083765558 ] ] ], [ [ [ -105.095117890394718, 19.538779029075052 ], [ -105.092075190308378, 19.539292159247214 ], [ -105.093229647103655, 19.537931087588067 ], [ -105.095117890394718, 19.538779029075052 ] ] ], [ [ [ -105.115682332190786, 19.54878372569075 ], [ -105.113184129362722, 19.548325703503991 ], [ -105.116006298269369, 19.547299669188366 ], [ -105.115682332190786, 19.54878372569075 ] ] ], [ [ [ -105.111257458850417, 19.550502162142994 ], [ -105.108051933091261, 19.544530127888859 ], [ -105.113304862350859, 19.545429220804937 ], [ -105.111257458850417, 19.550502162142994 ] ] ], [ [ [ -105.107951117409343, 19.555726341880753 ], [ -105.10661072921576, 19.556348959361458 ], [ -105.106402201858572, 19.556093754789384 ], [ -105.107951117409343, 19.555726341880753 ] ] ], [ [ [ -105.113574919223538, 19.561519796014419 ], [ -105.111638641398613, 19.557339489275019 ], [ -105.117166097117277, 19.554968883537665 ], [ -105.113574919223538, 19.561519796014419 ] ] ], [ [ [ -105.130559281472529, 19.573671856642584 ], [ -105.131082230107467, 19.573269617340149 ], [ -105.13092233705342, 19.573924321232578 ], [ -105.130559281472529, 19.573671856642584 ] ] ], [ [ [ -105.134277033757641, 19.574024531397146 ], [ -105.132467625049316, 19.57366337762479 ], [ -105.134506450129535, 19.573647722692364 ], [ -105.134277033757641, 19.574024531397146 ] ] ], [ [ [ -105.135291549339186, 19.575190511268136 ], [ -105.135799701849891, 19.573770119381386 ], [ -105.136936667958679, 19.574360463232253 ], [ -105.135291549339186, 19.575190511268136 ] ] ], [ [ [ -105.147805399663255, 19.579030597264683 ], [ -105.146612010223123, 19.578784597985976 ], [ -105.147871205729544, 19.578651360750392 ], [ -105.147805399663255, 19.579030597264683 ] ] ], [ [ [ -105.146681661667614, 19.581046673779689 ], [ -105.146906234594951, 19.580364533220695 ], [ -105.147482882779329, 19.580682279015893 ], [ -105.146681661667614, 19.581046673779689 ] ] ], [ [ [ -105.291379971082208, 20.545505367010616 ], [ -105.29322945314432, 20.544424812979585 ], [ -105.293431374123188, 20.545192164036116 ], [ -105.291379971082208, 20.545505367010616 ] ] ], [ [ [ -104.025690520429706, 22.74327815036002 ], [ -103.908854509849704, 22.749975750383253 ], [ -103.8983276297961, 22.728277310214558 ], [ -103.875114179952575, 22.73715768995039 ], [ -103.836213109905657, 22.728007449752845 ], [ -103.826609739905848, 22.734943690323981 ], [ -103.819172320367713, 22.728331060349035 ], [ -103.774673620297477, 22.733868909712378 ], [ -103.769074139587246, 22.720392060171388 ], [ -103.754806169757728, 22.719547779584286 ], [ -103.75198621988703, 22.711645309567984 ], [ -103.751311149696349, 22.695047110153101 ], [ -103.763197650453321, 22.677018149557867 ], [ -103.758668509526132, 22.658420879779587 ], [ -103.768459970351799, 22.643328649649739 ], [ -103.760961829915516, 22.625614030391436 ], [ -103.773450750225777, 22.611495480250817 ], [ -103.819600139858125, 22.595579370301007 ], [ -103.860720569767437, 22.567618860453774 ], [ -103.85179798019243, 22.553620080428463 ], [ -103.866882680360717, 22.544696049878116 ], [ -103.87518637980574, 22.521575879844043 ], [ -103.864206080049172, 22.513463849628696 ], [ -103.863985319807654, 22.49144341973426 ], [ -103.871069880262255, 22.472474680048744 ], [ -103.885368570435617, 22.473525090213037 ], [ -103.87609835026457, 22.441183909775514 ], [ -103.894699999970385, 22.438163860225885 ], [ -103.873180800128694, 22.42476078037377 ], [ -103.880622749882207, 22.41816252027386 ], [ -103.865976180149403, 22.415227229611837 ], [ -103.866929379652618, 22.409380629634789 ], [ -103.86931231994015, 22.40126242020731 ], [ -103.886199579574523, 22.40020323026177 ], [ -103.883450659513329, 22.390024059781279 ], [ -103.898727369541504, 22.379576620122446 ], [ -103.895740020352122, 22.364114750368142 ], [ -103.907863019687056, 22.36205048012037 ], [ -103.926124250449263, 22.332072820214112 ], [ -103.910149419590539, 22.283327850124444 ], [ -103.91787557024341, 22.26197045000281 ], [ -103.886138820361609, 22.226176680165061 ], [ -103.885094260159278, 22.196416079826427 ], [ -103.86293599959275, 22.166882429698116 ], [ -103.844075549931063, 22.222065920170881 ], [ -103.844868349875185, 22.262551450439652 ], [ -103.828619820455387, 22.286612889773096 ], [ -103.845434229930291, 22.342757489960707 ], [ -103.811151720433131, 22.376745229838658 ], [ -103.810176420454866, 22.427285230169893 ], [ -103.786982740153178, 22.477768019811233 ], [ -103.785659660251468, 22.510457489854559 ], [ -103.769102089836082, 22.555789150372572 ], [ -103.759241380068218, 22.551665430160348 ], [ -103.726555019945948, 22.574146629981758 ], [ -103.681789519972014, 22.554800089557002 ], [ -103.672585829898409, 22.561129219888798 ], [ -103.661010509527287, 22.547144380082152 ], [ -103.622382379908814, 22.563574179622083 ], [ -103.602758679871044, 22.556791540181997 ], [ -103.599334779958923, 22.526374600018034 ], [ -103.583734169618253, 22.521966000065643 ], [ -103.59460129025527, 22.505447259837847 ], [ -103.579334089616239, 22.496196380456048 ], [ -103.580600569577939, 22.477398110419006 ], [ -103.570825860043087, 22.469171649614555 ], [ -103.572528549617957, 22.43754077019311 ], [ -103.559193709707174, 22.428427549730834 ], [ -103.578424549809171, 22.410498419917271 ], [ -103.59401973988993, 22.40721494042068 ], [ -103.597563030119701, 22.374530279700075 ], [ -103.602844290414936, 22.360903749645942 ], [ -103.61068717995235, 22.35984182014505 ], [ -103.604802350402636, 22.34014230959027 ], [ -103.642111480441443, 22.340873350401626 ], [ -103.644748260362704, 22.314973880377273 ], [ -103.63778809020954, 22.295233110259943 ], [ -103.594903249620103, 22.273078349642518 ], [ -103.630896399923515, 22.238917969875928 ], [ -103.657759890481756, 22.183843340145831 ], [ -103.654473650352543, 22.171936219885879 ], [ -103.690292980422655, 22.130093280075616 ], [ -103.677371079557219, 22.11870628992898 ], [ -103.683847319803519, 22.109205229572609 ], [ -103.604704569993743, 22.097941579583605 ], [ -103.594043419757242, 22.111646719931283 ], [ -103.581119890419302, 22.104870739991117 ], [ -103.579950340300229, 22.126827119745581 ], [ -103.56014085951918, 22.136585660016131 ], [ -103.55021567977623, 22.135679180195403 ], [ -103.542736569744264, 22.120612119574954 ], [ -103.514550969865411, 22.12910856961901 ], [ -103.515897079550101, 22.109916199778802 ], [ -103.501564200184234, 22.105564020214551 ], [ -103.486134109678559, 22.10652989006368 ], [ -103.479303950261439, 22.114793999833005 ], [ -103.473180910476088, 22.105531969685181 ], [ -103.459182860083615, 22.105879979703548 ], [ -103.454935769776768, 22.115308619775558 ], [ -103.439499659628623, 22.117639200228819 ], [ -103.425933800012203, 22.13942465027089 ], [ -103.429176250201465, 22.162184509857731 ], [ -103.419685740367498, 22.177482849920438 ], [ -103.434124680268482, 22.190760540400877 ], [ -103.417231219540753, 22.190476090452645 ], [ -103.408959630270658, 22.215364909697335 ], [ -103.385656920330518, 22.212528600037871 ], [ -103.383026310350601, 22.227013420169936 ], [ -103.337696779694653, 22.245163679576685 ], [ -103.311934170403617, 22.233256980390035 ], [ -103.295104429623819, 22.253285280178595 ], [ -103.313938219650296, 22.258710750268957 ], [ -103.305316319561214, 22.265658999585533 ], [ -103.307838830137911, 22.281714339828326 ], [ -103.297790339901411, 22.298337259548269 ], [ -103.306882740282518, 22.306283059643665 ], [ -103.327705819877551, 22.307360369775939 ], [ -103.338376320455765, 22.287512830328183 ], [ -103.355688110192162, 22.279799250053294 ], [ -103.350092739979971, 22.307456549974575 ], [ -103.363756479708798, 22.314483169857191 ], [ -103.342955280455854, 22.335122370034274 ], [ -103.362553199645205, 22.336354000195833 ], [ -103.366682979561148, 22.351039019846311 ], [ -103.364716680153009, 22.369535629756129 ], [ -103.329286830026788, 22.384536860242836 ], [ -103.314584630071224, 22.404908220194272 ], [ -103.309175889740345, 22.392008200220712 ], [ -103.300501580074226, 22.392990119893625 ], [ -103.285230720027371, 22.414244149945308 ], [ -103.260245689924787, 22.411858400283847 ], [ -103.252186250302444, 22.398945349978806 ], [ -103.232120570024804, 22.393393860427313 ], [ -103.213412739986737, 22.410073250430397 ], [ -103.203926600133414, 22.404069509572683 ], [ -103.198770880171111, 22.380601230375824 ], [ -103.18936257958336, 22.39024553988542 ], [ -103.168577689574178, 22.385012799744118 ], [ -103.174048219882152, 22.377759849872348 ], [ -103.166424979900654, 22.370589890289128 ], [ -103.168589920403946, 22.354615659898716 ], [ -103.194085420446314, 22.331981059793016 ], [ -103.20823259970102, 22.333081199663397 ], [ -103.220621950252223, 22.280466170414456 ], [ -103.201916450442212, 22.280304419635684 ], [ -103.190573820053942, 22.298527020412031 ], [ -103.100987720004028, 22.293974860343425 ], [ -103.082959879604019, 22.277082740391833 ], [ -103.078273830380013, 22.257097660128267 ], [ -103.055455180023614, 22.247256319986391 ], [ -103.062069289770022, 22.22826798003236 ], [ -103.052326310115362, 22.220652259647387 ], [ -103.054770170396736, 22.213826859901722 ], [ -103.071930379821126, 22.211968830242611 ], [ -103.071043430213095, 22.203543140137722 ], [ -103.088199619531039, 22.204383980312464 ], [ -103.106058769585331, 22.191356029631883 ], [ -103.101445369918125, 22.178620949627714 ], [ -103.108694149585048, 22.153423279626281 ], [ -103.102543380051387, 22.15360297003971 ], [ -103.108798379786279, 22.144340909919237 ], [ -103.078750799773502, 22.137052550193367 ], [ -103.077024739960308, 22.125504420185109 ], [ -103.101700340363664, 22.101798000248998 ], [ -103.125585319977233, 22.104791479980154 ], [ -103.135093150309146, 22.090462340328077 ], [ -103.152783750115404, 22.087622049841411 ], [ -103.154285319954667, 22.072236820353364 ], [ -103.107908620278891, 22.063395780255625 ], [ -103.111486449533672, 22.014261309836531 ], [ -103.165657489615356, 21.996814620083605 ], [ -103.201661770339896, 21.998568119974635 ], [ -103.191812259932234, 21.97444980033346 ], [ -103.205567920411184, 21.965194379602899 ], [ -103.239971319577307, 21.976722310205158 ], [ -103.246817579942928, 21.975947109563936 ], [ -103.244750119634546, 21.966603229786383 ], [ -103.264715349666986, 21.971844979554835 ], [ -103.278561019924467, 21.989650149588957 ], [ -103.341350879613103, 21.940403139988231 ], [ -103.344079999577517, 21.913471950203466 ], [ -103.374797630340197, 21.913683520116876 ], [ -103.394338879759502, 21.896694570123305 ], [ -103.413870089812036, 21.905455399864898 ], [ -103.451328049912689, 21.853920120047704 ], [ -103.455357309519144, 21.832795909850773 ], [ -103.472356539689571, 21.836003879563957 ], [ -103.470529970477671, 21.813540259972481 ], [ -103.482507550393564, 21.813264450306399 ], [ -103.502817449779783, 21.833074709910978 ], [ -103.531425290428231, 21.817838570185824 ], [ -103.526057650157924, 21.805065250385812 ], [ -103.572627259741608, 21.80348983019223 ], [ -103.560762890172541, 21.780283939602757 ], [ -103.527890170115498, 21.772328479727037 ], [ -103.508473549563902, 21.73973504970327 ], [ -103.50984392013271, 21.713005879976734 ], [ -103.517852650150786, 21.711469180273859 ], [ -103.526710020007826, 21.675563319861702 ], [ -103.540796340320966, 21.66529313980374 ], [ -103.555491740116025, 21.634083509793534 ], [ -103.545222179585735, 21.58763890965621 ], [ -103.558891830111321, 21.576404090370975 ], [ -103.5904965703524, 21.58979468027534 ], [ -103.592918320158475, 21.559225920444195 ], [ -103.619004689728982, 21.556863679790293 ], [ -103.629793799905215, 21.573350650394282 ], [ -103.644878279879208, 21.576454180194844 ], [ -103.6600368904448, 21.564789379992046 ], [ -103.658316450370535, 21.555906540352492 ], [ -103.689788879870093, 21.552353149586324 ], [ -103.686285449585313, 21.53505463036706 ], [ -103.694487000012245, 21.528886880220583 ], [ -103.67257824983281, 21.505454740391606 ], [ -103.69177899971946, 21.495602879641449 ], [ -103.701464720017029, 21.466265910322647 ], [ -103.658743250005656, 21.463697660201593 ], [ -103.664696349656111, 21.454873259802277 ], [ -103.660789769643557, 21.441583570449588 ], [ -103.626525369888, 21.434482060368161 ], [ -103.619321319639496, 21.424031710285728 ], [ -103.622905219881289, 21.41311145963185 ], [ -103.595311649825547, 21.390906229739748 ], [ -103.586394280295977, 21.392366309993868 ], [ -103.575883649635159, 21.436153979604814 ], [ -103.567722310177501, 21.439297150199806 ], [ -103.56040667989717, 21.430218310284225 ], [ -103.538700260464665, 21.444770920193712 ], [ -103.533589490222681, 21.420613280048386 ], [ -103.503920249999808, 21.376837019915754 ], [ -103.513083049719299, 21.36406697015698 ], [ -103.509964020301055, 21.354892879867357 ], [ -103.567630019940808, 21.352215860140237 ], [ -103.568586880262004, 21.337623680043812 ], [ -103.57845237994681, 21.330234290003133 ], [ -103.616945090011214, 21.353409650133393 ], [ -103.618719339569566, 21.344480709905103 ], [ -103.663615019764521, 21.338128000108437 ], [ -103.67740382018394, 21.319910949606246 ], [ -103.705084549778519, 21.325497719597827 ], [ -103.720839089846493, 21.307961080436076 ], [ -103.722141149978498, 21.283942339731414 ], [ -103.713647740209055, 21.266687430451075 ], [ -103.69805359998044, 21.282584940407755 ], [ -103.666680509673554, 21.290465110454644 ], [ -103.658193599594213, 21.280431620370152 ], [ -103.633993349853029, 21.282291850075474 ], [ -103.640195879553076, 21.222072419828084 ], [ -103.663352109974596, 21.224162649837155 ], [ -103.667324049571377, 21.216048550356064 ], [ -103.63337119980109, 21.191252850245988 ], [ -103.618634259758792, 21.188778621002559 ], [ -103.611359229548242, 21.178736739588846 ], [ -103.613608490457523, 21.156247180753994 ], [ -103.601982460418171, 21.151670950260726 ], [ -103.591682220106463, 21.128616150845566 ], [ -103.568958779712034, 21.116717749790791 ], [ -103.553696249537694, 21.116747850175383 ], [ -103.529786880112738, 21.134091740898157 ], [ -103.531464799775421, 21.141977511000672 ], [ -103.510964050232758, 21.14622215109101 ], [ -103.504051540066101, 21.127738681079897 ], [ -103.469256379824927, 21.143362080422627 ], [ -103.428582400335685, 21.146723819931292 ], [ -103.416265710237624, 21.137277769691337 ], [ -103.423226849936086, 21.125232419859888 ], [ -103.418280579583595, 21.115230080450367 ], [ -103.396079660033394, 21.098677169759036 ], [ -103.395962910230438, 21.080288450217658 ], [ -103.353102940258168, 21.045259949936099 ], [ -103.335003970291098, 21.042644459782267 ], [ -103.330316719629622, 21.054501120092592 ], [ -103.301885720033923, 21.054583709847293 ], [ -103.296558309623762, 21.064838420004133 ], [ -103.275730770402532, 21.05144665027953 ], [ -103.257201920118376, 21.070731349840695 ], [ -103.258234620269235, 21.083066430230787 ], [ -103.23258605979926, 21.079094430117102 ], [ -103.209601650305004, 21.09422060022009 ], [ -103.188446889568681, 21.085152860339605 ], [ -103.188367339712698, 21.070659719863915 ], [ -103.162881750050161, 21.072885650278138 ], [ -103.127329080092665, 21.053531079836795 ], [ -103.123323150007224, 21.066803909749375 ], [ -103.105034659955948, 21.062015950369744 ], [ -103.077362939548209, 21.07243119956469 ], [ -103.05647536974179, 21.099319750339767 ], [ -103.065206800225766, 21.104330219879206 ], [ -103.075790400431529, 21.096888889814899 ], [ -103.073651310002376, 21.109954110343537 ], [ -103.091735430223522, 21.115818999860558 ], [ -103.098500120062241, 21.128493309568384 ], [ -103.078122550330036, 21.14001125004696 ], [ -103.071375859936452, 21.152933749711568 ], [ -103.084306349988751, 21.19405949038374 ], [ -103.069244229807822, 21.209929310427871 ], [ -103.077528260244492, 21.215449919911716 ], [ -103.056985200080874, 21.24678760010568 ], [ -103.065500000106155, 21.255806449657307 ], [ -103.044891880107016, 21.262365260301252 ], [ -103.04588371002788, 21.249425690076546 ], [ -103.029765999886493, 21.251065260118136 ], [ -103.026504890082975, 21.242124110169392 ], [ -103.017013539832163, 21.24104854038843 ], [ -103.011179030076264, 21.255370089942005 ], [ -102.996904019860537, 21.259681940314579 ], [ -102.979048860250217, 21.239731079670626 ], [ -102.946293920053876, 21.234443449932066 ], [ -102.947811200081546, 21.214601119996345 ], [ -102.910652170459556, 21.20523466005168 ], [ -102.903028659962231, 21.235186000190239 ], [ -102.891673779928993, 21.233513260061798 ], [ -102.883656570149228, 21.241810909581005 ], [ -102.876573659571761, 21.236634020093891 ], [ -102.872861230466995, 21.255162949819834 ], [ -102.863654709889005, 21.252756980446183 ], [ -102.859396769879211, 21.270478490013748 ], [ -102.8448294500553, 21.277326849938255 ], [ -102.848777540007347, 21.293176289562378 ], [ -102.837102140294789, 21.303410800013847 ], [ -102.815159030147129, 21.294668999629572 ], [ -102.817600690139017, 21.318541109803355 ], [ -102.811963779626609, 21.323716819656742 ], [ -102.79849936959512, 21.306913779751262 ], [ -102.788916019781837, 21.329507400247749 ], [ -102.771817719864643, 21.316005879685466 ], [ -102.755280879656482, 21.323158600022094 ], [ -102.757765429784598, 21.339186179810444 ], [ -102.727959770366667, 21.357087800189948 ], [ -102.729128060294983, 21.387355539691402 ], [ -102.701914219949543, 21.363790939588277 ], [ -102.698284400341237, 21.343268419933516 ], [ -102.677777029709532, 21.34089003038542 ], [ -102.642436799632975, 21.367737600294326 ], [ -102.638140619698959, 21.393236519741166 ], [ -102.659669459541107, 21.410877019580159 ], [ -102.652130690383629, 21.412212660440616 ], [ -102.655006860068937, 21.446649520154104 ], [ -102.636129859899313, 21.462907819855563 ], [ -102.647882979906342, 21.462537489725818 ], [ -102.649067249525629, 21.474196580282236 ], [ -102.636667720086407, 21.477116450410708 ], [ -102.624841509915228, 21.501411490033394 ], [ -102.642166850294061, 21.518721349600263 ], [ -102.630734319569342, 21.533983340287033 ], [ -102.696410170159425, 21.543030340365757 ], [ -102.695100739606346, 21.572912830387406 ], [ -102.717104549634612, 21.571307370312219 ], [ -102.72950818020162, 21.593058220263462 ], [ -102.737405000290508, 21.586760200070454 ], [ -102.764741339976922, 21.59606458015692 ], [ -102.783614689548656, 21.64669336994352 ], [ -102.773405110362631, 21.658306080394116 ], [ -102.805278970427153, 21.671282400108023 ], [ -102.766492139897622, 21.686928280106191 ], [ -102.745299939556347, 21.720052310197861 ], [ -102.722798569596364, 21.719111619705878 ], [ -102.715605199924084, 21.734091280357301 ], [ -102.696263289676523, 21.728768020384418 ], [ -102.690668569947647, 21.752437200063309 ], [ -102.668926349785949, 21.764051450297366 ], [ -102.633493830456516, 21.767339460028619 ], [ -102.606312170009957, 21.751057219667413 ], [ -102.596774320337531, 21.754981999869333 ], [ -102.596278739779947, 21.744049629720109 ], [ -102.552493720216603, 21.742651030382632 ], [ -102.476521750035673, 21.702084949849784 ], [ -102.475756549871349, 21.694945150349195 ], [ -102.456863769700092, 21.698087540144996 ], [ -102.452132370178859, 21.686910709608277 ], [ -102.461066399729731, 21.679259089881032 ], [ -102.404594970075152, 21.665593199934172 ], [ -102.407493090312443, 21.659484880019019 ], [ -102.369526179596477, 21.650591909568082 ], [ -102.366873570314169, 21.642751920401423 ], [ -102.325722059775231, 21.622266480016282 ], [ -102.321050819892235, 21.630092280269839 ], [ -102.310165690025585, 21.626626030081383 ], [ -102.295370780055364, 21.65309872045006 ], [ -102.30264856955371, 21.654600280211685 ], [ -102.303990309637001, 21.666684719975805 ], [ -102.279441520485136, 21.664437320085835 ], [ -102.275219120332693, 21.653973720332932 ], [ -102.23761751042322, 21.652001370241333 ], [ -102.226362660434148, 21.657774350051895 ], [ -102.214266750160505, 21.694818859772237 ], [ -102.177885919812397, 21.688155310034357 ], [ -102.171432779999009, 21.707000980133213 ], [ -102.15485739985283, 21.700038169709135 ], [ -102.142099720436462, 21.705374289922649 ], [ -102.102056629990145, 21.761044049651424 ], [ -102.086180660224272, 21.767263889646792 ], [ -102.094570510279127, 21.777701650379871 ], [ -102.083074219649717, 21.787066889971438 ], [ -102.071962738622062, 21.782654750055677 ], [ -102.055123736690504, 21.816356771153579 ], [ -102.041742940460381, 21.823067649631707 ], [ -102.038417510217215, 21.853198047231704 ], [ -102.020794429693566, 21.851167630261358 ], [ -102.019954019615156, 21.862536109733078 ], [ -101.880212620445718, 21.910149779975512 ], [ -101.838003369530568, 21.907344369723361 ], [ -101.835289450322961, 21.941770580183679 ], [ -101.872671309758502, 21.946514379792802 ], [ -101.885799879630099, 21.932611629938442 ], [ -101.897780219974322, 21.958387910910545 ], [ -101.898227309645037, 21.983263031059767 ], [ -101.909445719675318, 21.989024031336928 ], [ -101.912598490392028, 21.997485740806916 ], [ -101.894734050057124, 21.98965642074965 ], [ -101.891252510080037, 21.976592050646016 ], [ -101.862579800170039, 21.99135611075258 ], [ -101.861669819706918, 22.028883830697421 ], [ -101.815673050106795, 22.019983090365542 ], [ -101.801436149548309, 22.030996200345772 ], [ -101.804263450463822, 22.025252740072219 ], [ -101.784429750337551, 22.024098279569799 ], [ -101.777633080434683, 22.007301750160867 ], [ -101.751003999722172, 22.014645429577918 ], [ -101.729974920394753, 22.002138370137903 ], [ -101.732321089641331, 21.995069199727489 ], [ -101.709115220278932, 21.979925980353347 ], [ -101.71065837958993, 21.973935249635534 ], [ -101.682914179724349, 21.962885309858361 ], [ -101.657101679842171, 21.939254970162501 ], [ -101.650695690091396, 21.907675399852206 ], [ -101.628945230117466, 21.910902739605437 ], [ -101.616711890197848, 21.929447970338462 ], [ -101.595848860052925, 21.909962620253921 ], [ -101.569806279526944, 21.917080739983433 ], [ -101.565963549749199, 21.842033339574151 ], [ -101.548230400419428, 21.834085550454056 ], [ -101.537011980091037, 21.810462050179154 ], [ -101.517820080243268, 21.814755579611621 ], [ -101.510541749843213, 21.799058489607052 ], [ -101.538832170153327, 21.777334879961636 ], [ -101.58569407992654, 21.778777119991723 ], [ -101.579682799682971, 21.73640459957398 ], [ -101.557653289828792, 21.735098660135375 ], [ -101.570855370077112, 21.704307720065319 ], [ -101.584043320026126, 21.709574489939079 ], [ -101.56913898001703, 21.692310259580186 ], [ -101.596086089727194, 21.637061909753875 ], [ -101.580188739851863, 21.62553134025336 ], [ -101.586023630104904, 21.607809630412881 ], [ -101.595264679944108, 21.610003769749188 ], [ -101.612313319565487, 21.58291688976756 ], [ -101.606546309603274, 21.563872250243293 ], [ -101.621659720092708, 21.551903619906536 ], [ -101.620008019895778, 21.541068969770961 ], [ -101.641268829541531, 21.526648319850253 ], [ -101.640261029999436, 21.513625680327717 ], [ -101.632431459952087, 21.519054170350334 ], [ -101.589041980120669, 21.464899969637386 ], [ -101.589950920206064, 21.445580889991376 ], [ -101.581872519752935, 21.447809420123754 ], [ -101.580423919896575, 21.428279690155577 ], [ -101.570415629671416, 21.418535750393122 ], [ -101.600256489823281, 21.420541339742723 ], [ -101.630944230166591, 21.407313080293768 ], [ -101.658515860028487, 21.406800199792723 ], [ -101.677582949826814, 21.395142370195966 ], [ -101.679486290473136, 21.389506369636567 ], [ -101.642844920366031, 21.355106089605624 ], [ -101.643177110340659, 21.299335689902271 ], [ -101.66285287992261, 21.286579909959233 ], [ -101.686675419624066, 21.294059850266027 ], [ -101.702005380435679, 21.275462879734462 ], [ -101.735787890225552, 21.277292230236672 ], [ -101.738535109933025, 21.269159600099275 ], [ -101.759716510065601, 21.267621739562429 ], [ -101.768197229557941, 21.257732279634943 ], [ -101.754586419709554, 21.243888540343534 ], [ -101.771200450284127, 21.234731279715024 ], [ -101.781108780065352, 21.160527890048421 ], [ -101.787271399609125, 21.156382000097469 ], [ -101.80400914956229, 21.166348180295586 ], [ -101.815697770189658, 21.149527379616316 ], [ -101.8118259997851, 21.141236749663573 ], [ -101.833448020087701, 21.137272969826313 ], [ -101.830845919609516, 21.119372539622425 ], [ -101.820267850117588, 21.11866640009772 ], [ -101.817658800479506, 21.107045689783668 ], [ -101.837486889615818, 21.096765430283483 ], [ -101.875003740244182, 21.092894349578 ], [ -101.874942749782434, 21.07008536962465 ], [ -101.894549399957299, 21.051243719852042 ], [ -101.90133494019436, 21.052963050184619 ], [ -101.896605910012212, 21.047751139822449 ], [ -101.906627419835502, 21.028817540110879 ], [ -101.908746339660553, 20.998585059807858 ], [ -101.937144370412526, 20.95580086025161 ], [ -101.938949750277118, 20.930614250018458 ], [ -101.957876570478192, 20.935200829615265 ], [ -101.963100310373676, 20.922518029644728 ], [ -101.979881820084472, 20.925047550180981 ], [ -101.981096910030288, 20.914808779942291 ], [ -102.017994110169781, 20.883284690159211 ], [ -102.012579820364209, 20.878343849580027 ], [ -102.021780540007072, 20.862160320198235 ], [ -102.079867050047298, 20.829065080082412 ], [ -102.079945080059602, 20.801787059898668 ], [ -102.087091889935181, 20.801460519807843 ], [ -102.09590837963151, 20.78005052009582 ], [ -102.067592629739337, 20.772247429809408 ], [ -102.07363331985583, 20.748759539864288 ], [ -102.061039649873806, 20.748516570132036 ], [ -102.064487310074313, 20.738749620085024 ], [ -102.034460879678861, 20.742139400263166 ], [ -102.037740259715719, 20.717396480331178 ], [ -102.014389369892868, 20.717063660189311 ], [ -102.019090379571352, 20.676184179552052 ], [ -102.013837489555115, 20.664441170154031 ], [ -101.981944549935093, 20.663326779976021 ], [ -101.981376919572654, 20.657529450409587 ], [ -101.968079659830394, 20.663641200123038 ], [ -101.971187859634796, 20.637609750332157 ], [ -101.9570775804101, 20.632642740344096 ], [ -101.958739569918365, 20.608791370353032 ], [ -101.951143680369043, 20.607426850251951 ], [ -101.967030969921794, 20.579344089832357 ], [ -101.962801650428048, 20.570242619686432 ], [ -101.969897600413077, 20.568810879855327 ], [ -101.973918420002875, 20.541788429567319 ], [ -101.983954720400988, 20.535009119653729 ], [ -101.987912890250101, 20.545279799757008 ], [ -102.014141630264461, 20.542596090032347 ], [ -102.010092420022147, 20.526058849917298 ], [ -102.046027289981822, 20.482614289626945 ], [ -102.043994569937155, 20.456592200054565 ], [ -102.076615829629773, 20.428158750386096 ], [ -102.070882620140921, 20.409019170047852 ], [ -102.084533229708683, 20.40500924972898 ], [ -102.090522910124406, 20.389432739929905 ], [ -102.105768230256871, 20.37863610974189 ], [ -102.168167679955516, 20.378740430206467 ], [ -102.158158049829069, 20.366960230129372 ], [ -102.177022459629768, 20.368154450318041 ], [ -102.175366139862447, 20.355966060287066 ], [ -102.196606820364224, 20.350497119576854 ], [ -102.208121540146962, 20.35667982975016 ], [ -102.221805250136214, 20.344068770194035 ], [ -102.254159819945187, 20.335265599618783 ], [ -102.284085999837899, 20.345560170361164 ], [ -102.289859600000838, 20.340835980122748 ], [ -102.292062120243429, 20.352976201205195 ], [ -102.306598019928416, 20.358163579781124 ], [ -102.316089939971292, 20.344587140089068 ], [ -102.327224220457126, 20.349483289576664 ], [ -102.366289570206789, 20.327879290161722 ], [ -102.391204510376525, 20.333951489614108 ], [ -102.399849309852129, 20.32774083002959 ], [ -102.434631979543425, 20.341024460416673 ], [ -102.480495570213122, 20.325242910350966 ], [ -102.490628680344287, 20.308601339819113 ], [ -102.505442489713587, 20.315857750067146 ], [ -102.508955420103632, 20.301355490440386 ], [ -102.530476889771165, 20.295826370349914 ], [ -102.520082399963002, 20.280415179627642 ], [ -102.528584249545816, 20.270953369748202 ], [ -102.544118079947566, 20.280559399892329 ], [ -102.5549773495338, 20.26068535013405 ], [ -102.564582980312181, 20.278155030032973 ], [ -102.566679310454745, 20.265624980489552 ], [ -102.590486119945965, 20.258465339581004 ], [ -102.610145540445657, 20.26908851021533 ], [ -102.627331249059395, 20.229385549814349 ], [ -102.641200020456409, 20.223453479678035 ], [ -102.660876200416737, 20.231545800257575 ], [ -102.679025370023552, 20.226913109677998 ], [ -102.685370309929127, 20.218005310228151 ], [ -102.679721860450016, 20.171501549864473 ], [ -102.730226279996344, 20.166618059981882 ], [ -102.776147109816691, 20.138446369911399 ], [ -102.819282089806094, 20.137247969827666 ], [ -102.801873399772461, 20.123034289776065 ], [ -102.816287379667884, 20.106047880034421 ], [ -102.840674679744922, 20.116109110042697 ], [ -102.854994310122038, 20.136712749576319 ], [ -102.852308369867416, 20.149247350391555 ], [ -102.865953260414983, 20.162363619799102 ], [ -102.886881380083935, 20.158808799787877 ], [ -102.940170259624907, 20.171681829793503 ], [ -102.954003140282353, 20.166568540200561 ], [ -102.924500079570123, 20.136258450380787 ], [ -102.926448279588698, 20.129575180358334 ], [ -102.942025999592744, 20.128828800018542 ], [ -102.959580169680379, 20.141240080410928 ], [ -102.970583909924542, 20.125403620364668 ], [ -102.99839415019062, 20.125960619851099 ], [ -103.004818540148506, 20.138195709643544 ], [ -103.032463679715178, 20.136446950315271 ], [ -103.031333479860862, 20.126751379606574 ], [ -103.044152340348688, 20.124119380370502 ], [ -103.032815550244848, 20.111360620097788 ], [ -103.041710940317373, 20.090640659602723 ], [ -103.020720030258772, 20.047306350306872 ], [ -103.026516819830647, 20.049343660014991 ], [ -103.024385449545278, 20.033308849955326 ], [ -103.035696019890224, 20.029414770292679 ], [ -103.051504179811431, 19.991611149692979 ], [ -103.025219550341845, 19.96049208993378 ], [ -103.015482749588671, 19.959754020214312 ], [ -102.993809679778295, 19.983894749768588 ], [ -102.951214939529564, 19.996556510320129 ], [ -102.943624220433222, 19.984133629743717 ], [ -102.926267620289792, 19.984187549792484 ], [ -102.902621890379066, 19.966863480447213 ], [ -102.882096939821011, 19.969585109637489 ], [ -102.882049630002214, 19.975769260142929 ], [ -102.821969380086131, 19.964577029969391 ], [ -102.79400946004931, 19.950291021141226 ], [ -102.776873579208299, 19.960153740615166 ], [ -102.784036049082346, 19.951235691179345 ], [ -102.770633549090277, 19.929868450816489 ], [ -102.731215110407845, 19.899507850185056 ], [ -102.742490050476249, 19.878759479880465 ], [ -102.734768919573867, 19.87451817999446 ], [ -102.730352679538896, 19.853208679879788 ], [ -102.753330200001642, 19.834123509772652 ], [ -102.739396310451113, 19.815825829603259 ], [ -102.759082679784697, 19.807984449666765 ], [ -102.792312229946361, 19.814115509767145 ], [ -102.819526849830723, 19.777941200050616 ], [ -102.808606460272912, 19.759560779585545 ], [ -102.816274089802093, 19.749905060381408 ], [ -102.803926279689804, 19.752157630046163 ], [ -102.810804719711285, 19.741016090173993 ], [ -102.780481719989254, 19.704324089903757 ], [ -102.805662539700393, 19.67483777024011 ], [ -102.79120334985916, 19.673186419600416 ], [ -102.79260147988812, 19.654550569706064 ], [ -102.784186479917011, 19.652087539652516 ], [ -102.775849459672756, 19.627714999678663 ], [ -102.760858769694977, 19.627533910421604 ], [ -102.747566350049539, 19.612777029989442 ], [ -102.726087549714251, 19.613136830395781 ], [ -102.715932049857585, 19.602935150180222 ], [ -102.726038890190225, 19.579025549686222 ], [ -102.713516710177657, 19.563261340156991 ], [ -102.718446339988233, 19.550319259644198 ], [ -102.710656349544863, 19.541068769761896 ], [ -102.73806494012743, 19.49335947968035 ], [ -102.723728050132436, 19.493176090162798 ], [ -102.689487090018048, 19.513415680214649 ], [ -102.673024720302607, 19.511995309556937 ], [ -102.670930109534822, 19.490625880440184 ], [ -102.657527820250593, 19.487237279861787 ], [ -102.620529579793597, 19.498771659605204 ], [ -102.581864200185606, 19.528255119956093 ], [ -102.571861419558246, 19.511191829991557 ], [ -102.575943450406882, 19.498061780101118 ], [ -102.54908115004433, 19.492422859565469 ], [ -102.542705379983843, 19.478033109971388 ], [ -102.563298919883735, 19.464926979964229 ], [ -102.568176119889145, 19.443354600111675 ], [ -102.558702200177308, 19.447003889637795 ], [ -102.547692779800954, 19.439487890378267 ], [ -102.55924034002679, 19.436880399619049 ], [ -102.543596779216202, 19.4309600012765 ], [ -102.551044149061809, 19.425378020211838 ], [ -102.565080850177608, 19.435157339602696 ], [ -102.576786999501408, 19.423908920133972 ], [ -102.568800749563039, 19.41262596959066 ], [ -102.601056019896774, 19.364486771163012 ], [ -102.61117762992059, 19.322796249816641 ], [ -102.632715918602301, 19.306981951145779 ], [ -102.643095659673506, 19.278340401256383 ], [ -102.638209888849332, 19.26265954097337 ], [ -102.669922689016943, 19.212412060106693 ], [ -102.700691568684945, 19.224536630474411 ], [ -102.696593279804361, 19.248808860748351 ], [ -102.712722148885192, 19.235808061292516 ], [ -102.737720859575745, 19.242202400615717 ], [ -102.753815918672743, 19.255805061199943 ], [ -102.790243199724742, 19.242457999968284 ], [ -102.793764140126129, 19.225408080310448 ], [ -102.808361459797439, 19.223264119828489 ], [ -102.824433400369884, 19.205693229768759 ], [ -102.831421059573557, 19.214639830416555 ], [ -102.845640309922047, 19.199048029713182 ], [ -102.862601969559009, 19.20322963031548 ], [ -102.865377059683411, 19.211285429855426 ], [ -102.886432800468214, 19.20439137998687 ], [ -102.915072629554132, 19.17936711000042 ], [ -102.96009608955724, 19.174055889984569 ], [ -102.979357770305384, 19.15241325961215 ], [ -102.977622709843487, 19.120060909875036 ], [ -103.004459820147602, 19.13757134003562 ], [ -103.019727020032661, 19.132371170146449 ], [ -103.01202285035356, 19.109196689655654 ], [ -103.019455380392642, 19.103836509949371 ], [ -103.01600567964563, 19.079185309634195 ], [ -102.990835229962912, 19.053378909874439 ], [ -103.025214259600588, 19.053103850386901 ], [ -103.033242080307048, 19.029117619573636 ], [ -103.05056045976518, 19.035599290033307 ], [ -103.063238509902675, 19.027854080077741 ], [ -103.06377302047504, 19.005673489956305 ], [ -103.052499570346754, 18.998125419788785 ], [ -103.088108799859285, 18.984108710108316 ], [ -103.125019460302539, 18.930144660339209 ], [ -103.149633450197214, 18.925937880058186 ], [ -103.173364230420972, 18.936263919705521 ], [ -103.204471999641243, 18.967612249645452 ], [ -103.209518849619158, 19.002986649684303 ], [ -103.22166130970642, 19.009452680243424 ], [ -103.223876200280898, 19.024100510436575 ], [ -103.332485169828175, 18.973251309932476 ], [ -103.377248879900449, 18.980170460373941 ], [ -103.394421110000181, 18.967414630388124 ], [ -103.411433920434831, 18.967659290201361 ], [ -103.419452720040326, 18.98125069016665 ], [ -103.463127320474072, 18.977020920165543 ], [ -103.472660460162274, 18.99113636973917 ], [ -103.483727179775329, 18.979785749726144 ], [ -103.482041310455926, 18.970206420445209 ], [ -103.488594340349522, 18.964889150431485 ], [ -103.495020200024371, 18.970666399894373 ], [ -103.490831220327919, 18.995820819944832 ], [ -103.498741910404576, 19.012039229995075 ], [ -103.488505540091921, 19.027586750130006 ], [ -103.526480630064867, 19.078728049909884 ], [ -103.517387779950596, 19.098790600162527 ], [ -103.523616799528156, 19.11564065992015 ], [ -103.497630880323825, 19.174642149695991 ], [ -103.515238519594106, 19.211351799998397 ], [ -103.505690780035266, 19.236156510357226 ], [ -103.509181580435424, 19.295149909644341 ], [ -103.489878289747992, 19.310686219726506 ], [ -103.495669309678107, 19.31975566039926 ], [ -103.486429980247749, 19.337890650083278 ], [ -103.522208619994089, 19.357825580444771 ], [ -103.55621119965619, 19.40697173975634 ], [ -103.574268420017944, 19.411562320122449 ], [ -103.578916690390813, 19.435485750242144 ], [ -103.615357570086445, 19.474995450206091 ], [ -103.614824220466346, 19.494046619571229 ], [ -103.606199309631776, 19.500557860219665 ], [ -103.618276509891714, 19.512518770443442 ], [ -103.690045289561269, 19.492447770232214 ], [ -103.715789400317902, 19.4670095202444 ], [ -103.718257319660083, 19.453497510235071 ], [ -103.792733660132043, 19.427513690286446 ], [ -103.819252859670797, 19.408739710205577 ], [ -103.824134889600273, 19.437788250283095 ], [ -103.856452770283568, 19.431330539898244 ], [ -103.863754999584174, 19.447384739957485 ], [ -103.87941816976516, 19.444488660105133 ], [ -103.88933089009889, 19.46359731003994 ], [ -103.908765460436527, 19.453628309999004 ], [ -103.899521599860293, 19.434547250354459 ], [ -103.96479865986656, 19.45416265066746 ], [ -103.974007090269481, 19.47455291078419 ], [ -104.000045550014789, 19.468828831223163 ], [ -104.061725059829399, 19.497702940015497 ], [ -104.076739519129234, 19.48021472019273 ], [ -104.08663977888699, 19.442031000222844 ], [ -104.07994293910437, 19.431781749725076 ], [ -104.070883748859956, 19.43523543127063 ], [ -104.090226219386963, 19.393024799614015 ], [ -104.133344120049699, 19.353745830834288 ], [ -104.122984619677396, 19.319041940208106 ], [ -104.152930378982759, 19.315152419986727 ], [ -104.161649829566997, 19.302719649578286 ], [ -104.169796578741526, 19.312963739747943 ], [ -104.179801318896779, 19.312562120597843 ], [ -104.191667370105392, 19.292209769764654 ], [ -104.20434628963956, 19.303602220955987 ], [ -104.218424170380061, 19.299015621047804 ], [ -104.261179050131304, 19.311806200403616 ], [ -104.28363525024325, 19.29700527962158 ], [ -104.297591000362175, 19.302670770186932 ], [ -104.314803909559927, 19.279355890403579 ], [ -104.343880290283849, 19.28954597981981 ], [ -104.361873689921055, 19.269078419589203 ], [ -104.374273460346743, 19.281883979888057 ], [ -104.401322510286747, 19.266813030302878 ], [ -104.400945599875115, 19.289069799845297 ], [ -104.439259120252373, 19.277987860152308 ], [ -104.438407849871155, 19.262873089589075 ], [ -104.457527019538745, 19.259419460135948 ], [ -104.455698740146033, 19.248040260417515 ], [ -104.467008180073364, 19.245106889931979 ], [ -104.463016259869249, 19.23295966042982 ], [ -104.471672910308754, 19.228835850018143 ], [ -104.47725768971182, 19.238703380285994 ], [ -104.488954890061734, 19.229943369866493 ], [ -104.494535429895095, 19.253947050353027 ], [ -104.508384739819576, 19.244225049909115 ], [ -104.530287860450656, 19.259788829746014 ], [ -104.55451594970296, 19.237097780267298 ], [ -104.560261310454138, 19.219698550420954 ], [ -104.569112739554143, 19.218695230303211 ], [ -104.567248569936112, 19.201266120321186 ], [ -104.576937620448462, 19.180204600022225 ], [ -104.583989620167443, 19.177989320442617 ], [ -104.590028799914037, 19.186531680175715 ], [ -104.600287480136089, 19.179053369891825 ], [ -104.596142629694484, 19.16405223014343 ], [ -104.585780170211493, 19.161814320217058 ], [ -104.589840080248067, 19.150095220295366 ], [ -104.61283389019178, 19.155482820017276 ], [ -104.618821569688919, 19.180851450141343 ], [ -104.629341599941341, 19.172906350285821 ], [ -104.675145650195105, 19.185495740325337 ], [ -104.679979339786954, 19.193171519699067 ], [ -104.691723719978867, 19.173277399825309 ], [ -104.702812750422538, 19.178131980071996 ], [ -104.685087428607147, 19.20564357463773 ], [ -104.702524119160614, 19.221945262844951 ], [ -104.712889050594555, 19.221764424395911 ], [ -104.712441713273478, 19.214997237045225 ], [ -104.734011280433975, 19.221697569759272 ], [ -104.732933630762645, 19.239229667153957 ], [ -104.751876519531464, 19.23732371877048 ], [ -104.758214214316283, 19.228495918673982 ], [ -104.776336359969562, 19.240259503364349 ], [ -104.808487275671624, 19.23256898516054 ], [ -104.80944614010167, 19.258604850019381 ], [ -104.801052599861976, 19.260289249619113 ], [ -104.788661458714429, 19.281778230245258 ], [ -104.794108090416742, 19.295283280434752 ], [ -104.832750220169117, 19.306870090056577 ], [ -104.840940700477915, 19.300008820076009 ], [ -104.837090562180705, 19.289609790109257 ], [ -104.866801769714655, 19.289514219965785 ], [ -104.873114471431947, 19.27616643022634 ], [ -104.881034506996016, 19.286518275681239 ], [ -104.95356813685396, 19.321630098122633 ], [ -105.03208829874113, 19.387248553582467 ], [ -105.030715090004961, 19.397280680020941 ], [ -105.023988130862932, 19.393632614961938 ], [ -105.017667092617927, 19.405500177335689 ], [ -105.029861859683464, 19.429107769730305 ], [ -105.025226281896892, 19.436412660213815 ], [ -105.073124779775483, 19.471103980223528 ], [ -105.059104219812554, 19.471574649715187 ], [ -105.066609979705916, 19.48944591971221 ], [ -105.060703804806678, 19.495512641836605 ], [ -105.081500579862322, 19.50540689010278 ], [ -105.083384020969476, 19.54271184121491 ], [ -105.104245549783727, 19.578046920338465 ], [ -105.128043193402803, 19.587808918601276 ], [ -105.1423147400169, 19.575081200189253 ], [ -105.144396420024847, 19.583303540391459 ], [ -105.152288769527317, 19.587135890001822 ], [ -105.152704000028862, 19.603510800122102 ], [ -105.180717510255036, 19.620711029733958 ], [ -105.199519379647342, 19.621260340177876 ], [ -105.202235379890155, 19.631378630348323 ], [ -105.264682469187662, 19.679170168687868 ], [ -105.263547919544806, 19.695599939704231 ], [ -105.330338320051979, 19.766358000209209 ], [ -105.344635689537355, 19.804910540451719 ], [ -105.504440507055065, 20.010552293671978 ], [ -105.549985924922311, 20.094524323038865 ], [ -105.542869199779105, 20.184368614644416 ], [ -105.554880899031403, 20.224660158378612 ], [ -105.566879489347343, 20.236847079276963 ], [ -105.580926597134123, 20.23669289805321 ], [ -105.590212419609912, 20.263054510281197 ], [ -105.656161779565934, 20.31771306013032 ], [ -105.692765400423013, 20.388234459587373 ], [ -105.694960109576158, 20.409227780103773 ], [ -105.673179145664577, 20.406907257096407 ], [ -105.671274850296598, 20.425883449881329 ], [ -105.654418430302997, 20.42809025962092 ], [ -105.648205459639613, 20.445096825347257 ], [ -105.635601380278189, 20.445841890089341 ], [ -105.604149279888034, 20.475768519830901 ], [ -105.517874970444112, 20.493514180245864 ], [ -105.494877739586116, 20.489400339587224 ], [ -105.465782370019141, 20.49650985045092 ], [ -105.445503917693287, 20.488381661429237 ], [ -105.442771181814621, 20.500993311947251 ], [ -105.400881590136663, 20.508923734821856 ], [ -105.369730548838589, 20.504163679758811 ], [ -105.316458555909492, 20.511756699584485 ], [ -105.319751928454821, 20.518912618652088 ], [ -105.292041932414591, 20.532323880332736 ], [ -105.287350520372868, 20.544871580289531 ], [ -105.258161663620953, 20.557490535312063 ], [ -105.232700458676277, 20.617220542608237 ], [ -105.245071660244292, 20.653314520054476 ], [ -105.281000030113546, 20.67196576994716 ], [ -105.274209970142266, 20.67432668973645 ], [ -105.27893215003283, 20.681334719770916 ], [ -105.261252289766503, 20.679816179844977 ], [ -105.255947019986749, 20.702766200262619 ], [ -105.242572660068774, 20.7042415400681 ], [ -105.239915779995897, 20.747351280121624 ], [ -105.205825489974785, 20.764144850398129 ], [ -105.196961140289019, 20.777171029743148 ], [ -105.173396550245911, 20.767711379707706 ], [ -105.162275679710689, 20.792519279637649 ], [ -105.170974350138749, 20.79610861955539 ], [ -105.173942949701811, 20.813943449701611 ], [ -105.161636019941071, 20.83114014022965 ], [ -105.162787800310994, 20.848689999749347 ], [ -105.155405370120732, 20.853064709808979 ], [ -105.160563309915673, 20.857415230327589 ], [ -105.141194049636624, 20.875605819623949 ], [ -105.142546109976166, 20.88646582990134 ], [ -105.111957079768828, 20.900430320053605 ], [ -105.080336920010922, 20.931470889973266 ], [ -105.046804850336855, 20.934283860104664 ], [ -105.03161334000562, 20.909171230623134 ], [ -105.006332250304339, 20.922536371104957 ], [ -105.003394089639428, 20.910857539701219 ], [ -104.990373689620867, 20.921562849901239 ], [ -104.967244049751187, 20.909508091153288 ], [ -104.953163889910257, 20.930134340622196 ], [ -104.900526019947335, 20.946340660219239 ], [ -104.900627480216627, 20.962747201155963 ], [ -104.866868950240757, 20.99520137034018 ], [ -104.841190479791706, 21.006723450968124 ], [ -104.838098909884977, 21.020008580949831 ], [ -104.810181599758636, 21.012012830971123 ], [ -104.782462150089401, 21.023359061052265 ], [ -104.771712350253367, 21.00860108085277 ], [ -104.75249910977773, 21.012279719781205 ], [ -104.739241079810682, 21.006142369788282 ], [ -104.729989149746984, 21.012288250738393 ], [ -104.729362769871202, 20.983154140733841 ], [ -104.681057920383822, 20.960666689767173 ], [ -104.680999969555728, 20.943840620932335 ], [ -104.661441340011578, 20.943977319885878 ], [ -104.658126139898329, 20.93322572061636 ], [ -104.638093739884738, 20.934125141299436 ], [ -104.628532720095464, 20.923865689655795 ], [ -104.611838090225149, 20.923211690076407 ], [ -104.590736260264109, 20.934619280167684 ], [ -104.556921690031217, 20.924152380172398 ], [ -104.542852280405484, 20.911939570163156 ], [ -104.534624539698342, 20.884035620137283 ], [ -104.524442029645769, 20.885761889810375 ], [ -104.519491620207887, 20.869151200412205 ], [ -104.506394349797034, 20.860844939648672 ], [ -104.499938139702977, 20.838186459696548 ], [ -104.458408859707816, 20.806515579690977 ], [ -104.435735859625154, 20.805764830308654 ], [ -104.427260309592199, 20.791021619625283 ], [ -104.414124619717896, 20.793770250248336 ], [ -104.384208940376396, 20.766478620401692 ], [ -104.377548710148176, 20.742373419615504 ], [ -104.363719600226787, 20.744410910055276 ], [ -104.35079808017008, 20.725339689603551 ], [ -104.324115120081657, 20.717543519898758 ], [ -104.305645510425023, 20.694169570233953 ], [ -104.288486599695261, 20.689156620209239 ], [ -104.28201095007563, 20.628993349631561 ], [ -104.253639829936418, 20.603418710367762 ], [ -104.253767140383189, 20.630608350202309 ], [ -104.246923820261443, 20.631492400405438 ], [ -104.260389539629799, 20.642835549912132 ], [ -104.236460740447441, 20.662897199629047 ], [ -104.253159800116904, 20.682296380224908 ], [ -104.243297619936641, 20.691745690096546 ], [ -104.248149379515738, 20.699628259559042 ], [ -104.241815689983781, 20.713433520247836 ], [ -104.282856249664945, 20.78348057990878 ], [ -104.297617400008832, 20.770795200201292 ], [ -104.328322319616461, 20.798097680282613 ], [ -104.335794779737995, 20.789884200301046 ], [ -104.358249379857071, 20.790532600072495 ], [ -104.375220370443586, 20.775439449702933 ], [ -104.375892149777798, 20.784072970448058 ], [ -104.350402339894359, 20.811643969682613 ], [ -104.364059380092201, 20.813932979850158 ], [ -104.357104749734219, 20.819873859747254 ], [ -104.361768489722891, 20.840931019838635 ], [ -104.334257579616164, 20.846662290076996 ], [ -104.318417370013222, 20.838572649739291 ], [ -104.308815400470479, 20.846807309810874 ], [ -104.295415890050251, 20.845496059694785 ], [ -104.290692970159583, 20.862340630439558 ], [ -104.279110800259289, 20.864518660245995 ], [ -104.290916120201729, 20.887795739651292 ], [ -104.267879549607855, 20.887461079952068 ], [ -104.228753420120981, 20.935581750061061 ], [ -104.221072000046505, 20.941525659656968 ], [ -104.206587779560138, 20.936373350337753 ], [ -104.201306349865831, 20.959242179858535 ], [ -104.233129450393989, 20.968743370204511 ], [ -104.238474250111551, 20.992150820095276 ], [ -104.223195709657773, 21.001263659916081 ], [ -104.242712910395255, 21.02733163041907 ], [ -104.226550080025334, 21.04429616966549 ], [ -104.225164000125162, 21.0505269204298 ], [ -104.239235539740079, 21.057071580124838 ], [ -104.23479340024798, 21.067681479837287 ], [ -104.221810450203819, 21.070024620183009 ], [ -104.220843080173083, 21.101363379609708 ], [ -104.210860320272573, 21.118601420018631 ], [ -104.210598719527027, 21.130927690452143 ], [ -104.225170549581918, 21.151208750247086 ], [ -104.219397980183871, 21.176610579753756 ], [ -104.202793660231492, 21.192832430265447 ], [ -104.159513510187367, 21.184560289699206 ], [ -104.124045779616893, 21.196267369895953 ], [ -104.110844849932221, 21.18859571038486 ], [ -104.100037090249188, 21.200867449839293 ], [ -104.088799690252188, 21.196129149970204 ], [ -104.08565925964632, 21.20536110971565 ], [ -104.080977880311892, 21.18969113995761 ], [ -104.068586400222458, 21.186773280426273 ], [ -104.067887549738813, 21.198199800198417 ], [ -104.056275400461345, 21.194139940097134 ], [ -104.052838520239703, 21.205413110096934 ], [ -104.027968820393497, 21.194672489555295 ], [ -104.029410369523902, 21.208664200432864 ], [ -104.016016000465797, 21.207458420217989 ], [ -104.017488849781415, 21.227201850042967 ], [ -104.006087920218917, 21.22804355008379 ], [ -103.973454030030425, 21.256328280432058 ], [ -103.958387709526704, 21.252754509694068 ], [ -103.945867230321852, 21.2380178501197 ], [ -103.924019979602065, 21.234571739911615 ], [ -103.935461849903746, 21.254176179564009 ], [ -103.93105689047691, 21.262547119812531 ], [ -103.917898709796475, 21.231027770135494 ], [ -103.903062949729758, 21.233419149940431 ], [ -103.898362749930527, 21.226490020415078 ], [ -103.892305519973178, 21.238426660224615 ], [ -103.875248690034098, 21.238643060413839 ], [ -103.861889540314891, 21.24886837038644 ], [ -103.840019429613108, 21.239820460255171 ], [ -103.819391110144053, 21.248435029690473 ], [ -103.820345630270694, 21.281041379759785 ], [ -103.749351819602452, 21.336708480381922 ], [ -103.741332510262311, 21.374055110356807 ], [ -103.767333199748421, 21.388432999767417 ], [ -103.756903119545171, 21.399864650414049 ], [ -103.764403399983493, 21.410304169799463 ], [ -103.731272050210251, 21.415899799635945 ], [ -103.720895550069102, 21.425431230383392 ], [ -103.742030650051561, 21.441557830172616 ], [ -103.752936549543932, 21.466087689840009 ], [ -103.749364579587862, 21.47448823024574 ], [ -103.769128510425261, 21.483024920354481 ], [ -103.778191920473759, 21.492082120380406 ], [ -103.774129479831473, 21.498380710067298 ], [ -103.791075090343014, 21.497747939862151 ], [ -103.800420970279802, 21.48718839964161 ], [ -103.823712820286104, 21.493047370029135 ], [ -103.832126940122109, 21.513397060368611 ], [ -103.849294519640708, 21.514530860081063 ], [ -103.859924909972293, 21.524749510058221 ], [ -103.856271720479171, 21.552365419868302 ], [ -103.881646079854903, 21.552142280006191 ], [ -103.89257817045393, 21.574143029900572 ], [ -103.919234549749874, 21.58198587971631 ], [ -103.923190750101483, 21.590568909727715 ], [ -103.912365459738552, 21.608049089887526 ], [ -103.919084289996519, 21.61624970974254 ], [ -103.907698939616694, 21.6186763102776 ], [ -103.930249450257136, 21.641914429973305 ], [ -103.921337570370042, 21.668374249929297 ], [ -103.912400830281427, 21.668970600375847 ], [ -103.887724970034697, 21.697818229830926 ], [ -103.895913460029419, 21.727743780052027 ], [ -103.902790619715702, 21.716257999698467 ], [ -103.931827859950516, 21.743380510127949 ], [ -103.931702350148782, 21.751319999866656 ], [ -103.916129310251506, 21.755768710336607 ], [ -103.923481910049844, 21.771802320146119 ], [ -103.944511460201937, 21.776819460108779 ], [ -103.977757489985848, 21.771332430190149 ], [ -104.052253799514574, 21.794760949990497 ], [ -104.076237859828581, 21.789717399909541 ], [ -104.079856179798952, 21.782405150424978 ], [ -104.098436569611451, 21.792816889944756 ], [ -104.130381599927475, 21.790451319585376 ], [ -104.146531089978339, 21.80643014009048 ], [ -104.161748450019232, 21.809841340352953 ], [ -104.19700017972977, 21.850772250150126 ], [ -104.172233260120365, 21.871318909563566 ], [ -104.186385120409241, 21.868011749588764 ], [ -104.201040720149408, 21.891478380202983 ], [ -104.200244109842274, 21.909465830006329 ], [ -104.178718090416893, 21.939015339863083 ], [ -104.173699219685943, 21.963392850128045 ], [ -104.173655479981491, 21.970882889867248 ], [ -104.193319450025257, 21.985420119823985 ], [ -104.246005150305422, 21.966937979545733 ], [ -104.275446940008095, 21.980623490224087 ], [ -104.281382230485391, 21.999658820288708 ], [ -104.294076860187189, 22.002760949699741 ], [ -104.324905340426369, 21.984134060106339 ], [ -104.326863139592689, 21.975369319994375 ], [ -104.370692629612478, 21.976173170291105 ], [ -104.360038619848879, 22.0150568301909 ], [ -104.369037310028986, 22.024564170389478 ], [ -104.361540140037476, 22.052853450318359 ], [ -104.373191509812642, 22.10256383010001 ], [ -104.364707180000025, 22.112439519811542 ], [ -104.356271660011458, 22.165434680057302 ], [ -104.331836259550869, 22.199789860102126 ], [ -104.341359320258078, 22.209563199708196 ], [ -104.325897570127566, 22.231792200278413 ], [ -104.328679419657192, 22.245358710209331 ], [ -104.284865909741654, 22.297093520370908 ], [ -104.299255969588799, 22.32577484995004 ], [ -104.293023030354803, 22.330732509725316 ], [ -104.298378620009487, 22.347811420217752 ], [ -104.273760019820301, 22.342769400316225 ], [ -104.25474251982746, 22.348789419845506 ], [ -104.258339370364084, 22.384658310066623 ], [ -104.240978650407527, 22.412772950401571 ], [ -104.220749920379532, 22.421099739957945 ], [ -104.207037050474071, 22.421696879999885 ], [ -104.177701380001139, 22.389634740056987 ], [ -104.164687660288777, 22.391649539730292 ], [ -104.178855779548499, 22.427432490439323 ], [ -104.167486779636988, 22.445150489552272 ], [ -104.195100280314449, 22.447631479584658 ], [ -104.199873979510699, 22.456306889797304 ], [ -104.184980520106393, 22.464622060051163 ], [ -104.185729540428795, 22.471412709737088 ], [ -104.197297080387997, 22.477122280005371 ], [ -104.204916510167635, 22.471907819890241 ], [ -104.198874030318265, 22.480457309793941 ], [ -104.201186090218584, 22.4830178297061 ], [ -104.211293769674626, 22.481414030038884 ], [ -104.214828000429463, 22.484161490200702 ], [ -104.201699860315699, 22.486958780260679 ], [ -104.190229980067855, 22.507611519564499 ], [ -104.178054709872498, 22.505296049921302 ], [ -104.16316299976981, 22.514443539855552 ], [ -104.15835345951605, 22.50932507991525 ], [ -104.150407140325726, 22.516275909980187 ], [ -104.143091139542463, 22.504651479574012 ], [ -104.11350891954477, 22.496609859883872 ], [ -104.120381019598355, 22.51748468990813 ], [ -104.102707179576868, 22.531446919787008 ], [ -104.077160200166986, 22.531781770235487 ], [ -104.068795249732375, 22.521999679729532 ], [ -104.071713649694388, 22.503002140056754 ], [ -104.056592619901906, 22.492799280332108 ], [ -104.051574709892606, 22.466747769720417 ], [ -104.062241029945326, 22.45127731019711 ], [ -104.061636999562097, 22.425800079964127 ], [ -104.071279110030517, 22.422242600222603 ], [ -104.076817969586031, 22.407188420275936 ], [ -104.076930139724922, 22.379645399756043 ], [ -104.0971943800334, 22.37145234042713 ], [ -104.094160859625958, 22.355047949604437 ], [ -104.067475480455315, 22.361406849997145 ], [ -104.04875282019303, 22.376444620260699 ], [ -104.015133799590359, 22.364812889721815 ], [ -104.003250940472142, 22.389929819883442 ], [ -104.005906289985447, 22.408683689978844 ], [ -103.98639205966137, 22.414832939971202 ], [ -103.975564860334416, 22.436191650363629 ], [ -103.960570110223344, 22.43317914985683 ], [ -103.958659750341837, 22.451085179886732 ], [ -103.937953019759959, 22.46275546028911 ], [ -103.937790779784862, 22.475203450283431 ], [ -103.929442080363501, 22.475123749988054 ], [ -103.939808200231695, 22.488939400085062 ], [ -103.933081549542848, 22.489092799557231 ], [ -103.934411109790844, 22.499922139683587 ], [ -103.963411019742381, 22.508040479646709 ], [ -103.966196780358032, 22.517225910153464 ], [ -103.980648739709295, 22.515102679667354 ], [ -103.991256229803739, 22.523266509777073 ], [ -103.987227489961768, 22.52884134972042 ], [ -104.005570830329589, 22.536600279656856 ], [ -103.99888117000566, 22.543603679983676 ], [ -103.972332120448684, 22.545113630422392 ], [ -104.000838980165753, 22.566775120391657 ], [ -103.990174170091677, 22.573041519926935 ], [ -103.986221979861028, 22.590901739884121 ], [ -104.018065599989299, 22.596988739646381 ], [ -104.027005630144913, 22.613178149890278 ], [ -104.033294319552411, 22.63410923012988 ], [ -104.015508879910982, 22.668910660344917 ], [ -104.030831140157005, 22.679059820019543 ], [ -104.033653419622553, 22.670704029774043 ], [ -104.04326677021426, 22.671893489943432 ], [ -104.054810370147919, 22.678420520446593 ], [ -104.04896356959631, 22.687142820085189 ], [ -104.069192280268652, 22.690062060319079 ], [ -104.073622739865698, 22.696953110101813 ], [ -104.069030599675258, 22.701245750134859 ], [ -104.059164220117495, 22.692063660246774 ], [ -104.064150970367507, 22.706963059656381 ], [ -104.047747659876038, 22.712151400214335 ], [ -104.05591150983868, 22.723978200212823 ], [ -104.036983399530499, 22.729616600400654 ], [ -104.025690520429706, 22.74327815036002 ] ] ] ] } },
{ "type": "Feature", "properties": { "fid": 15, "CVEGEO": "15", "CVE_ENT": "15", "NOMGEO": "México", "PibCalc25": 2317843, "SUP": 22351.751645966342, "Long_Carret": 6282.949, "Municipios": 126, "UE": 399102, "Dens_Carret": 0.28109, "Dens_UE": 17.85551 }, "geometry": { "type": "MultiPolygon", "coordinates": [ [ [ [ -99.912367939914162, 20.285626180270821 ], [ -99.859541429890172, 20.264628339564233 ], [ -99.841889600105333, 20.2818814198727 ], [ -99.790418309701664, 20.237994200278447 ], [ -99.788067950819794, 20.230034924938813 ], [ -99.795238140459446, 20.227741290132357 ], [ -99.719371849881668, 20.16713797958775 ], [ -99.687524249602248, 20.17118753998319 ], [ -99.676948909579437, 20.162470459888628 ], [ -99.669397370150719, 20.179298750206886 ], [ -99.659726617871954, 20.180820540382996 ], [ -99.655077229481222, 20.163089910188656 ], [ -99.640990460193819, 20.16422918040546 ], [ -99.630602400445852, 20.145694449813956 ], [ -99.59956087954545, 20.169673370223236 ], [ -99.576263549546482, 20.16209160035044 ], [ -99.571416830302113, 20.170217679644569 ], [ -99.550664629450836, 20.171391689793413 ], [ -99.548287547779665, 20.163131740365916 ], [ -99.533494450392155, 20.162058020066624 ], [ -99.525926599950722, 20.17329556980366 ], [ -99.512240248789581, 20.175100170361702 ], [ -99.501830848721298, 20.15328657977749 ], [ -99.518128199215781, 20.145666659579966 ], [ -99.483496859702214, 20.100969771212444 ], [ -99.481008570056702, 20.082197890232365 ], [ -99.459758710460719, 20.065457340780934 ], [ -99.436852919559271, 20.001299050663071 ], [ -99.455144599672238, 19.979724480511489 ], [ -99.450243599225047, 19.964246891001203 ], [ -99.477764939414087, 19.960566400693331 ], [ -99.48398148005073, 19.905176521167558 ], [ -99.463880568883923, 19.892596221119998 ], [ -99.435933200056894, 19.903129150583819 ], [ -99.445208288663437, 19.884321061079344 ], [ -99.430414520100001, 19.870879181220044 ], [ -99.426781399637349, 19.874997023391529 ], [ -99.414991769118828, 19.850526630618656 ], [ -99.391751750095992, 19.859917540503702 ], [ -99.373249908870704, 19.851541850840221 ], [ -99.386722110060731, 19.813032020535289 ], [ -99.377540429035662, 19.796453400861555 ], [ -99.390331018840783, 19.785733546651162 ], [ -99.3811718604519, 19.784054401173591 ], [ -99.387883579537203, 19.777913179898125 ], [ -99.382445179724357, 19.771204060801264 ], [ -99.370610219744535, 19.78184455071781 ], [ -99.344560450382232, 19.779454521296628 ], [ -99.338653910232708, 19.80202825016891 ], [ -99.325581739457519, 19.793095490563818 ], [ -99.30660051972383, 19.79769370980701 ], [ -99.311922949559872, 19.814162490982998 ], [ -99.296943779525435, 19.835222249816781 ], [ -99.278718920263827, 19.840409401260846 ], [ -99.269468718711977, 19.859555281223983 ], [ -99.247960818784392, 19.859785450895831 ], [ -99.241430338660535, 19.875262110645796 ], [ -99.228299689754067, 19.875046799712354 ], [ -99.217467089082291, 19.891423629689434 ], [ -99.223925220443078, 19.901998400047209 ], [ -99.205602769923289, 19.927500739979994 ], [ -99.209215649723717, 19.93243597973111 ], [ -99.211519059741747, 19.924288430030959 ], [ -99.218572541101281, 19.927241910982158 ], [ -99.227761049774898, 19.951068120256927 ], [ -99.215394430294666, 19.954614419837554 ], [ -99.196919058610078, 19.98482660034286 ], [ -99.189205720154717, 19.984819549873087 ], [ -99.190052648531434, 19.993963290735724 ], [ -99.177217339934714, 19.993138890238573 ], [ -99.15860311984261, 20.027187709718216 ], [ -99.08544996921168, 20.032487921081415 ], [ -99.078323949085657, 20.018299600575265 ], [ -99.063840859064683, 20.014194350901164 ], [ -99.06756048000203, 19.984989400148965 ], [ -99.059575740060964, 19.973995820231696 ], [ -99.058500778625387, 19.988404771321964 ], [ -99.047648149060549, 19.995160279601631 ], [ -99.049430310382689, 20.007697111192588 ], [ -99.031342889744863, 20.014853630719433 ], [ -99.034512968901623, 19.971771780806041 ], [ -99.02765582001382, 19.964558620595401 ], [ -99.004120108913199, 19.964952110918759 ], [ -99.007547490207244, 19.979163341179323 ], [ -99.021554710108376, 19.98700523061013 ], [ -99.005266800079525, 20.028944050970569 ], [ -99.010497539159473, 20.035479371123742 ], [ -99.005644289887741, 20.053204510444189 ], [ -98.988977890384191, 20.068261920583033 ], [ -98.958687689566702, 20.039565400906898 ], [ -98.963976570054299, 20.031237690502856 ], [ -98.946654648743248, 20.027475091077157 ], [ -98.942730490019841, 19.979073090353054 ], [ -98.966219460240367, 19.973995079595657 ], [ -98.981175720322852, 19.954721400396032 ], [ -98.995622818816386, 19.956891721221016 ], [ -98.999778508576952, 19.941825020283041 ], [ -98.984690750253705, 19.946318020208484 ], [ -98.983164749926473, 19.93861283103049 ], [ -98.956112428648026, 19.92818355094585 ], [ -98.952722599614177, 19.906714570554456 ], [ -98.961446400253266, 19.89364071030834 ], [ -98.953546938645033, 19.888539889790749 ], [ -98.966005968777452, 19.891656800814236 ], [ -99.020581150122752, 19.867682660039293 ], [ -99.000151709798828, 19.834179181036564 ], [ -99.008200719258113, 19.828402060997423 ], [ -98.950042399012986, 19.799641290219856 ], [ -98.927631518764841, 19.843392681238765 ], [ -98.906016090032622, 19.845129539855559 ], [ -98.902977939439452, 19.859305510514144 ], [ -98.908788778997177, 19.857124971292272 ], [ -98.905203219718743, 19.863543799976611 ], [ -98.91748097972787, 19.869233180383233 ], [ -98.911824800203021, 19.881017261259561 ], [ -98.904117519784648, 19.887579950096264 ], [ -98.898269709814272, 19.883605341248067 ], [ -98.895889940232621, 19.895707570575205 ], [ -98.883162079897346, 19.901528749885742 ], [ -98.865895940348423, 19.892586890179523 ], [ -98.855830019722674, 19.90428015015355 ], [ -98.840951550220652, 19.892308859956948 ], [ -98.844033679773531, 19.881988260355065 ], [ -98.795172480388217, 19.856414689860355 ], [ -98.789721540197618, 19.861886850089459 ], [ -98.793926820329887, 19.87208408963458 ], [ -98.780574119611899, 19.883540550175759 ], [ -98.739172849671832, 19.872559509842358 ], [ -98.712820660435, 19.853801920322841 ], [ -98.699126650218616, 19.858419860067759 ], [ -98.685367549659347, 19.850548969813392 ], [ -98.672658919584379, 19.862834619878296 ], [ -98.671839740235797, 19.85365914038691 ], [ -98.697641250365933, 19.832114819865179 ], [ -98.675875419534322, 19.813184349626109 ], [ -98.67479217992144, 19.832396200256643 ], [ -98.660814859807587, 19.835031420279115 ], [ -98.639903110269245, 19.811964450325085 ], [ -98.638787850106539, 19.800769630222767 ], [ -98.623561920403603, 19.793888690114688 ], [ -98.625261049543198, 19.785182520285201 ], [ -98.612233710287668, 19.786368419863262 ], [ -98.611663679728409, 19.774128949689551 ], [ -98.596866659746269, 19.765839749700564 ], [ -98.60810170985232, 19.725075029964056 ], [ -98.615899030000747, 19.729482949757802 ], [ -98.63292434033751, 19.722235859583662 ], [ -98.623915400261694, 19.696408049675693 ], [ -98.639897089715532, 19.671083109834772 ], [ -98.619670570288136, 19.661163920393676 ], [ -98.643814139684693, 19.648837800316343 ], [ -98.670054820474562, 19.65867613985133 ], [ -98.672395719841603, 19.625147569735113 ], [ -98.661746600323951, 19.610112999741375 ], [ -98.670084629620817, 19.598483050283946 ], [ -98.681379949838899, 19.59828494022041 ], [ -98.681512458713271, 19.587920219594558 ], [ -98.692431999225775, 19.585879490052886 ], [ -98.689110168648369, 19.576859430277413 ], [ -98.701268278697043, 19.570944249907473 ], [ -98.708398578952597, 19.547599689782384 ], [ -98.660397708746601, 19.485502459951554 ], [ -98.653226550455784, 19.465986230093662 ], [ -98.66143519982721, 19.458090349711249 ], [ -98.634822049607877, 19.431241880339879 ], [ -98.637071910146645, 19.425967150301862 ], [ -98.650203169633798, 19.434638849884962 ], [ -98.660178369773703, 19.432093569852551 ], [ -98.655542709999565, 19.373452340421007 ], [ -98.638079779561409, 19.358910999756304 ], [ -98.660587970265553, 19.351736379917607 ], [ -98.663475889690631, 19.324792380043728 ], [ -98.627524880081566, 19.257759169684352 ], [ -98.643571199744528, 19.238729860248149 ], [ -98.647022379591959, 19.184827889745467 ], [ -98.635338709648778, 19.147032340410956 ], [ -98.638916179749188, 19.150599149879739 ], [ -98.640657060396293, 19.125455740046398 ], [ -98.625489350094327, 19.119571980395442 ], [ -98.632559320139123, 19.100606909732175 ], [ -98.625892490412696, 19.089376460415394 ], [ -98.639298169533276, 19.077440490141896 ], [ -98.623470519659449, 19.066381770170828 ], [ -98.631102620020755, 19.059646540436386 ], [ -98.629788220068107, 19.043602979964533 ], [ -98.619874629669866, 19.035059569769984 ], [ -98.629273859945954, 19.017086779778097 ], [ -98.664474479583703, 19.003556860048356 ], [ -98.714037109703511, 18.943032339816192 ], [ -98.786114949727747, 18.942900950031202 ], [ -98.792080279943647, 18.935339880099782 ], [ -98.8168526798042, 18.943262539711235 ], [ -98.82645055016026, 18.956690879553644 ], [ -98.835890880258162, 18.950151770049899 ], [ -98.859479649589815, 18.964777939729778 ], [ -98.857333349555915, 18.974591910318356 ], [ -98.874059170376981, 19.010403849767346 ], [ -98.871026429908937, 19.025393149944836 ], [ -98.903389780372862, 19.038482889959063 ], [ -98.915598170054523, 19.064057280335582 ], [ -98.94434755004437, 19.069734420066677 ], [ -98.957778550127401, 19.060294490054087 ], [ -98.97899540045519, 19.074455949799248 ], [ -98.959063509533308, 19.104277950231484 ], [ -98.966455939531585, 19.1438705097192 ], [ -98.954626309891481, 19.14952434972577 ], [ -98.967366399942307, 19.164438690110547 ], [ -98.952385650251784, 19.168637619807054 ], [ -98.96769389035704, 19.18974307976417 ], [ -98.968527919613464, 19.210571080625453 ], [ -98.942553220408911, 19.215614859779144 ], [ -98.940302820412199, 19.2232396504101 ], [ -98.968586509733953, 19.232217950067785 ], [ -98.965986879577244, 19.249941000101487 ], [ -98.97653062971051, 19.253125379880188 ], [ -98.957902629446963, 19.323227620606001 ], [ -98.99455665947977, 19.358141320851274 ], [ -98.99193917768585, 19.367598709993928 ], [ -99.058135719687769, 19.400692149913258 ], [ -99.046459066213075, 19.442364561977417 ], [ -99.067991340149973, 19.489083219755191 ], [ -99.063862539774803, 19.49877871093436 ], [ -99.097399520056427, 19.512631249716044 ], [ -99.114407109533587, 19.51106082041116 ], [ -99.125898489609781, 19.52120818002529 ], [ -99.130574599658601, 19.536091289745855 ], [ -99.108097220395237, 19.564888490540572 ], [ -99.123706089719263, 19.59275727980177 ], [ -99.158095519269324, 19.557351340048918 ], [ -99.160899999769029, 19.549260880269564 ], [ -99.151084890239545, 19.544845709897604 ], [ -99.156798120270182, 19.528090770049157 ], [ -99.176011460181357, 19.532036049677 ], [ -99.17704574038639, 19.529328479753158 ], [ -99.157181109899597, 19.502848889580946 ], [ -99.209257540365584, 19.512409020120767 ], [ -99.22111506025422, 19.475068480431016 ], [ -99.207173649672441, 19.469568119950186 ], [ -99.219972779615063, 19.452880139649398 ], [ -99.218132949742326, 19.444111830875798 ], [ -99.229627479035244, 19.437374663953765 ], [ -99.222328289633893, 19.426945620897335 ], [ -99.295587290200586, 19.369077290497007 ], [ -99.303483430154245, 19.377830030016639 ], [ -99.313087649571344, 19.370448739892222 ], [ -99.328484420415393, 19.353092379884821 ], [ -99.333842079718295, 19.330590399707518 ], [ -99.356607849762469, 19.306675799885358 ], [ -99.349985260440931, 19.296837179867847 ], [ -99.364924200185825, 19.27776925022221 ], [ -99.339159889571278, 19.26769714978019 ], [ -99.342340970077117, 19.241122399590772 ], [ -99.315343349990883, 19.229196490310333 ], [ -99.278695220240238, 19.131701719854771 ], [ -99.295077910345157, 19.122931509812201 ], [ -99.318318978969529, 19.087416830045786 ], [ -99.317696449155719, 19.053385370098425 ], [ -99.308570248690756, 19.040301350299362 ], [ -99.317491718952425, 19.040125849732949 ], [ -99.311757819950458, 19.024650079751869 ], [ -99.319670448705978, 19.011271689954 ], [ -99.30846782907004, 18.994005491316113 ], [ -99.308716398943361, 18.958797741321316 ], [ -99.317162799235163, 18.940000140389866 ], [ -99.33790484899869, 18.932399090352948 ], [ -99.367036830100574, 18.893998780484822 ], [ -99.406653629227264, 18.895187751065819 ], [ -99.410957018580831, 18.878183861110607 ], [ -99.429354519626372, 18.87756928981878 ], [ -99.425888769981782, 18.826432971033139 ], [ -99.450971738638856, 18.772519950263867 ], [ -99.463318738710313, 18.767186540478079 ], [ -99.467244200320437, 18.751892880354934 ], [ -99.493870219808514, 18.720821089959852 ], [ -99.536434919613555, 18.693751109780525 ], [ -99.569781550134906, 18.705510940064361 ], [ -99.581690859745876, 18.721747580381276 ], [ -99.579720249940465, 18.735178630130431 ], [ -99.589908919826001, 18.739307220040079 ], [ -99.622866060219366, 18.739838909925489 ], [ -99.621120749797726, 18.725932780301861 ], [ -99.630907749961395, 18.720552229898615 ], [ -99.661455860220954, 18.771305459762072 ], [ -99.697215509538111, 18.78633610959205 ], [ -99.694735460025143, 18.776772280362479 ], [ -99.709157888957051, 18.768838881141512 ], [ -99.671972380037076, 18.713503940062047 ], [ -99.679564050213614, 18.71133329106349 ], [ -99.704728648749125, 18.734932520027982 ], [ -99.737031398650657, 18.739832511175429 ], [ -99.739097649660067, 18.728279109924244 ], [ -99.758295769676153, 18.711275579608973 ], [ -99.754900339786005, 18.697387090558788 ], [ -99.772422749551126, 18.686197400592796 ], [ -99.784305579830104, 18.66233560000779 ], [ -99.783315550012347, 18.642366350243787 ], [ -99.793004750041888, 18.63065763036742 ], [ -99.812517520109282, 18.640857909578685 ], [ -99.816558749763303, 18.625003429822634 ], [ -99.848359519556553, 18.620258830185865 ], [ -99.847618080037435, 18.605490400165937 ], [ -99.863741399620025, 18.617862030054475 ], [ -99.888462849616076, 18.618663050423532 ], [ -99.907001450072784, 18.60182096978868 ], [ -99.947161849737896, 18.587940569724662 ], [ -99.961672260384489, 18.552978910432746 ], [ -99.989694910366794, 18.569702150107311 ], [ -100.001603369996545, 18.563930060147801 ], [ -99.99930084979998, 18.583578370057648 ], [ -100.02496362995565, 18.606866750309432 ], [ -100.063595940041822, 18.58550391955983 ], [ -100.071754979997195, 18.593691489580205 ], [ -100.082413830134968, 18.587949830024616 ], [ -100.070731510353028, 18.582816339761301 ], [ -100.068886339723448, 18.564440649939836 ], [ -100.089951140089482, 18.522160779683958 ], [ -100.122677289950474, 18.516494549634501 ], [ -100.118515539632639, 18.505962139836576 ], [ -100.128012179901859, 18.507803089842827 ], [ -100.132174549878599, 18.499963980291099 ], [ -100.136183340070673, 18.50612408019941 ], [ -100.145591510439772, 18.488021919777999 ], [ -100.158769999639233, 18.491819620045355 ], [ -100.165336000187878, 18.479713629931865 ], [ -100.174202979619338, 18.481681339880364 ], [ -100.171983830360986, 18.471514150291515 ], [ -100.182368139769665, 18.468121540007871 ], [ -100.185736249794957, 18.455107230297955 ], [ -100.200139649562956, 18.456694510125121 ], [ -100.208655769769948, 18.44122931995393 ], [ -100.208711230396219, 18.449159379649082 ], [ -100.217076089233032, 18.445923691158239 ], [ -100.238014320339857, 18.425218720916064 ], [ -100.236399648796365, 18.416771769925905 ], [ -100.259519909803529, 18.427432690050388 ], [ -100.270891518891446, 18.373732460983735 ], [ -100.291978279996087, 18.381605920351003 ], [ -100.303753168891404, 18.367017219551407 ], [ -100.346141290013506, 18.400314489597804 ], [ -100.359441319951742, 18.423461860375916 ], [ -100.385356980141523, 18.426524139761426 ], [ -100.362003178672637, 18.496847230060826 ], [ -100.373701290053631, 18.529113849989784 ], [ -100.395953690270431, 18.540520090420149 ], [ -100.429096950197575, 18.510048059976576 ], [ -100.449361599783771, 18.556561369585559 ], [ -100.436936970166599, 18.596474860348337 ], [ -100.429733310388997, 18.599273219960626 ], [ -100.446509029636857, 18.622465230258374 ], [ -100.474289320131646, 18.619216120254723 ], [ -100.487027689630807, 18.640351649812441 ], [ -100.478337199993248, 18.686864779552042 ], [ -100.447133319942751, 18.701575050254874 ], [ -100.450373550056568, 18.716048080435407 ], [ -100.437130429761197, 18.750555250144505 ], [ -100.418085219966528, 18.759514079796318 ], [ -100.427758219132542, 18.766618519918602 ], [ -100.43063374987986, 18.783248449568237 ], [ -100.456004349551819, 18.777878149547419 ], [ -100.459391650095327, 18.796892690118568 ], [ -100.481770219568503, 18.798651650260453 ], [ -100.490285049892378, 18.789303050400385 ], [ -100.497614859984068, 18.805960689920628 ], [ -100.489881950227584, 18.810378540019499 ], [ -100.493482709966372, 18.823916719906929 ], [ -100.585493779985285, 18.858765859651836 ], [ -100.612897350426181, 18.893454509785183 ], [ -100.600482969658344, 18.892851490209218 ], [ -100.604106629634217, 18.899382749569639 ], [ -100.589389169577657, 18.908116319593066 ], [ -100.59323687986037, 18.915279419832828 ], [ -100.574235460409454, 18.914533020394533 ], [ -100.575947619704806, 18.922873539848631 ], [ -100.565195679703663, 18.917689849757686 ], [ -100.56199351983507, 18.932814710218363 ], [ -100.543785859617344, 18.934703709594373 ], [ -100.54667082959061, 18.964194569972101 ], [ -100.533396720030154, 18.964396980289006 ], [ -100.53772053972547, 18.984185120407222 ], [ -100.523240400157974, 18.993633890388306 ], [ -100.529852779545848, 19.009331220135774 ], [ -100.48433580045392, 19.021025420376269 ], [ -100.477113940346584, 19.034147490392389 ], [ -100.461290860086478, 19.031475569860916 ], [ -100.451157719739783, 19.047768689759685 ], [ -100.44559308046442, 19.045435179858483 ], [ -100.447126350377758, 19.052023169830871 ], [ -100.410827230220136, 19.063595079800574 ], [ -100.4066577799953, 19.105893949788396 ], [ -100.395158310158834, 19.117905780108245 ], [ -100.38948228977867, 19.142912860441125 ], [ -100.361591140247754, 19.154706827790775 ], [ -100.37819148028602, 19.171100047785149 ], [ -100.371105940322025, 19.177496687951368 ], [ -100.373085120044038, 19.194171968365541 ], [ -100.33125507992392, 19.230464940149425 ], [ -100.319883339736805, 19.252991540272895 ], [ -100.320065280145698, 19.290933400130903 ], [ -100.313097859778296, 19.297258540067798 ], [ -100.323265060245305, 19.306803249791287 ], [ -100.306821370446542, 19.322823969923629 ], [ -100.300730629608594, 19.342744280126432 ], [ -100.312374460211927, 19.3623611198141 ], [ -100.294374429739491, 19.380928569957593 ], [ -100.293094119555235, 19.395128860238344 ], [ -100.237425170172983, 19.403512260041349 ], [ -100.215942029930432, 19.413421199691303 ], [ -100.189872620384108, 19.439704050017465 ], [ -100.206087920068398, 19.454466180154572 ], [ -100.206437780014781, 19.470370230191044 ], [ -100.200979750200645, 19.492791709720606 ], [ -100.177694180186819, 19.492624750278136 ], [ -100.201939520181512, 19.499528260341016 ], [ -100.196426679567196, 19.531733109627066 ], [ -100.214696310309719, 19.55276540016575 ], [ -100.2374763202113, 19.557218799591269 ], [ -100.252139249860775, 19.617497950275638 ], [ -100.247519220284076, 19.634512770991336 ], [ -100.273989720255187, 19.672251280140383 ], [ -100.263869479638601, 19.695790449891554 ], [ -100.24369666028646, 19.704793219682543 ], [ -100.234136370022838, 19.720036230432374 ], [ -100.225802680388909, 19.717158050261276 ], [ -100.229489980258734, 19.702205749906753 ], [ -100.204150000049282, 19.70462335000806 ], [ -100.192112059929244, 19.697137780283633 ], [ -100.186006220237743, 19.712972249710013 ], [ -100.169339719789463, 19.707739110102796 ], [ -100.155622579552343, 19.721954999690695 ], [ -100.159764580316647, 19.726050540237598 ], [ -100.148185750112788, 19.728215200208343 ], [ -100.143407779613995, 19.749539319598487 ], [ -100.149328490131907, 19.766785220200688 ], [ -100.141864850269556, 19.787388319831781 ], [ -100.146696509710537, 19.812848110421257 ], [ -100.131487140287774, 19.852013859772299 ], [ -100.094853629921147, 19.86042698121032 ], [ -100.06303281888502, 19.855808629934678 ], [ -100.064704998960309, 19.86282312037628 ], [ -100.102419770070071, 19.879710179848818 ], [ -100.119168749880885, 19.912100220375347 ], [ -100.130122490456188, 19.916193049560867 ], [ -100.131394119839001, 19.982001859738393 ], [ -100.116023549768826, 20.006129709590105 ], [ -100.125240199938403, 20.012175149905346 ], [ -100.155077719963529, 20.007440629710675 ], [ -100.153320168721478, 20.053674060022548 ], [ -100.09134325030648, 20.024259569975612 ], [ -100.088817939718552, 20.015018290067736 ], [ -100.081340769886182, 20.028850249636324 ], [ -100.061725819820637, 20.038790539638356 ], [ -100.043797969931788, 20.036566220401113 ], [ -100.027616000096828, 20.056577079906752 ], [ -100.005639770428203, 20.064200510074723 ], [ -100.000352339742903, 20.077480399845161 ], [ -99.978468220114578, 20.074045450378271 ], [ -99.980192650085115, 20.059147450310284 ], [ -99.926337419890174, 20.064330680442065 ], [ -99.923766849666123, 20.084134680323533 ], [ -99.942206449992682, 20.120100339940965 ], [ -99.930753719932753, 20.143131890117221 ], [ -99.936212770413832, 20.162523034123542 ], [ -99.927175599794921, 20.157141539772759 ], [ -99.921902819791555, 20.158739969706662 ], [ -99.935206219793301, 20.165253450310992 ], [ -99.93713524992468, 20.181731770078624 ], [ -99.965229819415768, 20.201157511161306 ], [ -99.964503569224448, 20.216297860369565 ], [ -99.986463549955801, 20.257067689756347 ], [ -99.976813659536731, 20.272256680420664 ], [ -99.956260230266111, 20.248421970126664 ], [ -99.950933019853068, 20.215903509811348 ], [ -99.918414579743271, 20.21178844967363 ], [ -99.934080830259049, 20.249991489820122 ], [ -99.928466950160853, 20.250221140240694 ], [ -99.929550450463154, 20.268457660015891 ], [ -99.912367939914162, 20.285626180270821 ] ] ] ] } },
{ "type": "Feature", "properties": { "fid": 16, "CVEGEO": "16", "CVE_ENT": "16", "NOMGEO": "Michoacán de Ocampo", "PibCalc25": 666079, "SUP": 58603.866117922698, "Long_Carret": 7456.867, "Municipios": 113, "UE": 296715, "Dens_Carret": 0.12724, "Dens_UE": 5.06306 }, "geometry": { "type": "MultiPolygon", "coordinates": [ [ [ [ -102.014931741930184, 20.39446801574363 ], [ -102.010064049978396, 20.381856318289664 ], [ -102.025234910417907, 20.347981600109449 ], [ -102.015797119860849, 20.329300059951958 ], [ -102.004931910459277, 20.332447249773526 ], [ -102.013702460473752, 20.350632080328086 ], [ -101.996390030439599, 20.359643219942637 ], [ -101.968990690431838, 20.360259749886808 ], [ -101.962337199804566, 20.344689459890123 ], [ -101.944717169981274, 20.342128850361028 ], [ -101.963471630356125, 20.31855741999269 ], [ -101.948957710099805, 20.315107399959278 ], [ -101.95991888987885, 20.305135939591256 ], [ -101.934547399505107, 20.29769146121485 ], [ -101.947142569536979, 20.286361579639816 ], [ -101.936861680095902, 20.281461080127158 ], [ -101.951184280204728, 20.271582570005126 ], [ -101.93217165017245, 20.243737909730012 ], [ -101.939872630084622, 20.227081749885002 ], [ -101.932346570114078, 20.22588908003485 ], [ -101.930602800083264, 20.208121259835739 ], [ -101.917780490285082, 20.21933140040343 ], [ -101.907938819804755, 20.21515295017339 ], [ -101.917897280163629, 20.195077320069274 ], [ -101.893021980055067, 20.203777230246619 ], [ -101.888113999897868, 20.188393340178763 ], [ -101.879194449735749, 20.189181510183307 ], [ -101.881428629638251, 20.199997540061212 ], [ -101.871598110161372, 20.210988850133358 ], [ -101.833866180224632, 20.224790399681055 ], [ -101.819646109846587, 20.208665520327738 ], [ -101.824860719998725, 20.201837600335775 ], [ -101.786615679595471, 20.219318450038323 ], [ -101.75939177036976, 20.201731910081783 ], [ -101.731198999550969, 20.214802310081179 ], [ -101.69793489018241, 20.189674369724155 ], [ -101.686916750278741, 20.217221050201832 ], [ -101.668474369527303, 20.21313514010027 ], [ -101.663308020366259, 20.237579980239815 ], [ -101.654577170056456, 20.243496460078735 ], [ -101.646252320055282, 20.238668049774127 ], [ -101.650926460152832, 20.253484020237185 ], [ -101.642520649690695, 20.267646380039729 ], [ -101.625533999769843, 20.266997690133412 ], [ -101.623969140275648, 20.276108349571768 ], [ -101.63492083025595, 20.288967450382515 ], [ -101.624654279659325, 20.314580379972366 ], [ -101.604684999760934, 20.309424399800474 ], [ -101.601074140454116, 20.298018540778813 ], [ -101.600932849168672, 20.310052740848132 ], [ -101.589244779774376, 20.309601820517649 ], [ -101.58309772026378, 20.327359820199739 ], [ -101.565782140272873, 20.31574095033017 ], [ -101.553265710398094, 20.332515800161072 ], [ -101.537810339803187, 20.324375249649645 ], [ -101.522936089894458, 20.332346950129487 ], [ -101.524156459652119, 20.321230830296322 ], [ -101.502882319716647, 20.324876599563666 ], [ -101.501068230474019, 20.31167253980917 ], [ -101.480227280392654, 20.330174480269445 ], [ -101.46491004969981, 20.329010830259108 ], [ -101.450942219717689, 20.319498319657885 ], [ -101.456696620103656, 20.304370480423572 ], [ -101.440197050150303, 20.305192820358346 ], [ -101.449722969838831, 20.298228919794525 ], [ -101.444984650123104, 20.289725429553002 ], [ -101.457170719639535, 20.285142090111112 ], [ -101.455930459814624, 20.267169679674502 ], [ -101.436857310062805, 20.263785319985878 ], [ -101.435482110324884, 20.277380829597476 ], [ -101.420562480355443, 20.275203919966472 ], [ -101.395324380194296, 20.24854934019616 ], [ -101.360519480216354, 20.249055740099056 ], [ -101.352618089660581, 20.234932200287769 ], [ -101.363198169716256, 20.195794420343653 ], [ -101.419891119833153, 20.201590580369782 ], [ -101.422498250357677, 20.163226320109203 ], [ -101.403603750155213, 20.142116490030524 ], [ -101.392374949604132, 20.144028919561798 ], [ -101.389375999570134, 20.134863769704612 ], [ -101.391007720247202, 20.127120719816411 ], [ -101.408689050089478, 20.123133829776709 ], [ -101.404695890071764, 20.080195179706319 ], [ -101.387513149634984, 20.082961249740247 ], [ -101.401680280351798, 20.035009049731126 ], [ -101.388136220476426, 20.030409879682146 ], [ -101.374946540286913, 20.040428860148428 ], [ -101.334039249638252, 20.031522749763408 ], [ -101.296459520063266, 20.038644780348108 ], [ -101.280972180035633, 20.02754405998013 ], [ -101.253030540376599, 20.035496080218763 ], [ -101.250765549590653, 20.023264029985612 ], [ -101.238345969539722, 20.032118550039726 ], [ -101.220726319857221, 20.011436280418469 ], [ -101.203055510243189, 20.00722415034647 ], [ -101.201531819667551, 20.02573855026704 ], [ -101.182294769544555, 20.026861080276074 ], [ -101.160351509730802, 20.040200150020702 ], [ -101.196318459722903, 20.057188550147035 ], [ -101.179084650276849, 20.062433849802076 ], [ -101.171619770047855, 20.073451719571757 ], [ -101.175237170254746, 20.097116310401056 ], [ -101.133147080102233, 20.059984660234861 ], [ -101.11392207983836, 20.077233289638915 ], [ -101.074859619753227, 20.088388180254245 ], [ -101.021352659956477, 20.086944750376983 ], [ -100.992715149924763, 20.064489659751036 ], [ -101.013986569543249, 20.045711289938577 ], [ -101.012701540409452, 20.03775811998414 ], [ -101.003566619786881, 20.03796400010479 ], [ -101.008089179709387, 20.028093179925651 ], [ -100.987853650002947, 20.026917860284293 ], [ -100.967334679830913, 20.009914339897012 ], [ -100.98270077954902, 20.002630649716757 ], [ -100.976709250134675, 19.982738450114667 ], [ -101.004582819560554, 19.966589829880828 ], [ -101.003442689596667, 19.953556260062832 ], [ -100.98198468019821, 19.956058119763146 ], [ -100.976616339799321, 19.935338750370914 ], [ -100.964410019891474, 19.928274710395929 ], [ -100.947879350069002, 19.933563060317294 ], [ -100.947539380248813, 19.962545229572807 ], [ -100.932581889428747, 19.953490850938195 ], [ -100.906011080165058, 19.961582679723985 ], [ -100.88261280048026, 19.943926259776291 ], [ -100.860285949918136, 19.948942969965287 ], [ -100.854524000278431, 19.934914139725866 ], [ -100.835761829617425, 19.934596429572704 ], [ -100.832869120239295, 19.972395320287848 ], [ -100.824301449255557, 19.978329090392005 ], [ -100.792063939484819, 19.95557480013094 ], [ -100.778813619087629, 19.915149689925965 ], [ -100.74875278095675, 19.912750181274603 ], [ -100.718817351094273, 19.940519369616322 ], [ -100.680648490497262, 19.950463150801077 ], [ -100.660381340250936, 19.964548339711495 ], [ -100.617573379637165, 19.95769254988523 ], [ -100.59560331041024, 19.991662020333454 ], [ -100.576710140269299, 19.993060779629381 ], [ -100.557894889985562, 19.991715549641945 ], [ -100.556781860188011, 19.985298369666033 ], [ -100.565698860295569, 19.974531199551276 ], [ -100.587594079813428, 19.971390339821649 ], [ -100.593075740409333, 19.958280370297313 ], [ -100.565481680299726, 19.966139319636302 ], [ -100.550717020472305, 19.957965969875204 ], [ -100.533934229692861, 19.969214820437511 ], [ -100.540631180257733, 19.974929289734586 ], [ -100.531823339958706, 19.976394489763788 ], [ -100.526779399811801, 19.965760449774788 ], [ -100.536008509842304, 19.923006600212425 ], [ -100.519946449555277, 19.91882004985467 ], [ -100.511687089638883, 19.958216090416514 ], [ -100.498184229719428, 19.958043199799931 ], [ -100.46245566002537, 19.979268290255181 ], [ -100.465824350430211, 19.987398029830253 ], [ -100.443583879983024, 19.982285000388003 ], [ -100.36293111997874, 19.989861079674771 ], [ -100.370403259976371, 20.021265579912207 ], [ -100.360505049543761, 20.02396069018744 ], [ -100.354969659954349, 20.01011957978243 ], [ -100.358263680226997, 20.064916459942513 ], [ -100.389751110453687, 20.08082294029964 ], [ -100.397256680422743, 20.096952749780247 ], [ -100.385291539896187, 20.10450558041595 ], [ -100.39151167983826, 20.121033180424991 ], [ -100.370886939813289, 20.136185420336545 ], [ -100.355836690171216, 20.18238593965847 ], [ -100.340308449560254, 20.189736920419641 ], [ -100.352342509620286, 20.200460880269038 ], [ -100.355236709706034, 20.219018350200937 ], [ -100.323558369825008, 20.25193402033511 ], [ -100.344087720300323, 20.272944262647613 ], [ -100.350656479880627, 20.288413089600883 ], [ -100.345833110277553, 20.298000220006585 ], [ -100.260456650181666, 20.267509939802544 ], [ -100.181144019681781, 20.208800540103709 ], [ -100.191863848577128, 20.176000080013036 ], [ -100.235603550041091, 20.143458580453469 ], [ -100.197392830387429, 20.129888459951097 ], [ -100.202941090104773, 20.076649369833795 ], [ -100.179826489683364, 20.083002169880082 ], [ -100.183087229725558, 20.073855429910893 ], [ -100.176735600130641, 20.070909480279177 ], [ -100.164462199668307, 20.078346520054204 ], [ -100.157206820257954, 20.070681140161319 ], [ -100.162640419688358, 20.063045999572729 ], [ -100.147100510116374, 20.057669709615297 ], [ -100.138078800161793, 20.047564429660063 ], [ -100.153320168721478, 20.053674060022548 ], [ -100.157695029650498, 20.017914859816052 ], [ -100.15376954956524, 20.006389820136835 ], [ -100.125240199938403, 20.012175149905346 ], [ -100.116023549768826, 20.006129709590105 ], [ -100.131394119839001, 19.982001859738393 ], [ -100.130122490456188, 19.916193049560867 ], [ -100.119168749880885, 19.912100220375347 ], [ -100.102419770070071, 19.879710179848818 ], [ -100.064704998960309, 19.86282312037628 ], [ -100.06303281888502, 19.855808629934678 ], [ -100.094853629921147, 19.86042698121032 ], [ -100.131487140287774, 19.852013859772299 ], [ -100.146696509710537, 19.812848110421257 ], [ -100.141864850269556, 19.787388319831781 ], [ -100.149328490131907, 19.766785220200688 ], [ -100.143407779613995, 19.749539319598487 ], [ -100.148185750112788, 19.728215200208343 ], [ -100.159764580316647, 19.726050540237598 ], [ -100.155622579552343, 19.721954999690695 ], [ -100.169339719789463, 19.707739110102796 ], [ -100.186006220237743, 19.712972249710013 ], [ -100.190250029721412, 19.698189419618323 ], [ -100.192112059929244, 19.697137780283633 ], [ -100.204150000049282, 19.70462335000806 ], [ -100.229489980258734, 19.702205749906753 ], [ -100.225802680388909, 19.717158050261276 ], [ -100.234136370022838, 19.720036230432374 ], [ -100.24369666028646, 19.704793219682543 ], [ -100.263869479638601, 19.695790449891554 ], [ -100.273989720255187, 19.672251280140383 ], [ -100.247519220284076, 19.634512770991336 ], [ -100.252139249860775, 19.617497950275638 ], [ -100.2374763202113, 19.557218799591269 ], [ -100.214696310309719, 19.55276540016575 ], [ -100.196426679567196, 19.531733109627066 ], [ -100.201939520181512, 19.499528260341016 ], [ -100.177694180186819, 19.492624750278136 ], [ -100.200979750200645, 19.492791709720606 ], [ -100.206437780014781, 19.470370230191044 ], [ -100.206087920068398, 19.454466180154572 ], [ -100.189872620384108, 19.439704050017465 ], [ -100.215942029930432, 19.413421199691303 ], [ -100.237425170172983, 19.403512260041349 ], [ -100.293094119555235, 19.395128860238344 ], [ -100.294374429739491, 19.380928569957593 ], [ -100.312374460211927, 19.3623611198141 ], [ -100.300730629608594, 19.342744280126432 ], [ -100.306821370446542, 19.322823969923629 ], [ -100.323265060245305, 19.306803249791287 ], [ -100.313097859778296, 19.297258540067798 ], [ -100.320065280145698, 19.290933400130903 ], [ -100.319883339736805, 19.252991540272895 ], [ -100.33125507992392, 19.230464940149425 ], [ -100.373085120044038, 19.194171968365541 ], [ -100.371105940322025, 19.177496687951368 ], [ -100.37819148028602, 19.171100047785149 ], [ -100.361591140247754, 19.154706827790775 ], [ -100.38948228977867, 19.142912860441125 ], [ -100.395158310158834, 19.117905780108245 ], [ -100.4066577799953, 19.105893949788396 ], [ -100.410827230220136, 19.063595079800574 ], [ -100.447126350377758, 19.052023169830871 ], [ -100.44559308046442, 19.045435179858483 ], [ -100.451157719739783, 19.047768689759685 ], [ -100.461290860086478, 19.031475569860916 ], [ -100.477113940346584, 19.034147490392389 ], [ -100.48433580045392, 19.021025420376269 ], [ -100.529852779545848, 19.009331220135774 ], [ -100.523240400157974, 18.993633890388306 ], [ -100.53772053972547, 18.984185120407222 ], [ -100.533396720030154, 18.964396980289006 ], [ -100.54667082959061, 18.964194569972101 ], [ -100.543785859617344, 18.934703709594373 ], [ -100.56199351983507, 18.932814710218363 ], [ -100.565195679703663, 18.917689849757686 ], [ -100.575947619704806, 18.922873539848631 ], [ -100.574235460409454, 18.914533020394533 ], [ -100.59323687986037, 18.915279419832828 ], [ -100.589389169577657, 18.908116319593066 ], [ -100.604106629634217, 18.899382749569639 ], [ -100.600482969658344, 18.892851490209218 ], [ -100.612897350426181, 18.893454509785183 ], [ -100.622247170344366, 18.866835250155788 ], [ -100.64083674975403, 18.865906090169698 ], [ -100.643413520008281, 18.848876819984785 ], [ -100.666081859591458, 18.834254769651135 ], [ -100.672932970207057, 18.824804970353973 ], [ -100.666853780006306, 18.819379660071014 ], [ -100.680003630143361, 18.817225889911146 ], [ -100.696068540215464, 18.794125490132465 ], [ -100.705838169712635, 18.796406519843973 ], [ -100.702755569806783, 18.823759739701099 ], [ -100.711967769572723, 18.825909019956903 ], [ -100.709560579951074, 18.83584888036355 ], [ -100.736367369577209, 18.85131368975734 ], [ -100.736830740252842, 18.860509850256143 ], [ -100.746202350253938, 18.857979349869737 ], [ -100.748403419607385, 18.867932569694734 ], [ -100.776922250349784, 18.859752290046949 ], [ -100.791770890005736, 18.83416848044935 ], [ -100.782517519605861, 18.801653510069226 ], [ -100.798968939838801, 18.784535780139343 ], [ -100.790156059606019, 18.761444919869447 ], [ -100.796911980133004, 18.74627017029318 ], [ -100.781780350455264, 18.745105080119796 ], [ -100.772935179612475, 18.732567710083853 ], [ -100.785405050419925, 18.691480719974209 ], [ -100.770282619796802, 18.692710229849077 ], [ -100.761282289839926, 18.675988950253608 ], [ -100.760103709733144, 18.641630549720531 ], [ -100.751212819924092, 18.64166672014337 ], [ -100.764895719878467, 18.561211339577312 ], [ -100.744225179545339, 18.518072969944424 ], [ -100.729991200439557, 18.519723719662618 ], [ -100.709542770457148, 18.495977570385577 ], [ -100.707471420454738, 18.488234180046046 ], [ -100.715041180248278, 18.486397019553731 ], [ -100.704613598671628, 18.483315310613666 ], [ -100.6977902902468, 18.490641150046937 ], [ -100.647977799811514, 18.457411600290712 ], [ -100.637244480003631, 18.457749169592056 ], [ -100.631492120425534, 18.438469649734834 ], [ -100.590696799723219, 18.41546093990787 ], [ -100.608741379531651, 18.379189519665374 ], [ -100.626939000457085, 18.37565151018832 ], [ -100.645867480144275, 18.346149740048368 ], [ -100.676693718832723, 18.372559480006881 ], [ -100.674954850057105, 18.38362493957224 ], [ -100.689323480121232, 18.393939350199361 ], [ -100.691051219927346, 18.414153170093581 ], [ -100.707038449589547, 18.418999999686459 ], [ -100.722730260186495, 18.40044938009077 ], [ -100.737369319846152, 18.427301459794801 ], [ -100.751358400219686, 18.425771230099791 ], [ -100.777643259682094, 18.439543349762236 ], [ -100.798177579920903, 18.480541119999618 ], [ -100.838480749846156, 18.473069319734964 ], [ -100.859171199910264, 18.478387349948321 ], [ -100.873975429818685, 18.49200877982177 ], [ -100.894368370202741, 18.463138659986242 ], [ -100.914516020222123, 18.471750199777194 ], [ -100.922994080135325, 18.444162709817125 ], [ -100.942753140068035, 18.455077350361449 ], [ -100.963114200188016, 18.445729719865287 ], [ -100.963895079677599, 18.471826230055186 ], [ -100.984663459923397, 18.489089059954875 ], [ -101.004875510097904, 18.492224480282854 ], [ -101.012003280050209, 18.527543019551768 ], [ -101.037967799798494, 18.526206030128467 ], [ -101.088660860019743, 18.505907859634767 ], [ -101.120268619687565, 18.50925680010857 ], [ -101.13151184994986, 18.517493460084253 ], [ -101.14278640027166, 18.510532519736859 ], [ -101.168213599577967, 18.52102440040294 ], [ -101.191566940234253, 18.517827520409586 ], [ -101.211900599717012, 18.536417250138143 ], [ -101.270014659640779, 18.535158349605396 ], [ -101.282077170151283, 18.544734030133487 ], [ -101.298960080316277, 18.533126059809025 ], [ -101.361877199982231, 18.520217800331153 ], [ -101.365604199948791, 18.499882249761207 ], [ -101.378589970161855, 18.509846679767595 ], [ -101.394922280409929, 18.506126620306699 ], [ -101.406884950191284, 18.512512570119885 ], [ -101.417580629922753, 18.49754811032393 ], [ -101.432154940369003, 18.501676430226702 ], [ -101.441947230464805, 18.488993380209656 ], [ -101.457420890453946, 18.497354060205183 ], [ -101.468021919737723, 18.486935519817813 ], [ -101.506480310254275, 18.48669282991624 ], [ -101.583563339673134, 18.520994769786373 ], [ -101.605087080164566, 18.574595249996086 ], [ -101.624499780189595, 18.599153980402296 ], [ -101.638993139631253, 18.602534399790354 ], [ -101.701175850100256, 18.587893380240061 ], [ -101.717357180014048, 18.612010799952159 ], [ -101.771794180421637, 18.603721400036338 ], [ -101.843844429969494, 18.574395739598291 ], [ -101.882259829873092, 18.534227660142449 ], [ -101.887925180393779, 18.48149525012974 ], [ -101.860442050251848, 18.446185169701199 ], [ -101.873758829786141, 18.437485580261541 ], [ -101.889316140317405, 18.400473230397708 ], [ -101.873033720069174, 18.38429738034996 ], [ -101.874054019840003, 18.368346419890894 ], [ -101.861566949848481, 18.356467970176872 ], [ -101.870801200129918, 18.331767489584319 ], [ -101.855716140278403, 18.31427555007993 ], [ -101.870197820091192, 18.308322859982738 ], [ -101.86269467973176, 18.287228480441097 ], [ -101.882915740039039, 18.277437140193619 ], [ -101.863249310375451, 18.261655140022558 ], [ -101.883038769645154, 18.262423880058005 ], [ -101.896819480466306, 18.277115220436478 ], [ -101.90712262043462, 18.261184749588729 ], [ -101.906647400249213, 18.244807850185545 ], [ -101.927972620207569, 18.231610690397591 ], [ -101.973408850280649, 18.232307090174743 ], [ -101.976484449913571, 18.208015179831094 ], [ -102.01905527966386, 18.202115719654447 ], [ -102.038677170079069, 18.208196310114143 ], [ -102.057368460075409, 18.195152549942801 ], [ -102.140314339574601, 18.188264879968113 ], [ -102.161818180425328, 18.164148250234302 ], [ -102.163210520098048, 18.144776879572436 ], [ -102.178710549534699, 18.120341430045251 ], [ -102.184345319866296, 18.059487170315077 ], [ -102.178410979907909, 18.037851680120607 ], [ -102.184181630232374, 18.024572460270416 ], [ -102.180159549766756, 17.998900910187359 ], [ -102.137551740008874, 17.969684110230535 ], [ -102.132989279612957, 17.950835779933893 ], [ -102.13779546755319, 17.935293804397034 ], [ -102.191775105746657, 17.913368377219935 ], [ -102.309182700639496, 17.969486373937482 ], [ -102.480420754413444, 18.017365887368488 ], [ -102.611049380633617, 18.048526192793208 ], [ -102.649642183652347, 18.049328563345398 ], [ -102.673503507271732, 18.059203311127 ], [ -102.699239935347904, 18.055135979365179 ], [ -102.725165828893068, 18.070322698408301 ], [ -102.744264333890683, 18.067042848973326 ], [ -102.748112459710427, 18.074939179745567 ], [ -102.759134000265817, 18.069875909741285 ], [ -102.763385976682983, 18.077773251032763 ], [ -102.789674521736671, 18.082864821243035 ], [ -103.028361742860554, 18.186746176207478 ], [ -103.062930518832303, 18.194130386226487 ], [ -103.109520640762199, 18.19020942884918 ], [ -103.11758280762011, 18.202703343112848 ], [ -103.146603589209988, 18.200347359883754 ], [ -103.186281751722447, 18.221822345413468 ], [ -103.206325136244487, 18.222299849123608 ], [ -103.212325841025873, 18.232035004247575 ], [ -103.235114993606572, 18.230569561240699 ], [ -103.29183987721072, 18.247124542168088 ], [ -103.339605244713795, 18.270764435271396 ], [ -103.361391677167461, 18.26455144073309 ], [ -103.376555030080084, 18.281062995813308 ], [ -103.389169979726148, 18.279689095947038 ], [ -103.397431468972542, 18.289300214816056 ], [ -103.403782420274965, 18.286382710068864 ], [ -103.493368648281489, 18.328635916829803 ], [ -103.51227249002649, 18.346373151289917 ], [ -103.513620145990799, 18.362559061552357 ], [ -103.530063542309335, 18.383293957448529 ], [ -103.52941659362142, 18.404954299594028 ], [ -103.583090819859009, 18.505906150084751 ], [ -103.669896350436474, 18.579254920296783 ], [ -103.711884219652475, 18.597005660175526 ], [ -103.690280519904547, 18.612438750284099 ], [ -103.686207430377294, 18.628638509970799 ], [ -103.709885679781152, 18.662960149728608 ], [ -103.737905232960912, 18.684022942220743 ], [ -103.700302650216358, 18.754355749938519 ], [ -103.685438379932776, 18.75729277011699 ], [ -103.679017000374543, 18.773211050446992 ], [ -103.637978220351144, 18.78320754031505 ], [ -103.620031019655769, 18.801383199789324 ], [ -103.626199650404118, 18.830974369822254 ], [ -103.617187259544565, 18.842851340182662 ], [ -103.640572369776734, 18.867244490444644 ], [ -103.630280090060623, 18.885324849575785 ], [ -103.615556110246331, 18.89242087992816 ], [ -103.596290090106848, 18.883945370351913 ], [ -103.587575689598921, 18.865846950411228 ], [ -103.582344029711763, 18.875624859620007 ], [ -103.573244139546858, 18.871327890363158 ], [ -103.558074680365266, 18.906580429565455 ], [ -103.532044799561604, 18.905434600232496 ], [ -103.533620320416418, 18.927036200351665 ], [ -103.514113980369203, 18.934931749941359 ], [ -103.52231825994528, 18.948515710048063 ], [ -103.506370000324765, 18.948225519787325 ], [ -103.508601450247454, 18.963671319731773 ], [ -103.491202060039214, 18.958355780183417 ], [ -103.473095509824319, 18.991066710043754 ], [ -103.463127320474058, 18.977020920165508 ], [ -103.419452720040297, 18.981250690166604 ], [ -103.411433920434803, 18.967659290201343 ], [ -103.394421110000152, 18.967414630388106 ], [ -103.377248879900435, 18.980170460373909 ], [ -103.332485169828146, 18.973251309932408 ], [ -103.225391769739147, 19.024123309749957 ], [ -103.217396479630906, 19.003532229966094 ], [ -103.20951884961913, 19.002986649684267 ], [ -103.204471999641214, 18.967612249645402 ], [ -103.173364230420944, 18.9362639197055 ], [ -103.149633450197186, 18.925937880058168 ], [ -103.125019460302511, 18.93014466033916 ], [ -103.088108799859256, 18.984108710108263 ], [ -103.052499570346725, 18.998125419788785 ], [ -103.063773020475011, 19.005673489956287 ], [ -103.063238509902646, 19.027854080077741 ], [ -103.050560459765165, 19.035599290033275 ], [ -103.033242080307019, 19.029117619573601 ], [ -103.02521425960056, 19.053103850386847 ], [ -102.990835229962883, 19.05337890987439 ], [ -103.016005679645602, 19.07918530963418 ], [ -103.019455380392628, 19.103836509949353 ], [ -103.012022850353517, 19.109196689655626 ], [ -103.019727020032647, 19.132371170146389 ], [ -103.004459820147574, 19.137571340035599 ], [ -102.977622709843459, 19.120060909874976 ], [ -102.979357770305342, 19.152413259612114 ], [ -102.960096089557211, 19.174055889984551 ], [ -102.915072629554103, 19.179367110000367 ], [ -102.886432800468185, 19.204391379986838 ], [ -102.865377059683397, 19.211285429855405 ], [ -102.862601969558966, 19.203229630315438 ], [ -102.845640309922032, 19.199048029713147 ], [ -102.831421059573529, 19.214639830416537 ], [ -102.824433400369855, 19.205693229768691 ], [ -102.808361459797396, 19.223264119828436 ], [ -102.793764140126115, 19.225408080310416 ], [ -102.790243199724699, 19.242457999968266 ], [ -102.753815918672714, 19.255805061199876 ], [ -102.737720859575717, 19.242202400615717 ], [ -102.712722148885177, 19.235808061292495 ], [ -102.696593279804318, 19.248808860748305 ], [ -102.700691568684917, 19.224536630474375 ], [ -102.669922689016914, 19.212412060106661 ], [ -102.638209888849303, 19.26265954097337 ], [ -102.643095659673477, 19.278340401256326 ], [ -102.632715918602287, 19.306981951145726 ], [ -102.611177629920562, 19.322796249816609 ], [ -102.601056019896745, 19.36448677116298 ], [ -102.56880074956301, 19.412625969590568 ], [ -102.57678699950138, 19.423908920133957 ], [ -102.565080850177566, 19.435157339602647 ], [ -102.551044149061767, 19.425378020211806 ], [ -102.543715430145795, 19.429580171148217 ], [ -102.559240340026776, 19.436880399619 ], [ -102.547692779800926, 19.439487890378214 ], [ -102.558702200177279, 19.447003889637745 ], [ -102.56858137031665, 19.445478349800311 ], [ -102.563298919883707, 19.464926979964172 ], [ -102.542705379983815, 19.478033109971328 ], [ -102.549081150044302, 19.492422859565412 ], [ -102.575943450406854, 19.498061780101068 ], [ -102.571861419558218, 19.511191829991503 ], [ -102.581864200185578, 19.528255119956039 ], [ -102.620529579793569, 19.498771659605151 ], [ -102.65752782025055, 19.487237279861734 ], [ -102.670930109534794, 19.490625880440149 ], [ -102.673024720302578, 19.511995309556884 ], [ -102.689487090018005, 19.513415680214599 ], [ -102.723728050132422, 19.49317609016278 ], [ -102.738064940127416, 19.493359479680294 ], [ -102.710656349544834, 19.541068769761843 ], [ -102.718446339988219, 19.550319259644155 ], [ -102.713516710177629, 19.563261340156977 ], [ -102.726038890190196, 19.579025549686168 ], [ -102.715932049857543, 19.602935150180173 ], [ -102.726087549714222, 19.613136830395732 ], [ -102.74756635004951, 19.612777029989388 ], [ -102.760858769694948, 19.627533910421576 ], [ -102.775849459672727, 19.627714999678613 ], [ -102.784186479916983, 19.652087539652495 ], [ -102.792601479888091, 19.654550569706011 ], [ -102.791203349859117, 19.673186419600381 ], [ -102.805662539700378, 19.674837770240075 ], [ -102.780481719989226, 19.704324089903707 ], [ -102.810804719711257, 19.741016090173957 ], [ -102.803926279689762, 19.752157630046145 ], [ -102.816274089802064, 19.749905060381359 ], [ -102.808606460272884, 19.759560779585517 ], [ -102.819526849830694, 19.777941200050577 ], [ -102.792312229946347, 19.81411550976711 ], [ -102.759082679784669, 19.807984449666723 ], [ -102.739396310451099, 19.815825829603209 ], [ -102.753330200001599, 19.834123509772603 ], [ -102.730352679538854, 19.853208679879774 ], [ -102.734768919573838, 19.874518179994439 ], [ -102.742490050476221, 19.878759479880411 ], [ -102.731215110407817, 19.899507850185007 ], [ -102.770633549090235, 19.929868450816471 ], [ -102.784036049082317, 19.951235691179296 ], [ -102.776873579208271, 19.960153740615148 ], [ -102.794009460049296, 19.950291021141226 ], [ -102.821969380086102, 19.964577029969391 ], [ -102.8820496300022, 19.97576926014289 ], [ -102.882096939820983, 19.969585109637453 ], [ -102.902621890379038, 19.966863480447198 ], [ -102.926267620289764, 19.984187549792434 ], [ -102.943624220433179, 19.984133629743667 ], [ -102.951214939529535, 19.996556510320115 ], [ -102.993809679778266, 19.98389474976857 ], [ -103.015482749588642, 19.95975402021428 ], [ -103.025219550341831, 19.960492089933727 ], [ -103.051504179811403, 19.991611149692943 ], [ -103.03569601989021, 20.029414770292625 ], [ -103.02438544954525, 20.033308849955311 ], [ -103.026516819830618, 20.049343660014941 ], [ -103.020720030258744, 20.047306350306844 ], [ -103.041710940317344, 20.090640659602688 ], [ -103.032815550244834, 20.111360620097734 ], [ -103.044152340348646, 20.124119380370463 ], [ -103.03133347986082, 20.126751379606493 ], [ -103.032463679715136, 20.136446950315236 ], [ -103.004818540148491, 20.138195709643522 ], [ -102.998394150190578, 20.125960619851043 ], [ -102.970583909924514, 20.125403620364654 ], [ -102.959580169680351, 20.141240080410878 ], [ -102.942025999592701, 20.128828800018496 ], [ -102.926448279588669, 20.129575180358298 ], [ -102.924500079570095, 20.136258450380751 ], [ -102.954003140282325, 20.166568540200561 ], [ -102.940170259624878, 20.171681829793467 ], [ -102.886881380083906, 20.158808799787863 ], [ -102.865953260414955, 20.162363619799084 ], [ -102.852308369867401, 20.149247350391512 ], [ -102.854994310122009, 20.136712749576287 ], [ -102.840674679744893, 20.116109110042661 ], [ -102.816287379667855, 20.106047880034389 ], [ -102.801873399772433, 20.123034289776044 ], [ -102.815204060243033, 20.139264649716161 ], [ -102.776147109816648, 20.138446369911343 ], [ -102.730226279996316, 20.166618059981847 ], [ -102.679721860449973, 20.171501549864438 ], [ -102.685370309929084, 20.218005310228097 ], [ -102.679025370023524, 20.22691310967798 ], [ -102.660876200416723, 20.231545800257539 ], [ -102.641200020456381, 20.223453479678021 ], [ -102.627331249059367, 20.229385549814314 ], [ -102.610145540445615, 20.269088510215312 ], [ -102.590486119945936, 20.258465339580926 ], [ -102.566679310454717, 20.26562498048952 ], [ -102.564582980312153, 20.278155030032973 ], [ -102.554977349533772, 20.260685350134001 ], [ -102.544118079947523, 20.280559399892269 ], [ -102.529277619712317, 20.270615290087168 ], [ -102.520082399962973, 20.280415179627607 ], [ -102.530018179562177, 20.296220850200864 ], [ -102.508955420103604, 20.301355490440336 ], [ -102.505442489713559, 20.31585775006711 ], [ -102.490628680344258, 20.308601339819095 ], [ -102.480998249975499, 20.324905629921009 ], [ -102.454860478960612, 20.328968800756961 ], [ -102.447386259637298, 20.338490520083067 ], [ -102.366700750415774, 20.327795119870217 ], [ -102.327224220457097, 20.349483289576632 ], [ -102.316089939971263, 20.344587140089068 ], [ -102.306598019928387, 20.358163579781067 ], [ -102.292062120243386, 20.352976201205152 ], [ -102.28985960000081, 20.340835980122687 ], [ -102.284085999837885, 20.345560170361082 ], [ -102.254159819945158, 20.335265599618769 ], [ -102.221805250136185, 20.344068770194021 ], [ -102.208121540146919, 20.356679829750128 ], [ -102.19660682036421, 20.350497119576822 ], [ -102.175366139862433, 20.355966060287027 ], [ -102.17702245962974, 20.368154450318027 ], [ -102.158158049829041, 20.366960230129322 ], [ -102.168167679955488, 20.378740430206452 ], [ -102.134898259701146, 20.375662780392872 ], [ -102.087312049633582, 20.384894029559643 ], [ -102.065032629400633, 20.374921570942426 ], [ -102.022650910415067, 20.380889940135887 ], [ -102.014931741930184, 20.39446801574363 ] ] ] ] } },
{ "type": "Feature", "properties": { "fid": 17, "CVEGEO": "17", "CVE_ENT": "17", "NOMGEO": "Morelos", "PibCalc25": 268327, "SUP": 4888.0649916118591, "Long_Carret": 1884.623, "Municipios": 36, "UE": 112497, "Dens_Carret": 0.38614, "Dens_UE": 23.04936 }, "geometry": { "type": "MultiPolygon", "coordinates": [ [ [ [ -99.135379018117106, 19.089296070896999 ], [ -99.059800232032742, 19.048236662900472 ], [ -99.028993681798511, 19.085368792355162 ], [ -98.983594485586323, 19.078763251047896 ], [ -98.957778550127429, 19.060294490054105 ], [ -98.944347550044398, 19.069734420066705 ], [ -98.915598170054551, 19.064057280335618 ], [ -98.903389780372905, 19.038482889959081 ], [ -98.87102642990898, 19.025393149944851 ], [ -98.874059170377024, 19.010403849767364 ], [ -98.857333349555958, 18.974591910318388 ], [ -98.859479649589858, 18.964777939729821 ], [ -98.835890880258205, 18.950151770049942 ], [ -98.826450550160288, 18.95669087955368 ], [ -98.816852679804228, 18.94326253971127 ], [ -98.79208027994369, 18.935339880099782 ], [ -98.786114949727761, 18.942900950031234 ], [ -98.71403710970354, 18.943032339816241 ], [ -98.664474479583745, 19.003556860048405 ], [ -98.632946649563365, 19.015549520287681 ], [ -98.649611710149173, 18.999577399555921 ], [ -98.673629380213711, 18.95166517028526 ], [ -98.678091909755565, 18.923717479895053 ], [ -98.707343229883605, 18.902855510032708 ], [ -98.713965460130666, 18.868386719833122 ], [ -98.697759950041672, 18.876952520033928 ], [ -98.702824690387885, 18.890453139902718 ], [ -98.681414549702879, 18.907167320202625 ], [ -98.665928910018607, 18.906039720000958 ], [ -98.664860310359032, 18.887665430121757 ], [ -98.681977169520721, 18.87596137024752 ], [ -98.707146249820212, 18.821800970197327 ], [ -98.727945709906251, 18.805509000196324 ], [ -98.753493919910753, 18.742969379550502 ], [ -98.715907089609487, 18.739189509703024 ], [ -98.741882279910612, 18.702177170359647 ], [ -98.719896079798389, 18.655953369546204 ], [ -98.711426310439307, 18.616454750069295 ], [ -98.719839969924791, 18.600708999805196 ], [ -98.712566289681433, 18.58795760030446 ], [ -98.716673569895818, 18.565919980194327 ], [ -98.702751079802724, 18.538786980240992 ], [ -98.71336157965635, 18.520564740101001 ], [ -98.701939940113448, 18.512185949605708 ], [ -98.707330089290011, 18.492850851276007 ], [ -98.698973880085447, 18.494980491024066 ], [ -98.710415568762485, 18.468066820092453 ], [ -98.706699119991526, 18.445112230534619 ], [ -98.726952769933064, 18.439533120390287 ], [ -98.73808317954736, 18.455737920393037 ], [ -98.752191350430536, 18.453924199784339 ], [ -98.761000830099121, 18.475445630082994 ], [ -98.786773249635829, 18.484627180424557 ], [ -98.810558939932434, 18.519312830130239 ], [ -98.827766258615597, 18.523885542991273 ], [ -98.840344060304986, 18.512771619766593 ], [ -98.836450279839127, 18.494575909552101 ], [ -98.850408600234161, 18.478034660000333 ], [ -98.870579549593643, 18.479202319595096 ], [ -98.91222062046792, 18.462121629642958 ], [ -98.905405770309599, 18.459739709784255 ], [ -98.915172290156136, 18.457821250422235 ], [ -98.919317320294155, 18.431964849976524 ], [ -98.935151950149617, 18.422903849996391 ], [ -98.985372450438831, 18.421153980366693 ], [ -98.987938679578619, 18.397063770050647 ], [ -99.018175079732629, 18.387784370194122 ], [ -99.023610139794442, 18.372453879772102 ], [ -99.058772520334969, 18.348855520145602 ], [ -99.065478199712913, 18.332376289878866 ], [ -99.075987109692406, 18.342841890028172 ], [ -99.066295720030922, 18.367780199825628 ], [ -99.072839260314254, 18.377312459640827 ], [ -99.081256460289637, 18.373114709611322 ], [ -99.078536450246901, 18.387065969972255 ], [ -99.089546890453619, 18.399985720292484 ], [ -99.100518320022488, 18.401189000216526 ], [ -99.110657770060939, 18.419074579711662 ], [ -99.128314859722337, 18.427308979939173 ], [ -99.12439524975693, 18.441239649769972 ], [ -99.136098290336207, 18.449186950389077 ], [ -99.140623349812202, 18.474973090285797 ], [ -99.142411220239495, 18.465285340001326 ], [ -99.156127569546499, 18.466348430196994 ], [ -99.181315079827669, 18.448417749849792 ], [ -99.177905370157461, 18.424745250174976 ], [ -99.206674030218139, 18.447434430423151 ], [ -99.205421629899178, 18.456588799889467 ], [ -99.246007059683507, 18.45643336974894 ], [ -99.247607340051886, 18.450999250013918 ], [ -99.32836782041899, 18.459540250322849 ], [ -99.328264280040173, 18.488831539918952 ], [ -99.352675259707553, 18.485980830397722 ], [ -99.343445659789438, 18.467127859728553 ], [ -99.357404260092679, 18.467669170169568 ], [ -99.362951920387545, 18.499026719606213 ], [ -99.407804429657077, 18.556066370262268 ], [ -99.422882180176785, 18.56206788022288 ], [ -99.419704449788114, 18.590336660103507 ], [ -99.440494999805992, 18.597464399934065 ], [ -99.441201459644589, 18.612574000353742 ], [ -99.453886320250078, 18.609902319818961 ], [ -99.494414149993645, 18.720544799832563 ], [ -99.467244200320451, 18.751892880354983 ], [ -99.463318738710342, 18.767186540478114 ], [ -99.450971738638899, 18.772519950263916 ], [ -99.42588876998181, 18.826432971033174 ], [ -99.429354519626401, 18.877569289818815 ], [ -99.410957018580874, 18.878183861110646 ], [ -99.406653629227307, 18.895187751065855 ], [ -99.367036830100602, 18.893998780484836 ], [ -99.337904848998733, 18.932399090353002 ], [ -99.313036228817865, 18.94811735073565 ], [ -99.308467829070068, 18.99400549131613 ], [ -99.319670448705992, 19.011271689954043 ], [ -99.311757819950486, 19.024650079751904 ], [ -99.317491718952454, 19.040125849732949 ], [ -99.308570248690785, 19.040301350299377 ], [ -99.319091288955974, 19.060644879650084 ], [ -99.313744118677647, 19.098218880384771 ], [ -99.278695219233256, 19.131701722554144 ], [ -99.226777780404461, 19.096060003504778 ], [ -99.135379018117106, 19.089296070896999 ] ] ] ] } },
{ "type": "Feature", "properties": { "fid": 18, "CVEGEO": "18", "CVE_ENT": "18", "NOMGEO": "Nayarit", "PibCalc25": 159808, "SUP": 28102.376163264355, "Long_Carret": 2788.771, "Municipios": 20, "UE": 73032, "Dens_Carret": 0.10023, "Dens_UE": 2.62469 }, "geometry": { "type": "MultiPolygon", "coordinates": [ [ [ [ -105.274744419722182, 21.047304379827576 ], [ -105.271343920291656, 21.049248720438801 ], [ -105.271827540186692, 21.046382740239785 ], [ -105.274744419722182, 21.047304379827576 ] ] ], [ [ [ -106.228135480544736, 21.332586413381495 ], [ -106.222211493084103, 21.32143198109701 ], [ -106.229787048474989, 21.291858175727992 ], [ -106.237205671220721, 21.299742498978706 ], [ -106.25668351944104, 21.292918742912548 ], [ -106.279126790387295, 21.314609946717258 ], [ -106.258256503976341, 21.334791590290209 ], [ -106.228135480544736, 21.332586413381495 ] ] ], [ [ [ -106.460537120490045, 21.494551950317561 ], [ -106.371196489784325, 21.48068162041972 ], [ -106.358637540023622, 21.45527334971845 ], [ -106.380333089603596, 21.448398769671808 ], [ -106.386374850038067, 21.419754419551751 ], [ -106.41258027990375, 21.422841950253396 ], [ -106.468759970213171, 21.451284420030575 ], [ -106.480308549646054, 21.449614139920598 ], [ -106.49400834015762, 21.466203229913166 ], [ -106.460537120490045, 21.494551950317561 ] ] ], [ [ [ -106.660562680123931, 21.69254340016505 ], [ -106.598238770214593, 21.690328770277915 ], [ -106.536307049774763, 21.658084319787505 ], [ -106.537142088316941, 21.632841770325133 ], [ -106.505699880209221, 21.60334522973023 ], [ -106.515623909538348, 21.585926249625757 ], [ -106.511847400475375, 21.570462380424029 ], [ -106.521125779811811, 21.567011859906724 ], [ -106.532201180328371, 21.544769219761154 ], [ -106.54167762952936, 21.544311599788738 ], [ -106.537635340363963, 21.555616110211091 ], [ -106.546226709836603, 21.563214849740898 ], [ -106.628972889640195, 21.598612090346851 ], [ -106.629511879732561, 21.618468380107466 ], [ -106.656084939870496, 21.655874080311694 ], [ -106.646873049888924, 21.666931349691566 ], [ -106.660562680123931, 21.69254340016505 ] ] ], [ [ [ -106.673209709507631, 21.774852089729535 ], [ -106.65771566043756, 21.739452690368534 ], [ -106.67795739988442, 21.728686149869432 ], [ -106.687726780445246, 21.759368229556028 ], [ -106.673209709507631, 21.774852089729535 ] ] ], [ [ [ -105.889684118275696, 21.854174738081529 ], [ -105.881724952834347, 21.850382072107291 ], [ -105.880267896185032, 21.846725177827398 ], [ -105.880275558557614, 21.842550795844694 ], [ -105.887365847525516, 21.840809928323957 ], [ -105.889684118275696, 21.854174738081529 ] ] ], [ [ [ -105.383567340343191, 23.081741580049943 ], [ -105.358316310412349, 23.073923369586765 ], [ -105.357940279830785, 23.063195309706568 ], [ -105.350471180216942, 23.060575340318898 ], [ -105.358779180340449, 23.046257570007846 ], [ -105.350796260105312, 23.035634460026031 ], [ -105.353856510218947, 23.019784799821814 ], [ -105.333704910036218, 22.99468209044888 ], [ -105.34304926038287, 22.968159289981525 ], [ -105.330849489897574, 22.96317317969973 ], [ -105.334141659619419, 22.953408920335836 ], [ -105.323569889751951, 22.941330170234938 ], [ -105.297699060378974, 22.954162109848003 ], [ -105.076015779649481, 22.959638829590673 ], [ -105.003139420136307, 22.976982679922067 ], [ -105.008341050407395, 22.968458689592389 ], [ -104.996893139921383, 22.952001600389472 ], [ -105.010039120060028, 22.922362739784006 ], [ -105.000054170088845, 22.908897169694395 ], [ -105.005069140050736, 22.903552059818814 ], [ -104.987795630098304, 22.888252019569691 ], [ -104.988405229683124, 22.83604931977688 ], [ -104.958967309854813, 22.813604599789201 ], [ -104.951720749868372, 22.82182973998297 ], [ -104.940504860412744, 22.816163279827705 ], [ -104.934226280048208, 22.827310889647503 ], [ -104.918389200152191, 22.819780750234752 ], [ -104.905576320298408, 22.799577520127816 ], [ -104.913375350381358, 22.790485970247172 ], [ -104.915636649817998, 22.748537970190547 ], [ -104.892720449895847, 22.737409249842671 ], [ -105.057302689734954, 22.6880939997151 ], [ -105.068422510178664, 22.678414150171974 ], [ -105.072368939747264, 22.656499089739324 ], [ -105.007552739955159, 22.585671970187068 ], [ -104.987912540409923, 22.498726579899888 ], [ -104.960525170397659, 22.505311449667637 ], [ -104.862493119746176, 22.607070489625684 ], [ -104.858397059650201, 22.648326710126057 ], [ -104.840116430375204, 22.651138569844509 ], [ -104.814677509821806, 22.63424918037693 ], [ -104.804020689590203, 22.640341250376157 ], [ -104.804255950352328, 22.648743860090221 ], [ -104.788918860250192, 22.647973620441601 ], [ -104.774094319774477, 22.63254977986184 ], [ -104.775375230048766, 22.584201720050693 ], [ -104.737052999609872, 22.558095660453485 ], [ -104.719796779954322, 22.569045220159346 ], [ -104.708737079878333, 22.554624320061961 ], [ -104.669998319754953, 22.565261740047632 ], [ -104.655754939948238, 22.540069710448169 ], [ -104.655291720301335, 22.462154660258101 ], [ -104.602560600256808, 22.460508080272053 ], [ -104.605438350125553, 22.445457889880366 ], [ -104.593084859586142, 22.411954830155629 ], [ -104.574804309679735, 22.394866309841582 ], [ -104.551252970406182, 22.388866599617419 ], [ -104.535910849762587, 22.364802799920124 ], [ -104.518658660028493, 22.360603939586131 ], [ -104.506513249720271, 22.345163399602683 ], [ -104.481209680300054, 22.351616919977822 ], [ -104.494990279808178, 22.360532089564597 ], [ -104.487860369602316, 22.368905080304007 ], [ -104.49538984986215, 22.376324140221126 ], [ -104.371512219602053, 22.42165865032263 ], [ -104.348842919711785, 22.409716649607322 ], [ -104.350040919868761, 22.386405420351331 ], [ -104.293127549818792, 22.365131149703956 ], [ -104.285740279777869, 22.356366139949337 ], [ -104.292739920376903, 22.343973090351156 ], [ -104.298378620009487, 22.347811420217752 ], [ -104.293023030354803, 22.330732509725316 ], [ -104.29952567961017, 22.327088489752214 ], [ -104.284865909741654, 22.297093520370908 ], [ -104.328679419657192, 22.245358710209331 ], [ -104.325897570127566, 22.231792200278413 ], [ -104.341359320258078, 22.209563199708196 ], [ -104.331836259550869, 22.199789860102126 ], [ -104.356271660011458, 22.165434680057302 ], [ -104.364707180000025, 22.112439519811542 ], [ -104.373191509812642, 22.10256383010001 ], [ -104.361540140037476, 22.052853450318359 ], [ -104.369037310028986, 22.024564170389478 ], [ -104.360038619848879, 22.0150568301909 ], [ -104.369863479679509, 21.974784259873235 ], [ -104.326863139592689, 21.975369319994375 ], [ -104.324905340426369, 21.984134060106339 ], [ -104.294076860187189, 22.002760949699741 ], [ -104.281382230485391, 21.999658820288708 ], [ -104.275446940008095, 21.980623490224087 ], [ -104.246005150305422, 21.966937979545733 ], [ -104.193319450025257, 21.985420119823985 ], [ -104.173655479981491, 21.970882889867248 ], [ -104.173699219685943, 21.963392850128045 ], [ -104.178718090416893, 21.939015339863083 ], [ -104.200244109842274, 21.909465830006329 ], [ -104.201040720149408, 21.891478380202983 ], [ -104.186385120409241, 21.868011749588764 ], [ -104.172233260120365, 21.871318909563566 ], [ -104.19700017972977, 21.850772250150126 ], [ -104.161748450019232, 21.809841340352953 ], [ -104.146531089978339, 21.80643014009048 ], [ -104.130381599927475, 21.790451319585376 ], [ -104.098436569611451, 21.792816889944756 ], [ -104.079856179798952, 21.782405150424978 ], [ -104.076237859828581, 21.789717399909541 ], [ -104.052253799514574, 21.794760949990497 ], [ -103.977757489985848, 21.771332430190149 ], [ -103.944511460201937, 21.776819460108779 ], [ -103.923481910049844, 21.771802320146119 ], [ -103.916129310251506, 21.755768710336607 ], [ -103.931702350148782, 21.751319999866656 ], [ -103.931827859950516, 21.743380510127949 ], [ -103.902790619715702, 21.716257999698467 ], [ -103.895913460029419, 21.727743780052027 ], [ -103.887724970034697, 21.697818229830926 ], [ -103.912400830281427, 21.668970600375847 ], [ -103.921337570370042, 21.668374249929297 ], [ -103.930249450257136, 21.641914429973305 ], [ -103.907698939616694, 21.6186763102776 ], [ -103.919084289996519, 21.61624970974254 ], [ -103.912365459738552, 21.608049089887526 ], [ -103.923190750101483, 21.590568909727715 ], [ -103.919234549749874, 21.58198587971631 ], [ -103.89257817045393, 21.574143029900572 ], [ -103.881646079854903, 21.552142280006191 ], [ -103.856271720479171, 21.552365419868302 ], [ -103.859924909972293, 21.524749510058221 ], [ -103.849294519640708, 21.514530860081063 ], [ -103.832126940122109, 21.513397060368611 ], [ -103.823712820286104, 21.493047370029135 ], [ -103.800420970279802, 21.48718839964161 ], [ -103.791075090343014, 21.497747939862151 ], [ -103.774129479831473, 21.498380710067298 ], [ -103.778191920473759, 21.492082120380406 ], [ -103.769128510425261, 21.483024920354481 ], [ -103.749364579587862, 21.47448823024574 ], [ -103.752936549543932, 21.466087689840009 ], [ -103.742030650051561, 21.441557830172616 ], [ -103.72101538011087, 21.425970020432107 ], [ -103.731272050210251, 21.415899799635945 ], [ -103.764403399983493, 21.410304169799463 ], [ -103.756903119545171, 21.399864650414049 ], [ -103.767333199748421, 21.388432999767417 ], [ -103.741332510262311, 21.374055110356807 ], [ -103.749351819602452, 21.336708480381922 ], [ -103.820345630270694, 21.281041379759785 ], [ -103.819391110144053, 21.248435029690473 ], [ -103.840019429613108, 21.239820460255171 ], [ -103.861889540314891, 21.24886837038644 ], [ -103.875248690034098, 21.238643060413839 ], [ -103.892305519973178, 21.238426660224615 ], [ -103.898362749930527, 21.226490020415078 ], [ -103.903062949729758, 21.233419149940431 ], [ -103.917898709796475, 21.231027770135494 ], [ -103.93105689047691, 21.262547119812531 ], [ -103.935461849903746, 21.254176179564009 ], [ -103.924019979602065, 21.234571739911615 ], [ -103.945867230321852, 21.2380178501197 ], [ -103.958387709526704, 21.252754509694068 ], [ -103.973454030030425, 21.256328280432058 ], [ -104.006087920218917, 21.22804355008379 ], [ -104.017488849781415, 21.227201850042967 ], [ -104.016016000465797, 21.207458420217989 ], [ -104.029410369523902, 21.208664200432864 ], [ -104.027968820393497, 21.194672489555295 ], [ -104.052838520239703, 21.205413110096934 ], [ -104.056275400461345, 21.194139940097134 ], [ -104.067887549738813, 21.198199800198417 ], [ -104.068586400222458, 21.186773280426273 ], [ -104.080977880311892, 21.18969113995761 ], [ -104.08565925964632, 21.20536110971565 ], [ -104.088799690252188, 21.196129149970204 ], [ -104.100037090249188, 21.200867449839293 ], [ -104.110844849932221, 21.18859571038486 ], [ -104.124045779616893, 21.196267369895953 ], [ -104.159513510187367, 21.184560289699206 ], [ -104.202793660231492, 21.192832430265447 ], [ -104.219397980183871, 21.176610579753756 ], [ -104.225170549581918, 21.151208750247086 ], [ -104.210598719527027, 21.130927690452143 ], [ -104.210860320272573, 21.118601420018631 ], [ -104.220843080173083, 21.101363379609708 ], [ -104.221810450203819, 21.070024620183009 ], [ -104.23479340024798, 21.067681479837287 ], [ -104.239235539740079, 21.057071580124838 ], [ -104.225164000125162, 21.0505269204298 ], [ -104.226550080025334, 21.04429616966549 ], [ -104.242712910395255, 21.02733163041907 ], [ -104.223195709657773, 21.001263659916081 ], [ -104.238474250111551, 20.992150820095276 ], [ -104.233129450393989, 20.968743370204511 ], [ -104.201306349865831, 20.959242179858535 ], [ -104.206587779560138, 20.936373350337753 ], [ -104.221072000046505, 20.941525659656968 ], [ -104.228753420120981, 20.935581750061061 ], [ -104.267879549607855, 20.887461079952068 ], [ -104.290916120201729, 20.887795739651292 ], [ -104.279110800259289, 20.864518660245995 ], [ -104.290692970159583, 20.862340630439558 ], [ -104.295415890050251, 20.845496059694785 ], [ -104.308815400470479, 20.846807309810874 ], [ -104.318417370013222, 20.838572649739291 ], [ -104.334257579616164, 20.846662290076996 ], [ -104.361768489722891, 20.840931019838635 ], [ -104.357104749734219, 20.819873859747254 ], [ -104.364059380092201, 20.813932979850158 ], [ -104.350402339894359, 20.811643969682613 ], [ -104.375892149777798, 20.784072970448058 ], [ -104.375220370443586, 20.775439449702933 ], [ -104.358249379857071, 20.790532600072495 ], [ -104.335794779737995, 20.789884200301046 ], [ -104.328322319616461, 20.798097680282613 ], [ -104.297617400008832, 20.770795200201292 ], [ -104.282856249664945, 20.78348057990878 ], [ -104.241815689983781, 20.713433520247836 ], [ -104.248149379515738, 20.699628259559042 ], [ -104.243297619936641, 20.691745690096546 ], [ -104.253159800116904, 20.682296380224908 ], [ -104.236460740447441, 20.662897199629047 ], [ -104.260389539629799, 20.642835549912132 ], [ -104.246923820261443, 20.631492400405438 ], [ -104.253767140383189, 20.630608350202309 ], [ -104.253639829936418, 20.603418710367762 ], [ -104.28201095007563, 20.628993349631561 ], [ -104.288486599695261, 20.689156620209239 ], [ -104.305645510425023, 20.694169570233953 ], [ -104.324115120081657, 20.717543519898758 ], [ -104.35079808017008, 20.725339689603551 ], [ -104.363719600226787, 20.744410910055276 ], [ -104.377548710148176, 20.742373419615504 ], [ -104.384208940376396, 20.766478620401692 ], [ -104.414124619717896, 20.793770250248336 ], [ -104.427260309592199, 20.791021619625283 ], [ -104.435735859625154, 20.805764830308654 ], [ -104.458408859707816, 20.806515579690977 ], [ -104.499938139702977, 20.838186459696548 ], [ -104.506394349797034, 20.860844939648672 ], [ -104.519491620207887, 20.869151200412205 ], [ -104.524442029645769, 20.885761889810375 ], [ -104.534624539698342, 20.884035620137283 ], [ -104.542852280405484, 20.911939570163156 ], [ -104.556921690031217, 20.924152380172398 ], [ -104.583481599822946, 20.934437770107408 ], [ -104.61356956980751, 20.923037309780181 ], [ -104.628532720095464, 20.923865689655795 ], [ -104.638093739884738, 20.934125141299436 ], [ -104.656375400319902, 20.932391050685304 ], [ -104.661441340011578, 20.943977319885878 ], [ -104.680999969555728, 20.943840620932335 ], [ -104.681057920383822, 20.960666689767173 ], [ -104.729362769871202, 20.983154140733841 ], [ -104.728473369558159, 21.011404860504822 ], [ -104.771712350253367, 21.00860108085277 ], [ -104.782462150089401, 21.023359061052265 ], [ -104.810181599758636, 21.012012830971123 ], [ -104.838098909884977, 21.020008580949831 ], [ -104.841190479791706, 21.006723450968124 ], [ -104.866868950240757, 20.99520137034018 ], [ -104.900627480216627, 20.962747201155963 ], [ -104.900526019947335, 20.946340660219239 ], [ -104.953163889910257, 20.930134340622196 ], [ -104.967244049751187, 20.909508091153288 ], [ -104.990373689620867, 20.921562849901239 ], [ -105.003394089639428, 20.910857539701219 ], [ -105.006332250304339, 20.922536371104957 ], [ -105.03161334000562, 20.909171230623134 ], [ -105.047439970133595, 20.934385801290009 ], [ -105.08070122023868, 20.931380179623439 ], [ -105.098641479530386, 20.919434109752931 ], [ -105.111957079768828, 20.900430320053605 ], [ -105.141856620431938, 20.887167250415867 ], [ -105.141194049636624, 20.875605819623949 ], [ -105.160563309915673, 20.857415230327589 ], [ -105.155405370120732, 20.853064709808979 ], [ -105.162787800310994, 20.848689999749347 ], [ -105.161636019941071, 20.83114014022965 ], [ -105.174077340329077, 20.813344749699418 ], [ -105.170974350138749, 20.79610861955539 ], [ -105.162275679710689, 20.792519279637649 ], [ -105.173396550245911, 20.767711379707706 ], [ -105.196961140289019, 20.777171029743148 ], [ -105.205825489974785, 20.764144850398129 ], [ -105.239915779995897, 20.747351280121624 ], [ -105.242572660068774, 20.7042415400681 ], [ -105.255947019986749, 20.702766200262619 ], [ -105.261252289766503, 20.679816179844977 ], [ -105.27840508955839, 20.681981720041904 ], [ -105.276334939576998, 20.671994740092515 ], [ -105.288276667166087, 20.673365279635373 ], [ -105.313019004405206, 20.728552762433814 ], [ -105.347678520394695, 20.759691300398437 ], [ -105.363737310004552, 20.762159060914328 ], [ -105.398977339567892, 20.734645320008525 ], [ -105.466441446431531, 20.755697252029005 ], [ -105.47589595306178, 20.75218759059252 ], [ -105.510613963397418, 20.771816891771927 ], [ -105.533108018176264, 20.757422536699472 ], [ -105.538313032305354, 20.762229863690717 ], [ -105.52703005972198, 20.789230303992635 ], [ -105.519480229730817, 20.792213120272951 ], [ -105.507249918185636, 20.782623114986109 ], [ -105.487845808286806, 20.796418519246075 ], [ -105.452909695970604, 20.874390702352127 ], [ -105.442769393944374, 20.870426576094843 ], [ -105.432915725654851, 20.877129586516084 ], [ -105.401755729315738, 20.93161743268141 ], [ -105.359700420304577, 20.954888110080518 ], [ -105.345116245809962, 20.979336079473867 ], [ -105.331880059176456, 20.985671855829153 ], [ -105.31872699379781, 21.005306509420585 ], [ -105.313504935900426, 21.035150313907387 ], [ -105.273194486853683, 21.023498093152138 ], [ -105.238147485386023, 21.058102177575851 ], [ -105.228667712678785, 21.106172049139428 ], [ -105.23898256953008, 21.132292120299486 ], [ -105.224016563525964, 21.15943214437636 ], [ -105.232367277534365, 21.164942960032192 ], [ -105.233253419550735, 21.180683079755134 ], [ -105.216382290377368, 21.205007149976229 ], [ -105.229454818327085, 21.299853641098448 ], [ -105.248188550213882, 21.347291380077976 ], [ -105.239665337005562, 21.353063706820706 ], [ -105.230696619690676, 21.386409949721248 ], [ -105.220387406210023, 21.387495253804811 ], [ -105.220126947775313, 21.404702120375422 ], [ -105.203360478187875, 21.43578285868934 ], [ -105.188945208673147, 21.444364372068517 ], [ -105.187860339761173, 21.458295769772434 ], [ -105.201893045741286, 21.481282899581128 ], [ -105.198281024239236, 21.491653780096211 ], [ -105.22887965222715, 21.523592057585727 ], [ -105.243032685783263, 21.526594938335339 ], [ -105.248172321530134, 21.512418109202091 ], [ -105.265499556698884, 21.51185179657142 ], [ -105.411354288258664, 21.60209873229919 ], [ -105.44129980474203, 21.627856397953774 ], [ -105.533716243836849, 21.812259655334437 ], [ -105.631509152101927, 21.963109345316791 ], [ -105.654291700123892, 22.042856009468082 ], [ -105.649193775075759, 22.174296247973107 ], [ -105.636513790554005, 22.181474897738969 ], [ -105.645752162681347, 22.196957114904858 ], [ -105.685416686201293, 22.374677590249146 ], [ -105.75961972358165, 22.537573646296469 ], [ -105.750212079616048, 22.539336079931307 ], [ -105.714116260348248, 22.4749460602482 ], [ -105.692476820002227, 22.467176940113607 ], [ -105.677035800440891, 22.468135109625035 ], [ -105.671105779828551, 22.48156241985771 ], [ -105.698828370404172, 22.567877569696609 ], [ -105.660562029606055, 22.586362980017451 ], [ -105.639212980392045, 22.576984580320115 ], [ -105.642158420444446, 22.593888649551875 ], [ -105.630949519906352, 22.592980150210245 ], [ -105.622036459928623, 22.571425520396019 ], [ -105.60047657965832, 22.558887800140695 ], [ -105.597345150435089, 22.536304600068327 ], [ -105.541675940224536, 22.536536879614083 ], [ -105.533596319969277, 22.515031230220437 ], [ -105.521938060044477, 22.520995279701125 ], [ -105.509566579984721, 22.516962709986515 ], [ -105.503179350052534, 22.527681859978635 ], [ -105.474060288431517, 22.502900429686019 ], [ -105.441724689866646, 22.524268431103657 ], [ -105.436930460133084, 22.581907399543347 ], [ -105.45598640038672, 22.598739089809495 ], [ -105.449572109965828, 22.624596539659496 ], [ -105.472680619579833, 22.627185000110924 ], [ -105.460390940093973, 22.647549939640797 ], [ -105.463963109981862, 22.65923830978317 ], [ -105.498063849791748, 22.651390749891885 ], [ -105.52289345969227, 22.724334799878569 ], [ -105.514082229959442, 22.759328450166386 ], [ -105.524772230141011, 22.774769890112996 ], [ -105.519905579995182, 22.772774000013023 ], [ -105.50240928025849, 22.809776780218229 ], [ -105.494968859940883, 22.810518890263751 ], [ -105.487197309883697, 22.839111169662662 ], [ -105.474588630379287, 22.851416020128738 ], [ -105.484201289928876, 22.858702969955232 ], [ -105.471219910045249, 22.883285950002808 ], [ -105.498653579593437, 22.933561150232606 ], [ -105.501263920396681, 22.95856004964892 ], [ -105.453311350362327, 22.977401800255954 ], [ -105.432594569786374, 23.023968799705141 ], [ -105.408950340367468, 23.023640819603429 ], [ -105.412996490074093, 23.074099200240646 ], [ -105.383567340343191, 23.081741580049943 ] ] ] ] } },
{ "type": "Feature", "properties": { "fid": 19, "CVEGEO": "19", "CVE_ENT": "19", "NOMGEO": "Nuevo León", "PibCalc25": 2094202, "SUP": 64156.254031482371, "Long_Carret": 6020.142, "Municipios": 51, "UE": 207781, "Dens_Carret": 0.09384, "Dens_UE": 3.23867 }, "geometry": { "type": "MultiPolygon", "coordinates": [ [ [ [ -100.187997480207969, 27.798721970439473 ], [ -99.998844829980499, 27.615279399919288 ], [ -99.843222580227476, 27.769862819759041 ], [ -99.832845049573322, 27.762745289733637 ], [ -99.813370970029013, 27.774251350331614 ], [ -99.796503400129168, 27.73588217013441 ], [ -99.769360680161228, 27.730887880348288 ], [ -99.73622986033331, 27.690710219981888 ], [ -99.728146739896644, 27.679126220271328 ], [ -99.926418279851006, 27.549156999933942 ], [ -99.919153629515051, 27.491515180426362 ], [ -99.760378819922153, 27.436958719864993 ], [ -99.74767041949444, 27.277246999930309 ], [ -99.678918750181111, 27.102448289763778 ], [ -99.658911659749123, 27.088189080172068 ], [ -99.650052829523958, 27.065857890223636 ], [ -99.734168120343256, 26.920612859671973 ], [ -99.770131489628866, 26.928418219766584 ], [ -99.766668890450177, 26.889841909848808 ], [ -99.747661369668705, 26.900243819582936 ], [ -99.744346320495794, 26.912156369605203 ], [ -99.723996679518251, 26.906125949770953 ], [ -99.721102290334471, 26.896503740132339 ], [ -99.710442600337217, 26.896752400225154 ], [ -99.70992998007884, 26.905879000163871 ], [ -99.697883970141817, 26.8985668600777 ], [ -99.694020419535647, 26.909299340282899 ], [ -99.687222909581948, 26.894546999553043 ], [ -99.661390519524915, 26.900838520426117 ], [ -99.644333489944216, 26.885567650388577 ], [ -99.630030120362974, 26.89029042043375 ], [ -99.627052569854087, 26.870457830402881 ], [ -99.611219049705056, 26.873475849927146 ], [ -99.591046630184181, 26.862548049732435 ], [ -99.580842820270689, 26.830112549967879 ], [ -99.61285399959911, 26.791630150162742 ], [ -99.61117014985021, 26.782489969637442 ], [ -99.622852479904097, 26.769227769672074 ], [ -99.616143580040003, 26.75436350980717 ], [ -99.618581459591653, 26.726470540209096 ], [ -99.657194829682282, 26.695117979877438 ], [ -99.663196620320647, 26.682911579860015 ], [ -99.659164460340463, 26.670365139667151 ], [ -99.538335249764856, 26.664595619762142 ], [ -99.396824819506733, 26.596565539678171 ], [ -99.409832149588212, 26.442836800399359 ], [ -99.430946580081113, 26.351301139674714 ], [ -99.401236119655394, 26.30479914019411 ], [ -99.364150259534284, 26.329270149785014 ], [ -99.260001570208132, 26.252849980086538 ], [ -99.197835969980417, 26.258682319654493 ], [ -99.160077480202403, 26.061229549987143 ], [ -99.126311820047775, 26.054022889646863 ], [ -99.130906660435073, 26.068816399611958 ], [ -99.119892369633803, 26.066513890189409 ], [ -99.114734180426396, 26.075966889934296 ], [ -99.097668860321662, 26.080746769659829 ], [ -99.093331619807174, 26.070509429773569 ], [ -99.076542079955729, 26.071864019890015 ], [ -99.062535350337996, 26.080135430051772 ], [ -99.062539340231737, 26.090719089713307 ], [ -99.04499206028747, 26.098705139775319 ], [ -99.025032479807962, 26.093429489839409 ], [ -99.02387220048044, 26.104102449996624 ], [ -98.900751950201553, 25.968322740139211 ], [ -98.823226549809377, 26.0476486800058 ], [ -98.585126060300311, 26.017917599805585 ], [ -98.58175157963764, 25.489361740021863 ], [ -98.421576080165366, 25.489355539944331 ], [ -98.423131659943095, 25.447492909697264 ], [ -98.929027580457955, 25.077270310009773 ], [ -98.934281600291825, 25.080162980222234 ], [ -98.934169940242427, 25.072763180052508 ], [ -99.019055889692766, 25.069925309722031 ], [ -99.014182180228602, 25.080607120225583 ], [ -99.02952247980798, 25.096392820132252 ], [ -99.02880203037742, 25.110354910235539 ], [ -99.052468139662821, 25.127132629854291 ], [ -99.077869249596887, 25.101433549986009 ], [ -99.071458460272027, 25.096112110039162 ], [ -99.081944450188274, 25.073711799695253 ], [ -99.097695220325491, 25.078036339693167 ], [ -99.0976131100104, 25.063121119729619 ], [ -99.135092799574053, 25.050380019928919 ], [ -99.160591940105121, 25.055277309927686 ], [ -99.166977579765103, 25.046289459973451 ], [ -99.156516509692082, 25.027847829752709 ], [ -99.164904749619993, 25.029511400189936 ], [ -99.180949540409415, 25.011541550021313 ], [ -99.158942910338766, 24.915988169963416 ], [ -99.207433349876794, 24.86139215000582 ], [ -99.181971259886993, 24.776041059963351 ], [ -99.1886531203114, 24.780679600145877 ], [ -99.212885480381303, 24.771674849553772 ], [ -99.294928489705924, 24.804143710011857 ], [ -99.297195619707864, 24.794116910355019 ], [ -99.317867770193445, 24.789830569710503 ], [ -99.331665289968498, 24.776243110077441 ], [ -99.364376689768477, 24.77175545975242 ], [ -99.389412429672248, 24.739792569719718 ], [ -99.422943819572836, 24.736750369570732 ], [ -99.430728020465708, 24.725758340351643 ], [ -99.448076550369592, 24.73220643043264 ], [ -99.47773549027805, 24.712620969601311 ], [ -99.500726060128827, 24.679171260108351 ], [ -99.499452279600646, 24.641257950251184 ], [ -99.537935689941264, 24.622428819989246 ], [ -99.545063020033595, 24.626516600401054 ], [ -99.546220520333563, 24.613074770439713 ], [ -99.557206109775024, 24.608714800071624 ], [ -99.576076309757482, 24.623597120130025 ], [ -99.609448579988126, 24.622490079841846 ], [ -99.704685680479614, 24.575869170150892 ], [ -99.732977770041188, 24.553990780154859 ], [ -99.719803859719079, 24.483710430066385 ], [ -99.636379320206018, 24.506670249647527 ], [ -99.589931110005068, 24.39614237038742 ], [ -99.594289740315986, 24.330913220389387 ], [ -99.647817829974244, 24.218095049909497 ], [ -99.657080630077132, 24.117996580381238 ], [ -99.570901710277539, 24.039366909645054 ], [ -99.541892710059756, 24.033649170173263 ], [ -99.54091206020756, 23.997271629867939 ], [ -99.520024859631931, 23.990578139621103 ], [ -99.486939860225434, 23.96050061994567 ], [ -99.456870718774283, 23.866063049737981 ], [ -99.493791079885696, 23.878692980077606 ], [ -99.576680849578295, 23.775462060039015 ], [ -99.602167479773584, 23.762870879987211 ], [ -99.619486320414751, 23.759662400350155 ], [ -99.683377739841362, 23.776648200170396 ], [ -99.769013890092708, 23.784488120452313 ], [ -99.860659980401138, 23.77446249004274 ], [ -99.961187630020063, 23.556889770306633 ], [ -99.921253400277351, 23.379191339635582 ], [ -99.982502480452652, 23.392367259803777 ], [ -100.080261430186042, 23.395748199580385 ], [ -100.144950220071436, 23.339515180163023 ], [ -100.078041120445207, 23.305983910190182 ], [ -100.101895289681963, 23.231080400769041 ], [ -100.228236510049129, 23.250476149783751 ], [ -100.206364230241647, 23.307108860117044 ], [ -100.218237720303492, 23.31013434985044 ], [ -100.220166450139644, 23.297931720055651 ], [ -100.278434980075232, 23.310368400349152 ], [ -100.306256939586689, 23.260942119595754 ], [ -100.374316570057246, 23.265323820032052 ], [ -100.363764309811472, 23.189005380031272 ], [ -100.32351520039758, 23.195627450091049 ], [ -100.331757940369627, 23.162683179970823 ], [ -100.479849679542255, 23.194365350276925 ], [ -100.483869090395189, 23.208832019598773 ], [ -100.457083249917375, 23.366409600444179 ], [ -100.517211320411718, 23.421042849811876 ], [ -100.494168679954669, 23.528406399694912 ], [ -100.459176110230274, 23.511566110344219 ], [ -100.469544950274809, 23.566783109964774 ], [ -100.491636889683903, 23.568612509934134 ], [ -100.477378629642715, 23.633818690209697 ], [ -100.463350540106688, 23.653140199838685 ], [ -100.454355120166156, 23.649904549902271 ], [ -100.449844600358276, 23.656008939821238 ], [ -100.458328450484558, 23.660112550057818 ], [ -100.44572012005375, 23.677331519643026 ], [ -100.447100429872023, 23.696534520036629 ], [ -100.466483279842024, 23.688941030096782 ], [ -100.490302339852363, 23.739600880234949 ], [ -100.497706279931819, 23.736309710004807 ], [ -100.497601720262949, 23.798712690101212 ], [ -100.528791430287598, 23.816352630335146 ], [ -100.525529950346098, 23.839525909835881 ], [ -100.550298690133673, 23.842202580355973 ], [ -100.539845620186, 23.88839305967376 ], [ -100.549434310239633, 23.889314600078631 ], [ -100.546767799638317, 23.917436620203063 ], [ -100.562401619890267, 23.919641080111038 ], [ -100.541282660111108, 24.025747619599365 ], [ -100.52375899982286, 24.071454949599126 ], [ -100.538683260081001, 24.118516029675337 ], [ -100.519580020251908, 24.118382339884793 ], [ -100.516827490200754, 24.139896679748663 ], [ -100.613399889596266, 24.17394417963461 ], [ -100.593512539941173, 24.178200250440781 ], [ -100.585092909768207, 24.223925429954743 ], [ -100.633066479594873, 24.225980249895311 ], [ -100.599935519995, 24.348791050295915 ], [ -100.603533340362105, 24.401300059597475 ], [ -100.711210090288958, 24.491521830307388 ], [ -100.742324290458399, 24.460435460101209 ], [ -100.799934119799474, 24.556186079903881 ], [ -100.805472939537282, 24.596340121007461 ], [ -100.796978248822356, 24.750806910743975 ], [ -100.826132419976318, 24.835004570312581 ], [ -100.727495488895258, 24.918716549584396 ], [ -100.792063088830645, 24.979148180747117 ], [ -100.821505598728564, 24.996710830856628 ], [ -100.803130449578816, 25.16525845968458 ], [ -100.708887779902597, 25.236457570160674 ], [ -100.591962420396243, 25.255050021199558 ], [ -100.472517379059838, 25.231195661275834 ], [ -100.33200741991358, 25.186285219702185 ], [ -100.325550120362536, 25.222258750617904 ], [ -100.261383509363085, 25.207070570709845 ], [ -100.229575599413778, 25.2179165112763 ], [ -100.24719536875817, 25.230174490364501 ], [ -100.234420508662964, 25.235496429861829 ], [ -100.262510119961917, 25.254022799902966 ], [ -100.243141909371829, 25.267443350608499 ], [ -100.254138429525753, 25.306908770751505 ], [ -100.263974508504987, 25.30529340042952 ], [ -100.313023449289574, 25.336367219753576 ], [ -100.326803709781302, 25.340356479641532 ], [ -100.414560680121937, 25.326998111346246 ], [ -100.470098818984113, 25.337789851286985 ], [ -100.45187836887628, 25.410810720353503 ], [ -100.493551430433271, 25.430840741085234 ], [ -100.52270309003643, 25.43432472024713 ], [ -100.517463780253422, 25.449036600253027 ], [ -100.525413090372041, 25.449753851061985 ], [ -100.530883149632146, 25.463467650027571 ], [ -100.58488908858719, 25.470813050744404 ], [ -100.579510309230884, 25.494543979575884 ], [ -100.61909057970098, 25.505691080840641 ], [ -100.59975033939719, 25.519959521055892 ], [ -100.529699320181891, 25.514392881234507 ], [ -100.538435908624876, 25.531853920548659 ], [ -100.614732539397892, 25.542346911152823 ], [ -100.611959769492913, 25.551399370358084 ], [ -100.632901848937905, 25.571299350188546 ], [ -100.690286340475311, 25.567100780124104 ], [ -100.719916479690511, 25.603066950434588 ], [ -100.729772888962259, 25.633895659906464 ], [ -100.783420247657091, 25.639678430032397 ], [ -100.787775279004549, 25.683597220994614 ], [ -100.805613950072356, 25.72430180036687 ], [ -100.861901399625637, 25.818478621268017 ], [ -100.8470687100139, 25.857885721061606 ], [ -100.83576556913745, 25.866594309853223 ], [ -100.82266893904827, 25.916884540831497 ], [ -100.834424880146784, 25.945042910184206 ], [ -100.905531649831588, 25.956945710148521 ], [ -100.904606088975555, 26.008702230225381 ], [ -100.916415660081029, 26.075610550551044 ], [ -100.94289801898411, 26.086789060095192 ], [ -100.982742049910755, 26.139477200123377 ], [ -101.047398178607239, 26.169846019813995 ], [ -101.068574659132551, 26.189031031078013 ], [ -101.097619690188495, 26.252910420075079 ], [ -101.206762710050612, 26.369778200344545 ], [ -100.75303544994533, 26.735207799711436 ], [ -100.691228889850279, 26.613789420299554 ], [ -100.614400199787795, 26.685638890363091 ], [ -100.590135830413161, 26.759520660375163 ], [ -100.53815574996807, 26.808558199811767 ], [ -100.551358660354722, 26.858729740161007 ], [ -100.540665800325527, 26.880969980269157 ], [ -100.544926290123811, 26.925348819590955 ], [ -100.538239399984249, 26.939719849933823 ], [ -100.545253879984742, 26.978355780235443 ], [ -100.533997849504701, 27.045584430160108 ], [ -100.674242489894027, 27.08460496963 ], [ -100.682718710331798, 27.111394579754396 ], [ -100.70810647982951, 27.099851890090239 ], [ -100.719659619951358, 27.079203379695834 ], [ -100.748620979877415, 27.081252820233207 ], [ -100.735835819945066, 27.047579719557252 ], [ -100.747713539539703, 27.036256779735378 ], [ -100.748530829775206, 27.049152689704179 ], [ -100.765863999656176, 27.063325149866884 ], [ -100.799436119998163, 27.045830750204789 ], [ -100.809606830448487, 27.06836783035914 ], [ -100.830561400127479, 27.073885480196932 ], [ -100.83412342031302, 27.195173969675071 ], [ -100.678006219766246, 27.33479730960768 ], [ -100.417699549848038, 27.393632750683345 ], [ -100.350609849851907, 27.684598550429381 ], [ -100.187997480207969, 27.798721970439473 ] ] ] ] } },
{ "type": "Feature", "properties": { "fid": 20, "CVEGEO": "20", "CVE_ENT": "20", "NOMGEO": "Oaxaca", "PibCalc25": 473969, "SUP": 93765.649482382956, "Long_Carret": 8239.37, "Municipios": 570, "UE": 279836, "Dens_Carret": 0.08787, "Dens_UE": 2.98442 }, "geometry": { "type": "MultiPolygon", "coordinates": [ [ [ [ -96.231332290828576, 15.687225902680064 ], [ -96.227118621832858, 15.687061564000517 ], [ -96.228251285229419, 15.685270021461458 ], [ -96.231332290828576, 15.687225902680064 ] ] ], [ [ [ -96.222104554147421, 15.690943097736325 ], [ -96.223573195374797, 15.690207513776958 ], [ -96.223325727068939, 15.690839963656128 ], [ -96.222104554147421, 15.690943097736325 ] ] ], [ [ [ -96.163999349454912, 15.718176604491815 ], [ -96.16021829730488, 15.71818003860785 ], [ -96.161455489703087, 15.716388195046095 ], [ -96.163999349454912, 15.718176604491815 ] ] ], [ [ [ -96.119760361207824, 15.74745856178914 ], [ -96.118042070353752, 15.747569118921785 ], [ -96.118596131371149, 15.747043902926309 ], [ -96.119760361207824, 15.74745856178914 ] ] ], [ [ [ -96.117252607847178, 15.748241091123287 ], [ -96.11706583087259, 15.747778190815806 ], [ -96.11760432240041, 15.748002733830836 ], [ -96.117252607847178, 15.748241091123287 ] ] ], [ [ [ -96.116083311120406, 15.748915824650703 ], [ -96.115840194814695, 15.748610484875233 ], [ -96.115973997628828, 15.748532348146531 ], [ -96.116083311120406, 15.748915824650703 ] ] ], [ [ [ -96.116526294449741, 15.749152806033427 ], [ -96.116243729415672, 15.749139188736493 ], [ -96.116427590780219, 15.748867514492542 ], [ -96.116526294449741, 15.749152806033427 ] ] ], [ [ [ -96.085098886366097, 15.763720158479567 ], [ -96.082760379474905, 15.764040636580358 ], [ -96.083819579214136, 15.762527942093064 ], [ -96.085098886366097, 15.763720158479567 ] ] ], [ [ [ -96.094731552156475, 15.771962670782283 ], [ -96.095036424352813, 15.771626680786913 ], [ -96.095113222545024, 15.771789512977596 ], [ -96.094731552156475, 15.771962670782283 ] ] ], [ [ [ -97.352965294124402, 15.937609913044948 ], [ -97.351882812705625, 15.936374072996712 ], [ -97.352791518285443, 15.936617197520459 ], [ -97.352965294124402, 15.937609913044948 ] ] ], [ [ [ -95.576365587316729, 15.941864562663925 ], [ -95.574275526274107, 15.940351941218607 ], [ -95.576885206066763, 15.941400378322948 ], [ -95.576365587316729, 15.941864562663925 ] ] ], [ [ [ -96.682144879621319, 18.668841720412789 ], [ -96.560947090028122, 18.58769862024322 ], [ -96.525474999660403, 18.587773600269912 ], [ -96.517505110216845, 18.581573169851147 ], [ -96.49974932035299, 18.589502420391128 ], [ -96.457308829795053, 18.570437419906554 ], [ -96.455028780143749, 18.549285319566188 ], [ -96.420761979776785, 18.510457800165842 ], [ -96.411185510308172, 18.476921059694753 ], [ -96.418022569984473, 18.470482079551214 ], [ -96.404597110360129, 18.467777970198423 ], [ -96.40298454027679, 18.439919400386064 ], [ -96.389337309962357, 18.44048074987391 ], [ -96.389248080222103, 18.428376519640377 ], [ -96.376195770300797, 18.424648550158814 ], [ -96.36173145979906, 18.407075679999895 ], [ -96.352587769813013, 18.410247340321543 ], [ -96.344554049550837, 18.398507659661874 ], [ -96.34534280047842, 18.379695459696936 ], [ -96.331068090362734, 18.379228379979047 ], [ -96.335053310426957, 18.372517339682652 ], [ -96.31732790976983, 18.364537250358051 ], [ -96.314992749541005, 18.331389379861168 ], [ -96.305609920369093, 18.329029829738001 ], [ -96.30994785986708, 18.322353339713025 ], [ -96.270763749232643, 18.297823350494827 ], [ -96.278576148785362, 18.283818399614745 ], [ -96.269163920391719, 18.273984180496509 ], [ -96.2882367094508, 18.259761421288967 ], [ -96.266818058902828, 18.245662060926893 ], [ -96.267993548719105, 18.224451630353791 ], [ -96.231003050338131, 18.189726779572915 ], [ -96.217478089179352, 18.161967400508331 ], [ -96.170691029786653, 18.186383981052014 ], [ -96.170235279182052, 18.169802451063543 ], [ -96.187195679596172, 18.166748890919465 ], [ -96.182810000426244, 18.157817680317162 ], [ -96.188282050117124, 18.151302941169131 ], [ -96.179666048537115, 18.140566051248456 ], [ -96.154225938943824, 18.131804889550445 ], [ -96.143625518863786, 18.140148970538917 ], [ -96.136715079176895, 18.134035630370004 ], [ -96.124128218901362, 18.14037752061499 ], [ -96.114316479960763, 18.1640713197033 ], [ -96.09918360027001, 18.166843310324325 ], [ -96.0842263993366, 18.162534320509888 ], [ -96.066383088562233, 18.131588581153455 ], [ -96.056978819602051, 18.134019971337139 ], [ -96.051388999601286, 18.126738251223124 ], [ -96.046873709079961, 18.136564539682336 ], [ -96.025689979260449, 18.133460980000823 ], [ -95.99106746036702, 18.151938880902829 ], [ -95.981537369531793, 18.142953219724021 ], [ -95.953459460007778, 18.159865119605911 ], [ -95.937254829648325, 18.156632740381283 ], [ -95.933341720057541, 18.141667540269165 ], [ -95.925737650004109, 18.146430779562419 ], [ -95.92219530990657, 18.14105695032859 ], [ -95.922132019640244, 18.150803969610475 ], [ -95.914646799896673, 18.152200480314715 ], [ -95.907161460041465, 18.135644489573814 ], [ -95.833166939515024, 18.129026830420646 ], [ -95.799924719594202, 17.950012570039664 ], [ -95.850204649735375, 17.844534319660543 ], [ -95.858815569974368, 17.844783490034647 ], [ -95.849336419722547, 17.825847919780802 ], [ -95.855785659863841, 17.805556800123743 ], [ -95.868955630210138, 17.796624939816382 ], [ -95.866390400357417, 17.774352829908501 ], [ -95.89292430938886, 17.765141321116083 ], [ -95.902773648809841, 17.732652679831805 ], [ -95.892107618913727, 17.720606800157146 ], [ -95.872809718806309, 17.727409051067973 ], [ -95.873396288989412, 17.71713383122847 ], [ -95.894020429298251, 17.712319980832923 ], [ -95.895293290288535, 17.704493949828745 ], [ -95.871018349761485, 17.702168919626047 ], [ -95.867511629770462, 17.684839339904688 ], [ -95.844041540164042, 17.673120650074015 ], [ -95.830633540348842, 17.652625030406412 ], [ -95.808006319857952, 17.646800479920604 ], [ -95.80330559968651, 17.629365749579339 ], [ -95.781114339871351, 17.638876879784828 ], [ -95.773658459943974, 17.605850399676243 ], [ -95.803485779952297, 17.607100290328944 ], [ -95.807549569845833, 17.591841580113947 ], [ -95.791852579957876, 17.586363289902362 ], [ -95.792983849717373, 17.601434380148024 ], [ -95.781751249906932, 17.603028260036396 ], [ -95.771480380094289, 17.599698049676274 ], [ -95.771555570051802, 17.588686450180234 ], [ -95.726896880260298, 17.578029049749137 ], [ -95.72514937015336, 17.536226080124703 ], [ -95.706575650394427, 17.534019370115853 ], [ -95.702236060045394, 17.518534180453873 ], [ -95.685154220101481, 17.537531739864455 ], [ -95.648470799996787, 17.539889089931204 ], [ -95.654104349866842, 17.560392799710641 ], [ -95.644492080170608, 17.546544320093471 ], [ -95.607089480419049, 17.539818149919071 ], [ -95.605119780105625, 17.549012659858391 ], [ -95.598752260015004, 17.534614969763282 ], [ -95.579566979747312, 17.537576419697341 ], [ -95.568815119818197, 17.551239030186299 ], [ -95.559877489830484, 17.546773001244478 ], [ -95.555547139849736, 17.558641540358078 ], [ -95.53199629043614, 17.555834030093614 ], [ -95.525101920080118, 17.562109540072548 ], [ -95.531105660004954, 17.570611059811796 ], [ -95.524793220149448, 17.576024221271211 ], [ -95.517402310176294, 17.569618000031362 ], [ -95.521145050359479, 17.577391850388782 ], [ -95.502767250314264, 17.584395020038464 ], [ -95.506317230325138, 17.590770550090305 ], [ -95.48417995019966, 17.6018994813635 ], [ -95.479344140330625, 17.587829400158931 ], [ -95.463016450137587, 17.596393910060158 ], [ -95.47314134006065, 17.609113020391092 ], [ -95.454458920179604, 17.611102720037792 ], [ -95.456077800014697, 17.623087769817847 ], [ -95.446107380384348, 17.621759800930615 ], [ -95.426827799682727, 17.636570349832837 ], [ -95.425489949510194, 17.647472490424953 ], [ -95.418501649824293, 17.644044050066238 ], [ -95.413033509693065, 17.651861090373899 ], [ -95.407162170120657, 17.643332089712132 ], [ -95.386807689872754, 17.66385728970641 ], [ -95.367890739774083, 17.673656249612055 ], [ -95.351742449656555, 17.67184032041764 ], [ -95.343758750027263, 17.683659831198511 ], [ -95.334419170440739, 17.67480131049868 ], [ -95.316647980444188, 17.697577800079529 ], [ -95.306610780292417, 17.697155630390533 ], [ -95.309970510169492, 17.708555150618011 ], [ -95.297808519972321, 17.72214141999299 ], [ -95.292244180400658, 17.712422250690096 ], [ -95.279195479572451, 17.721894019690396 ], [ -95.267176579758527, 17.716712819570059 ], [ -95.269026050260095, 17.740934060194469 ], [ -95.258672999775399, 17.728543230275687 ], [ -95.238913000067924, 17.739264120309812 ], [ -95.182435349980622, 17.691062630179012 ], [ -95.188131600108221, 17.650701459594419 ], [ -95.195123170316151, 17.654853520188002 ], [ -95.201203089507231, 17.647411970992081 ], [ -95.207079999782991, 17.654349799573698 ], [ -95.21844762012779, 17.63932824963905 ], [ -95.241933419578743, 17.634957999575605 ], [ -95.24822562954931, 17.645978060314103 ], [ -95.259001110039549, 17.629010749947984 ], [ -95.248411230317927, 17.62558227984967 ], [ -95.271258049624009, 17.624734600204725 ], [ -95.270219620457354, 17.61573807997684 ], [ -95.278845400347194, 17.613242799886187 ], [ -95.264753250008255, 17.601563351314699 ], [ -95.253047979758023, 17.607806319592882 ], [ -95.076567399749521, 17.372933710403295 ], [ -94.966509179778257, 17.334367660125068 ], [ -94.950979680113221, 17.315649430282591 ], [ -94.927158079759906, 17.325141199831592 ], [ -94.890781550443094, 17.31105600005646 ], [ -94.889003770249033, 17.300078379881128 ], [ -94.914765820308503, 17.292577060013485 ], [ -94.913091060074166, 17.286234780078757 ], [ -94.901348689974583, 17.287452749954696 ], [ -94.909654720454625, 17.267976919706229 ], [ -94.895429029803338, 17.256378399735389 ], [ -94.909567660414439, 17.24278147994514 ], [ -94.911214110386325, 17.213705580463291 ], [ -94.923016719672319, 17.204130229677752 ], [ -94.922814780048398, 17.193788430263126 ], [ -93.867426770742412, 17.136964912862982 ], [ -94.139156000009322, 16.461786430469022 ], [ -94.050664849720022, 16.329713919689727 ], [ -94.032960999901647, 16.275944969985083 ], [ -94.043534370370267, 16.255686920338345 ], [ -94.03519555045682, 16.239553679740364 ], [ -94.048469920188509, 16.216171479896751 ], [ -94.109567599615701, 16.179101249694323 ], [ -94.102763690100034, 16.142515919582653 ], [ -94.036008109714444, 16.022094720227759 ], [ -94.000218830020643, 16.003088719715681 ], [ -94.273277029927286, 16.123267620393079 ], [ -94.42736023042437, 16.169844950431735 ], [ -94.540762216753151, 16.19196519365012 ], [ -94.699761599742018, 16.209910340333831 ], [ -94.83184505035841, 16.214536779584318 ], [ -94.904318599549271, 16.210246310242027 ], [ -95.070130779606245, 16.183364860046677 ], [ -95.142342020210791, 16.188650749781086 ], [ -95.157134860237463, 16.179388896124358 ], [ -95.151458952059784, 16.167748102787009 ], [ -95.188388198400546, 16.168418635060434 ], [ -95.194538659168458, 16.160981434733419 ], [ -95.194010237098695, 16.172774299844093 ], [ -95.202900223963482, 16.170608124875141 ], [ -95.196944404838504, 16.160728991044422 ], [ -95.197919984237828, 16.150311711032547 ], [ -95.202531378957687, 16.145650346639137 ], [ -95.198286910085557, 16.159909419850589 ], [ -95.212231309876913, 16.159366139757505 ], [ -95.213053356152201, 16.152091547663151 ], [ -95.234865874602832, 16.156222291726426 ], [ -95.248108913144435, 16.146941512667301 ], [ -95.247492319777237, 16.133342139991385 ], [ -95.28005207725252, 16.121130619811819 ], [ -95.275658970186498, 16.107403250131899 ], [ -95.350409169701479, 16.081640920194843 ], [ -95.378038000239428, 16.0463497198255 ], [ -95.368177182760164, 16.0206854330232 ], [ -95.424132749858558, 15.999712399808038 ], [ -95.435568674210643, 15.975810980046475 ], [ -95.485324263663216, 15.975762437042105 ], [ -95.497695805853397, 15.965609041362461 ], [ -95.568532165323191, 15.95778919858639 ], [ -95.584419689721244, 15.944475880259816 ], [ -95.605572230218101, 15.94245657960388 ], [ -95.613505739644992, 15.930762770008725 ], [ -95.662643392970082, 15.91235429910083 ], [ -95.770023659726206, 15.894602090063481 ], [ -95.780033580249722, 15.88475440020102 ], [ -95.776622715575002, 15.871291347399264 ], [ -95.833621419720416, 15.863718740086465 ], [ -95.954029400281684, 15.829636430344083 ], [ -95.980667110275661, 15.812303086891022 ], [ -96.053442220222365, 15.78725588015253 ], [ -96.063004987057468, 15.776175631069885 ], [ -96.066630519719027, 15.78093284954427 ], [ -96.076068823032898, 15.766061136995468 ], [ -96.094476333310794, 15.773556440153968 ], [ -96.099859228841069, 15.766815510549883 ], [ -96.095751724706176, 15.762161201055719 ], [ -96.107025611324744, 15.755586750157715 ], [ -96.111726910375339, 15.763200510079828 ], [ -96.120352972338281, 15.760683556140252 ], [ -96.118623104142628, 15.766142039047452 ], [ -96.119148964923639, 15.767115238550685 ], [ -96.122730648333132, 15.749837971872363 ], [ -96.131452562913552, 15.752607664706483 ], [ -96.127204779418236, 15.737850149414204 ], [ -96.145606388704863, 15.737747868035441 ], [ -96.152021993687882, 15.731396535219544 ], [ -96.143746863229595, 15.727694093364844 ], [ -96.166161068255903, 15.72283761366875 ], [ -96.19281690126418, 15.704590993727999 ], [ -96.202965301938008, 15.711925683360286 ], [ -96.205155029873694, 15.701586630332837 ], [ -96.225811455843669, 15.697631557082227 ], [ -96.237362790085783, 15.682467361355958 ], [ -96.351591830199538, 15.690172193815387 ], [ -96.364703314278586, 15.681842891163999 ], [ -96.426455681436209, 15.696030427372213 ], [ -96.453043779312409, 15.68116355476049 ], [ -96.464590050144366, 15.683231000432011 ], [ -96.481624674117185, 15.663316408260144 ], [ -96.495119337829465, 15.665577513589151 ], [ -96.494871134223487, 15.658019727583669 ], [ -96.545157980260313, 15.665278120037467 ], [ -96.55778515402281, 15.656865272943239 ], [ -96.701728896814885, 15.716936336939415 ], [ -96.860920227162865, 15.739064639339237 ], [ -96.935209556721674, 15.783127148269561 ], [ -97.024303724903049, 15.809790430398969 ], [ -97.049466556120109, 15.827984582267504 ], [ -97.046537695152026, 15.835592574267093 ], [ -97.061875444855048, 15.860078751648857 ], [ -97.083785521961744, 15.858608245146463 ], [ -97.142475619978228, 15.896983362317805 ], [ -97.212884368744653, 15.923366703635935 ], [ -97.33430693525581, 15.945739645388674 ], [ -97.358691272878204, 15.944431023736561 ], [ -97.367943025783106, 15.936646158199265 ], [ -97.422096583779279, 15.941444935812777 ], [ -97.531381698056975, 15.969210112944053 ], [ -97.564908427433949, 15.962945621049673 ], [ -97.655756910111478, 15.977796939952714 ], [ -97.67964633011421, 15.962102148450805 ], [ -97.785623374768477, 15.980747780308342 ], [ -97.962845233754635, 16.101198053879919 ], [ -98.107418492002694, 16.179279630368075 ], [ -98.186231970415065, 16.212238030397671 ], [ -98.204272850014746, 16.228544599971311 ], [ -98.296400946031952, 16.252713852362639 ], [ -98.42049725276803, 16.269477730001078 ], [ -98.552632450448954, 16.315952579781381 ], [ -98.533398449718007, 16.351582630140651 ], [ -98.470855369553064, 16.381155140003877 ], [ -98.399157829639904, 16.380512619920026 ], [ -98.349937629702609, 16.444448860046865 ], [ -98.359877919938597, 16.471705139830348 ], [ -98.352532279707688, 16.489431449759881 ], [ -98.368838350445543, 16.491178459619722 ], [ -98.368331659955558, 16.500851770188149 ], [ -98.387332939575515, 16.497786320144776 ], [ -98.38332396985389, 16.512656140081507 ], [ -98.395139399706608, 16.546836430242966 ], [ -98.340279829805723, 16.558169200106303 ], [ -98.329970000065416, 16.572748260251341 ], [ -98.291703260337627, 16.570065520325812 ], [ -98.29282949005858, 16.557780579746073 ], [ -98.269426570024265, 16.558455479758369 ], [ -98.203364219201177, 16.587180420479431 ], [ -98.193775780126799, 16.621462691322726 ], [ -98.214206379765827, 16.618795401199911 ], [ -98.228458779159737, 16.639503711310027 ], [ -98.233066679603709, 16.670633401270283 ], [ -98.246311999365517, 16.672366749925516 ], [ -98.243442290045692, 16.696700080851841 ], [ -98.233534550055751, 16.717366320355534 ], [ -98.22134677978805, 16.708547939609929 ], [ -98.20154461874796, 16.712671820642871 ], [ -98.205516949895909, 16.698016230067175 ], [ -98.20027105963284, 16.697235090633519 ], [ -98.175210769954603, 16.71800357131875 ], [ -98.138993999765759, 16.723783800878056 ], [ -98.124236710114459, 16.749640650736506 ], [ -98.134745979869948, 16.751505741271341 ], [ -98.135177830416211, 16.75839310997566 ], [ -98.120503740367255, 16.754729660449726 ], [ -98.108157029564339, 16.760951379556598 ], [ -98.072333890441598, 16.874249549645672 ], [ -98.111261309951985, 16.958868399751331 ], [ -98.057494399186041, 17.023776460336514 ], [ -98.030157739941757, 17.015757060710989 ], [ -98.007276400266576, 17.040137340327064 ], [ -98.080913970294233, 17.066581200399867 ], [ -98.118010740264907, 17.095515290381005 ], [ -98.150008779607504, 17.102431349930818 ], [ -98.15342388984638, 17.110402939625654 ], [ -98.222599540445131, 17.122149680202334 ], [ -98.225045980267865, 17.152279919625919 ], [ -98.217681140412481, 17.186864319869517 ], [ -98.205117229905298, 17.191024229603052 ], [ -98.200400050375052, 17.203811969577874 ], [ -98.203136229990392, 17.216287420250257 ], [ -98.244342419958926, 17.251466890231214 ], [ -98.277192120205086, 17.250076429982414 ], [ -98.2884833203331, 17.238220399976619 ], [ -98.323495219879206, 17.275944149616443 ], [ -98.304810520060812, 17.327519829857597 ], [ -98.287373180064662, 17.329011149638475 ], [ -98.304914780329, 17.394303770059381 ], [ -98.335850749604816, 17.456304630209328 ], [ -98.329013510206806, 17.478727889599391 ], [ -98.311884280130826, 17.47749221968229 ], [ -98.320297620420234, 17.50688208018828 ], [ -98.330827290141912, 17.511763280239894 ], [ -98.329451830014861, 17.532980950203978 ], [ -98.376971579608011, 17.605349059664938 ], [ -98.410151940123228, 17.599768739637575 ], [ -98.433107920020888, 17.622995350169937 ], [ -98.450504650465263, 17.6333451797266 ], [ -98.461044739609392, 17.630358859748394 ], [ -98.470704549560139, 17.678095980225763 ], [ -98.48617250994802, 17.680992219958785 ], [ -98.486698999894557, 17.733731549692219 ], [ -98.496342680155735, 17.768809449801726 ], [ -98.424956980079401, 17.839594509987702 ], [ -98.424891779542207, 17.865989769778228 ], [ -98.398755380184213, 17.860911919557999 ], [ -98.382603949848374, 17.883669740011726 ], [ -98.362861709950593, 17.881633799555477 ], [ -98.349073429579903, 17.893172800231618 ], [ -98.328824910407178, 17.878926460105387 ], [ -98.302074599714501, 17.893108049860523 ], [ -98.300830920351814, 17.907861480363753 ], [ -98.282310149569852, 17.935150320283142 ], [ -98.273323019616043, 17.922365370439497 ], [ -98.262230320159276, 17.926876920057989 ], [ -98.270196620049902, 17.915598710308668 ], [ -98.25848417041793, 17.903297079834626 ], [ -98.25477489027395, 17.883626539568617 ], [ -98.209746400342254, 17.87975813980449 ], [ -98.202757579822816, 17.892403859566663 ], [ -98.17091111045626, 17.902058369885172 ], [ -98.165104850068118, 17.917787860079134 ], [ -98.172532029711192, 17.925373539998404 ], [ -98.169609859795258, 17.952833950397526 ], [ -98.129920770183318, 17.977975419654584 ], [ -98.130394370409462, 17.988084170437869 ], [ -98.113026149541781, 17.978425230114272 ], [ -98.064117829744291, 17.985576569547565 ], [ -98.046713750089566, 17.976205800553316 ], [ -98.029786849502997, 17.991836451333199 ], [ -97.99958531988328, 17.97552582957881 ], [ -97.986469060141161, 17.978599889995756 ], [ -97.97937669030874, 17.964441649636893 ], [ -97.967562879993196, 17.970701650274567 ], [ -97.937380319864303, 17.967900849801829 ], [ -97.934958079529849, 17.961018770379336 ], [ -97.948849140219735, 17.948156079894353 ], [ -97.937994800388026, 17.940669169631974 ], [ -97.936301920107482, 17.917179120947701 ], [ -97.903104859892608, 17.909156969628203 ], [ -97.879111630320395, 17.917909219874701 ], [ -97.832355770185302, 17.908532340295032 ], [ -97.819286740360084, 17.914738219947452 ], [ -97.803374650096558, 17.960458569650434 ], [ -97.767941089963358, 17.976652889810989 ], [ -97.766380999732434, 18.005914879662207 ], [ -97.728538150343098, 18.012225599922946 ], [ -97.699742230215264, 18.001636519588558 ], [ -97.697774849812532, 18.018816459998419 ], [ -97.729926150282679, 18.037322919846776 ], [ -97.749095229881135, 18.060640289655666 ], [ -97.77167109041433, 18.068367550309297 ], [ -97.798543940296142, 18.035802109959924 ], [ -97.790920969386775, 18.004158090100702 ], [ -97.816569678662148, 17.993476690484428 ], [ -97.826271910113292, 17.972677150431736 ], [ -97.842604448992915, 17.996081739927611 ], [ -97.834782150463951, 18.049798519616669 ], [ -97.810670319559705, 18.067717169753024 ], [ -97.849459980155643, 18.083740680209154 ], [ -97.867220859902645, 18.114895320023365 ], [ -97.86748294024764, 18.144571290406613 ], [ -97.853626679979612, 18.167924999681969 ], [ -97.839462260243806, 18.171231150026802 ], [ -97.859226619606488, 18.192289150190419 ], [ -97.844103080253007, 18.216151149640865 ], [ -97.822960599630179, 18.223403999984551 ], [ -97.827620220354376, 18.236935120313337 ], [ -97.797297019941851, 18.283174860280131 ], [ -97.721273830419804, 18.276048179561197 ], [ -97.699706309572704, 18.288229059759878 ], [ -97.654713709554969, 18.293092549763969 ], [ -97.643982050166386, 18.279417619710109 ], [ -97.63402365020896, 18.200068060400852 ], [ -97.653175920337347, 18.175288719630601 ], [ -97.609297860160183, 18.153682970260903 ], [ -97.608153510013295, 18.131010660037592 ], [ -97.569619779667477, 18.103387370281393 ], [ -97.563791690053506, 18.062580580017549 ], [ -97.543905459760452, 18.033444570075773 ], [ -97.534045660311151, 18.046338349858384 ], [ -97.489244580121806, 18.025591570209883 ], [ -97.465205029965261, 18.028406059598201 ], [ -97.447491349797147, 18.053474519879611 ], [ -97.448149139662249, 18.065983549699098 ], [ -97.425559180382365, 18.069275969613759 ], [ -97.411240080087296, 18.102392849941484 ], [ -97.402904250048707, 18.107489349748125 ], [ -97.376553050438204, 18.094512229704254 ], [ -97.332193600276781, 18.145409819752327 ], [ -97.318441770424897, 18.145780690250291 ], [ -97.303408679858592, 18.159078549791968 ], [ -97.266266399003769, 18.158545320172621 ], [ -97.228666648550586, 18.174591821299863 ], [ -97.214348460195552, 18.163667629974238 ], [ -97.18722194035189, 18.175157200339459 ], [ -97.192353179337516, 18.192374980091724 ], [ -97.167368019561138, 18.200903280067337 ], [ -97.144034770313368, 18.163428579961373 ], [ -97.140506650065248, 18.173330910381733 ], [ -97.133818460066664, 18.174134280027495 ], [ -97.133885219890061, 18.157720319569059 ], [ -97.123903110254204, 18.162464150286414 ], [ -97.113758030318621, 18.149468449631193 ], [ -97.042094140157289, 18.156569420235325 ], [ -97.040204490069385, 18.174819249734583 ], [ -96.991479429969488, 18.23073942987962 ], [ -96.974140550031294, 18.232437320057841 ], [ -96.936835310067323, 18.21603198038807 ], [ -96.921875829523657, 18.240619380131786 ], [ -96.9161541998144, 18.230641849895207 ], [ -96.913052889625959, 18.238537689900582 ], [ -96.885258480221481, 18.243963489914805 ], [ -96.854760769703745, 18.241228369782501 ], [ -96.8417122199982, 18.256452620222777 ], [ -96.843230780432364, 18.271071630241373 ], [ -96.817573999577291, 18.300786220009901 ], [ -96.821822800088796, 18.320683550082464 ], [ -96.784213259592747, 18.338328170027143 ], [ -96.780429119832235, 18.363532549612337 ], [ -96.762763940239026, 18.383229830312388 ], [ -96.749846230067263, 18.381611230215874 ], [ -96.754637769541446, 18.392158629652812 ], [ -96.72983636975431, 18.397695120211463 ], [ -96.74149721998522, 18.383856540095881 ], [ -96.733056629894264, 18.374121149645752 ], [ -96.700177749723323, 18.382929050107045 ], [ -96.696249909809211, 18.364754480058476 ], [ -96.691831219968506, 18.38084977991036 ], [ -96.681615150347071, 18.375584079989377 ], [ -96.67456331972717, 18.381395420309573 ], [ -96.681439710261913, 18.385657030224618 ], [ -96.681037250178477, 18.412204430091986 ], [ -96.709707120378226, 18.429954169666281 ], [ -96.705323449572077, 18.456710570206109 ], [ -96.692883279857469, 18.457549319935225 ], [ -96.68254191040775, 18.475062169974038 ], [ -96.691078420276824, 18.489827920331265 ], [ -96.682275220180685, 18.507118150215138 ], [ -96.702867720315226, 18.510269020320276 ], [ -96.706168829688281, 18.526336689622113 ], [ -96.719027800424428, 18.522127680305051 ], [ -96.726899480428941, 18.529828999658513 ], [ -96.711826690432389, 18.548055480358581 ], [ -96.724221719670837, 18.558987539640999 ], [ -96.715604779773457, 18.573241490383374 ], [ -96.699630720027045, 18.553342890416094 ], [ -96.69094058003256, 18.567974379578637 ], [ -96.702148979723873, 18.581226709897525 ], [ -96.688758719596549, 18.581215740060141 ], [ -96.693828309192924, 18.591208850073677 ], [ -96.67246352028927, 18.607574120345888 ], [ -96.674968199982757, 18.624341170347023 ], [ -96.688696970360724, 18.638792829584069 ], [ -96.681096290411546, 18.647949020382189 ], [ -96.682144879621319, 18.668841720412789 ] ] ] ] } },
{ "type": "Feature", "properties": { "fid": 21, "CVEGEO": "21", "CVE_ENT": "21", "NOMGEO": "Puebla", "PibCalc25": 871644, "SUP": 34309.646153751593, "Long_Carret": 5774.965, "Municipios": 217, "UE": 408084, "Dens_Carret": 0.16832, "Dens_UE": 11.89416 }, "geometry": { "type": "MultiPolygon", "coordinates": [ [ [ [ -97.842269369957236, 20.839906369546995 ], [ -97.850118429587326, 20.816923829745711 ], [ -97.830698139669806, 20.807996860115463 ], [ -97.813767310232379, 20.82006607975217 ], [ -97.790395279833987, 20.81683287961609 ], [ -97.773001679969511, 20.827201379978757 ], [ -97.738914940350242, 20.801534630082699 ], [ -97.695179319828554, 20.800038849946976 ], [ -97.725982969920182, 20.791653650446928 ], [ -97.719184489595918, 20.775500660107006 ], [ -97.726509980426485, 20.771161459749194 ], [ -97.718955050018522, 20.762954379778659 ], [ -97.726353720207626, 20.759977320135445 ], [ -97.722819920271206, 20.749988540003439 ], [ -97.752967909676698, 20.732369910065373 ], [ -97.756859710312, 20.689492289656084 ], [ -97.740701629670525, 20.689727910278002 ], [ -97.737067370229198, 20.679655310153962 ], [ -97.73807884955481, 20.663030250389994 ], [ -97.752101819877808, 20.657667400268071 ], [ -97.749511219737471, 20.643320459816263 ], [ -97.737326200419488, 20.646431280015772 ], [ -97.704468170285097, 20.629224249950941 ], [ -97.715393980312726, 20.609084799600151 ], [ -97.693419080177264, 20.602680680401544 ], [ -97.701903149643996, 20.57186632023862 ], [ -97.684056450029004, 20.57251017022811 ], [ -97.684771910025518, 20.554261200355096 ], [ -97.657294319644748, 20.545068750179038 ], [ -97.648196490223484, 20.56631219974394 ], [ -97.636664509851727, 20.553711720196603 ], [ -97.625435659802932, 20.563576939969639 ], [ -97.589952770247564, 20.55614967993349 ], [ -97.590039169843763, 20.559673060190875 ], [ -97.589231919622051, 20.560879449890614 ], [ -97.587953020229449, 20.561070259840815 ], [ -97.541043340150296, 20.489711619697022 ], [ -97.556057120381183, 20.484690029950062 ], [ -97.576045549740556, 20.490900170368079 ], [ -97.595883910209665, 20.463991550455781 ], [ -97.635365079570349, 20.452185550236113 ], [ -97.637554109798458, 20.417905550025914 ], [ -97.645410720061321, 20.408323629929956 ], [ -97.672075199842439, 20.40852939970604 ], [ -97.673051380459214, 20.418855370035438 ], [ -97.697723720276429, 20.432512659842654 ], [ -97.709187490082925, 20.455109370049851 ], [ -97.725830250462437, 20.458228920277403 ], [ -97.734599319993961, 20.451306340159583 ], [ -97.765641739282771, 20.381228349837755 ], [ -97.744449949801862, 20.380110150042157 ], [ -97.742876519924991, 20.35119676962799 ], [ -97.700689490438648, 20.31991903024165 ], [ -97.679344940249734, 20.349917879714116 ], [ -97.67312512018465, 20.336607290148581 ], [ -97.689857920208368, 20.320087309780636 ], [ -97.677308169874038, 20.312978689728084 ], [ -97.681397619535645, 20.302432420199438 ], [ -97.704274250095239, 20.303244180195673 ], [ -97.708405650191011, 20.285293229690769 ], [ -97.740894979850765, 20.274572719866516 ], [ -97.757297509523084, 20.279078999885016 ], [ -97.735111919714285, 20.242391939774006 ], [ -97.73070089009687, 20.205199820179736 ], [ -97.741474420298289, 20.192414489727742 ], [ -97.731461199845185, 20.181348449674893 ], [ -97.720229739816077, 20.18916792013313 ], [ -97.698718379573322, 20.182378420354187 ], [ -97.691468599658975, 20.167496769566387 ], [ -97.653025459529033, 20.163432950045834 ], [ -97.63232014969546, 20.183223220171161 ], [ -97.604489110117427, 20.166873619762342 ], [ -97.602735310019668, 20.119313820212703 ], [ -97.578651349617431, 20.10251988020222 ], [ -97.596090660281874, 20.092984200338925 ], [ -97.591235920385813, 20.081713169694225 ], [ -97.580257600077374, 20.079007890454353 ], [ -97.561295690465613, 20.086021909577127 ], [ -97.558051289994026, 20.106910889748423 ], [ -97.548156089944513, 20.10119482976771 ], [ -97.539592570373685, 20.116009250259712 ], [ -97.52739416974778, 20.114878940330964 ], [ -97.49483846021063, 20.137348279949894 ], [ -97.505384080039846, 20.153938149910267 ], [ -97.484798229948467, 20.173881339643632 ], [ -97.465059400406929, 20.18021839982093 ], [ -97.464293849738979, 20.2242272296529 ], [ -97.445276090446455, 20.246160659579981 ], [ -97.420805890408474, 20.242423110264944 ], [ -97.408168780074575, 20.232092060437914 ], [ -97.380605059994267, 20.249881619677421 ], [ -97.374211320313918, 20.243006340430334 ], [ -97.377723110370084, 20.222899880133284 ], [ -97.365512397951534, 20.215751200700016 ], [ -97.285281739720105, 20.190730709693725 ], [ -97.283191260437505, 20.181112059675407 ], [ -97.270543919917742, 20.18751897985894 ], [ -97.26193108004756, 20.177548969631495 ], [ -97.244041150097203, 20.18227859964113 ], [ -97.242392630206425, 20.174477509995111 ], [ -97.164413429677282, 20.151831549567294 ], [ -97.161008429947429, 20.160717050339535 ], [ -97.149991199919995, 20.160614260151227 ], [ -97.157529229707734, 20.149575449984813 ], [ -97.151363890157015, 20.137540340126591 ], [ -97.122408820090072, 20.136721479863059 ], [ -97.174025219793165, 20.092174139818827 ], [ -97.185498220383678, 20.062340280114181 ], [ -97.206151910442358, 20.05635491956297 ], [ -97.206927230000062, 20.014667819875825 ], [ -97.225099630084884, 20.009460250299551 ], [ -97.238168090243946, 19.988711169854408 ], [ -97.260669059629166, 19.977254429874488 ], [ -97.269249089851456, 19.94702728039973 ], [ -97.255808649654782, 19.932460089638948 ], [ -97.291822509948574, 19.900255980445291 ], [ -97.290474630336035, 19.886812109815207 ], [ -97.30455903042116, 19.870694690352099 ], [ -97.320003350366051, 19.769826140177205 ], [ -97.321939969806635, 19.734778180103568 ], [ -97.313783799584343, 19.735135400015114 ], [ -97.333140400305879, 19.716779819685382 ], [ -97.303930019885797, 19.671155540383499 ], [ -97.341161570333796, 19.675751749777934 ], [ -97.402747289850907, 19.615343019605177 ], [ -97.418467280259918, 19.627216550102187 ], [ -97.434278519976786, 19.588848459863396 ], [ -97.426646859980465, 19.541676020430653 ], [ -97.409589679983824, 19.537329340375226 ], [ -97.402109550139883, 19.515384850232991 ], [ -97.404555879934293, 19.495866289849396 ], [ -97.355729849985124, 19.492910249712669 ], [ -97.348258519518609, 19.48462697032037 ], [ -97.3468929998146, 19.450998630332155 ], [ -97.357276280147445, 19.43237671955638 ], [ -97.381543260192117, 19.432366830327901 ], [ -97.397356539331, 19.41906423023261 ], [ -97.394102350138496, 19.407295570092291 ], [ -97.371699880318843, 19.403059140315474 ], [ -97.360453109610688, 19.376029320330133 ], [ -97.337750110433902, 19.392530720005634 ], [ -97.28496820020078, 19.391636739565481 ], [ -97.233621820212946, 19.371215580350302 ], [ -97.223869059923146, 19.356958710201045 ], [ -97.210206049882729, 19.35944164958067 ], [ -97.204721119641562, 19.329962019720316 ], [ -97.215605260361158, 19.323319719985363 ], [ -97.200273460142029, 19.309264750384074 ], [ -97.17020568999618, 19.329022350006177 ], [ -97.136751509577238, 19.322703969683715 ], [ -97.12935971028152, 19.308896679835389 ], [ -97.101998689722677, 19.303615450380544 ], [ -97.071181050439492, 19.32151661979805 ], [ -97.055691679903347, 19.311971349709307 ], [ -97.04551136964038, 19.321282620154889 ], [ -97.030990580382138, 19.29732677010788 ], [ -97.014755259991787, 19.290075169706146 ], [ -97.003459970423648, 19.296380029331203 ], [ -96.98556010972186, 19.279396819817194 ], [ -97.004409889984217, 19.256901049563975 ], [ -97.001234510052981, 19.236546019690159 ], [ -97.056154749963383, 19.197666579607642 ], [ -97.041385620321066, 19.174417219860668 ], [ -97.042136089618666, 19.151387000349096 ], [ -97.027051800091343, 19.133236200255702 ], [ -97.03445602025306, 19.137668259811122 ], [ -97.045839879930369, 19.12802894036825 ], [ -97.055633080156227, 19.134002170172487 ], [ -97.06798019908716, 19.148458999926564 ], [ -97.066692710037046, 19.159455320544758 ], [ -97.108723460356174, 19.1684078804591 ], [ -97.130731620067223, 19.167684249797333 ], [ -97.13652547972552, 19.160110319905847 ], [ -97.180633719733478, 19.169329569845402 ], [ -97.183682020033658, 19.162738220163583 ], [ -97.194589059946381, 19.171812580165742 ], [ -97.209632970236896, 19.159850889756047 ], [ -97.197197940487143, 19.146559109623489 ], [ -97.219568180058019, 19.136131969820617 ], [ -97.22232171033977, 19.123428029956635 ], [ -97.261399459661604, 19.096627260341087 ], [ -97.269652860041106, 19.063072180449026 ], [ -97.266625709971549, 19.030313200052952 ], [ -97.285125770358164, 18.999430850401033 ], [ -97.258258920457436, 18.977714219816001 ], [ -97.253346109851563, 18.928754650300252 ], [ -97.241815599992364, 18.902142709795509 ], [ -97.245802490422449, 18.893300630190964 ], [ -97.271373710085996, 18.890814429956656 ], [ -97.29731157979306, 18.867310290015958 ], [ -97.306091820055201, 18.843424849815964 ], [ -97.322667079599427, 18.835071920386625 ], [ -97.326345599676173, 18.810246480104539 ], [ -97.353031109647802, 18.791284910403892 ], [ -97.352850309587311, 18.77436127961338 ], [ -97.340185680090897, 18.778399370379297 ], [ -97.330058999898711, 18.765974399872235 ], [ -97.344238289872322, 18.749443919851903 ], [ -97.342149490019111, 18.725815920083392 ], [ -97.350025370172332, 18.71714310983495 ], [ -97.342195260217039, 18.705896570369319 ], [ -97.343974580006403, 18.685758999900695 ], [ -97.337261090418835, 18.678590779879222 ], [ -97.331025819670089, 18.683119019736615 ], [ -97.323178060302126, 18.664308519737027 ], [ -97.303202659997467, 18.674285620091187 ], [ -97.281865510437868, 18.652493289594602 ], [ -97.271851920051532, 18.62777915003398 ], [ -97.252271739809004, 18.626726400216008 ], [ -97.235429150210905, 18.643569479963354 ], [ -97.215241169848966, 18.625553629977695 ], [ -97.196918749935449, 18.629581150132896 ], [ -97.175960340389878, 18.616719880091232 ], [ -97.174405649877755, 18.606662220012385 ], [ -97.14144276992036, 18.596417909890992 ], [ -97.144563079550579, 18.570927860425869 ], [ -97.083471379680191, 18.483942749779423 ], [ -97.079967520169603, 18.454507780197829 ], [ -97.046378149943749, 18.499560220325574 ], [ -96.998917340351142, 18.531916460410997 ], [ -96.984818580302417, 18.53120194020774 ], [ -96.9543341399648, 18.553829369654444 ], [ -96.925944780029425, 18.534925539712621 ], [ -96.899250980415644, 18.548647950068602 ], [ -96.885882750433225, 18.533443620261451 ], [ -96.875927460439797, 18.535088849728695 ], [ -96.873513260389714, 18.523231680458235 ], [ -96.866533170253362, 18.526692029731368 ], [ -96.867300920191511, 18.514597020438099 ], [ -96.846327689771186, 18.50537832024991 ], [ -96.842357509797637, 18.49338878037598 ], [ -96.825095049911354, 18.498114750391629 ], [ -96.824038629717847, 18.511110579592351 ], [ -96.813446150121536, 18.51761791027085 ], [ -96.797011830098555, 18.511935180205473 ], [ -96.795795490155641, 18.480223279863988 ], [ -96.775423689650793, 18.448093229894219 ], [ -96.784818060084163, 18.444196259722645 ], [ -96.781011949751033, 18.429069510432509 ], [ -96.763185709954158, 18.427050679710771 ], [ -96.770898859623173, 18.422977820027832 ], [ -96.759085050098179, 18.408263659720507 ], [ -96.724683030394019, 18.407387739646914 ], [ -96.728649999566002, 18.395736880347137 ], [ -96.753933150050116, 18.392621349913778 ], [ -96.74984623006722, 18.381611230215874 ], [ -96.762763940239012, 18.383229830312359 ], [ -96.780429119832206, 18.363532549612323 ], [ -96.784213259592718, 18.338328170027129 ], [ -96.821822800088768, 18.320683550082418 ], [ -96.817573999577249, 18.300786220009883 ], [ -96.843230780432322, 18.271071630241355 ], [ -96.841712219998172, 18.256452620222749 ], [ -96.854760769703717, 18.241228369782473 ], [ -96.885258480221452, 18.243963489914769 ], [ -96.913052889625931, 18.238537689900529 ], [ -96.916154199814372, 18.230641849895186 ], [ -96.921875829523628, 18.240619380131736 ], [ -96.936835310067295, 18.216031980388053 ], [ -96.974140550031251, 18.232437320057794 ], [ -96.991479429969459, 18.230739429879577 ], [ -97.040204490069357, 18.174819249734583 ], [ -97.042094140157261, 18.156569420235297 ], [ -97.113758030318593, 18.149468449631176 ], [ -97.123903110254176, 18.1624641502864 ], [ -97.133885219890018, 18.15772031956902 ], [ -97.133818460066635, 18.174134280027438 ], [ -97.144034770313326, 18.163428579961341 ], [ -97.16736801956111, 18.200903280067319 ], [ -97.192353179337488, 18.19237498009171 ], [ -97.187221940351876, 18.175157200339406 ], [ -97.214348460195524, 18.163667629974203 ], [ -97.228666648550558, 18.174591821299828 ], [ -97.266266399003726, 18.158545320172554 ], [ -97.303408679858563, 18.159078549791918 ], [ -97.318441770424883, 18.145780690250213 ], [ -97.332193600276753, 18.145409819752292 ], [ -97.376553050438176, 18.094512229704254 ], [ -97.402904250048678, 18.107489349748111 ], [ -97.411240080087268, 18.102392849941431 ], [ -97.425559180382322, 18.069275969613706 ], [ -97.44814913966222, 18.065983549699062 ], [ -97.447491349797119, 18.053474519879551 ], [ -97.466918200220277, 18.026951310135658 ], [ -97.505915110415174, 18.027821600327417 ], [ -97.522374510326401, 18.044647709782808 ], [ -97.534045660311108, 18.046338349858363 ], [ -97.543905459760424, 18.033444570075773 ], [ -97.563791690053478, 18.062580580017514 ], [ -97.569619779667448, 18.103387370281379 ], [ -97.608153510013281, 18.131010660037557 ], [ -97.60929786016014, 18.153682970260867 ], [ -97.653175920337318, 18.175288719630583 ], [ -97.634023650208931, 18.200068060400802 ], [ -97.643982050166343, 18.279417619710056 ], [ -97.654713709554954, 18.293092549763934 ], [ -97.699706309572676, 18.28822905975986 ], [ -97.721273830419776, 18.276048179561169 ], [ -97.797297019941823, 18.283174860280081 ], [ -97.827620220354348, 18.236935120313284 ], [ -97.82296059963015, 18.223403999984491 ], [ -97.844103080252964, 18.216151149640812 ], [ -97.85922661960646, 18.192289150190369 ], [ -97.839462260243778, 18.171231150026767 ], [ -97.853626679979584, 18.167924999681969 ], [ -97.867482940247612, 18.144571290406564 ], [ -97.867220859902602, 18.114895320023365 ], [ -97.849459980155601, 18.083740680209122 ], [ -97.810670319559662, 18.067717169752946 ], [ -97.834782150463923, 18.049798519616637 ], [ -97.842604448992887, 17.996081739927611 ], [ -97.826271910113263, 17.972677150431696 ], [ -97.81656967866212, 17.993476690484414 ], [ -97.790920969386761, 18.004158090100645 ], [ -97.798543940296113, 18.035802109959882 ], [ -97.771671090414301, 18.068367550309297 ], [ -97.749095229881107, 18.060640289655616 ], [ -97.729926150282651, 18.037322919846723 ], [ -97.697774849812518, 18.018816459998384 ], [ -97.699742230215236, 18.00163651958853 ], [ -97.728538150343056, 18.012225599922886 ], [ -97.766380999732405, 18.005914879662207 ], [ -97.76794108996333, 17.976652889810939 ], [ -97.803374650096529, 17.960458569650381 ], [ -97.819286740360056, 17.914738219947417 ], [ -97.832355770185274, 17.908532340295015 ], [ -97.879111630320367, 17.917909219874637 ], [ -97.903104859892565, 17.90915696962815 ], [ -97.936301920107454, 17.917179120947669 ], [ -97.937994800388012, 17.940669169631938 ], [ -97.948849140219693, 17.948156079894321 ], [ -97.934958079529821, 17.961018770379287 ], [ -97.937380319864275, 17.967900849801818 ], [ -97.967562879993181, 17.970701650274531 ], [ -97.979376690308726, 17.964441649636861 ], [ -97.986469060141133, 17.978599889995738 ], [ -97.999585319883252, 17.975525829578761 ], [ -98.029786849502969, 17.991836451333164 ], [ -98.046713750089538, 17.976205800553299 ], [ -98.064117829744262, 17.985576569547547 ], [ -98.113026149541739, 17.978425230114237 ], [ -98.130394370409448, 17.988084170437819 ], [ -98.129920770183276, 17.977975419654552 ], [ -98.169609859795216, 17.952833950397508 ], [ -98.172532029711164, 17.925373539998358 ], [ -98.16510485006809, 17.91778786007912 ], [ -98.170911110456231, 17.902058369885122 ], [ -98.202757579822773, 17.89240385956661 ], [ -98.209746400342212, 17.879758139804441 ], [ -98.254774890273922, 17.883626539568564 ], [ -98.258484170417901, 17.903297079834537 ], [ -98.270196620049873, 17.915598710308632 ], [ -98.262230320159247, 17.926876920057971 ], [ -98.273323019616001, 17.922365370439447 ], [ -98.282310149569824, 17.935150320283128 ], [ -98.300830920351785, 17.907861480363753 ], [ -98.302074599714473, 17.893108049860469 ], [ -98.328824910407135, 17.878926460105369 ], [ -98.34907342957986, 17.893172800231564 ], [ -98.362861709950565, 17.881633799555416 ], [ -98.382603949848345, 17.883669740011694 ], [ -98.398755380184184, 17.860911919557999 ], [ -98.42076696986598, 17.863694219636994 ], [ -98.424225850082763, 17.892237769587272 ], [ -98.435517920172913, 17.891411369834845 ], [ -98.434438219660819, 17.908372310304479 ], [ -98.444997950048744, 17.922297059930489 ], [ -98.424165060459146, 17.93823834987603 ], [ -98.432732629890538, 17.971998890004077 ], [ -98.425094339986231, 17.976933539726311 ], [ -98.448140479945479, 17.990711089916644 ], [ -98.47146576994524, 17.991784650421391 ], [ -98.476386660322419, 17.981043620305311 ], [ -98.500491770386475, 17.995578939732948 ], [ -98.526724820441046, 17.996288849638972 ], [ -98.529628260338527, 17.975822520340152 ], [ -98.538432919965331, 17.983804200161661 ], [ -98.543776909945635, 17.973353380335851 ], [ -98.553947419905569, 17.978773140057644 ], [ -98.555390319786312, 17.972840110295984 ], [ -98.58552348955395, 17.974941029770569 ], [ -98.593212259675951, 17.960362220254613 ], [ -98.610483520216007, 17.958062800035844 ], [ -98.622054219903504, 17.941712350171368 ], [ -98.650538170310355, 17.933161050069412 ], [ -98.672954749878386, 17.943268709835451 ], [ -98.688102019636943, 17.961938170244007 ], [ -98.705948060014819, 17.955614449649239 ], [ -98.708840060100883, 17.967540599958863 ], [ -98.731827480380119, 17.982553019936702 ], [ -98.814938429765306, 18.001696709571153 ], [ -98.801259620331251, 18.022052429966667 ], [ -98.767097110460739, 18.019611169891249 ], [ -98.735097860359588, 18.04509511985496 ], [ -98.75913807976788, 18.044676020409504 ], [ -98.797070110362611, 18.06264647972991 ], [ -98.800336650208209, 18.053077819754133 ], [ -98.811297150324648, 18.050632719976427 ], [ -98.812999739697375, 18.064875349806162 ], [ -98.869811820299589, 18.057216660264309 ], [ -98.852369769386314, 18.117600941027124 ], [ -98.881876888589318, 18.166162091127806 ], [ -98.957219089825116, 18.188697510020468 ], [ -99.000066319769289, 18.19020491010065 ], [ -98.989056180452963, 18.249354509914347 ], [ -99.019329949764781, 18.245411049619509 ], [ -99.023592999661417, 18.249186319595619 ], [ -99.014707400115597, 18.26326585976912 ], [ -99.031705510271081, 18.272314519737954 ], [ -99.055771449976135, 18.250173970252877 ], [ -99.063709889671472, 18.251483029752514 ], [ -99.063820450149805, 18.262501540144964 ], [ -99.053228120431982, 18.264156369766145 ], [ -99.069363879792036, 18.283234679578033 ], [ -99.051772550257752, 18.289815249592777 ], [ -99.070494280043306, 18.326839710270818 ], [ -99.057689179761809, 18.33845768970415 ], [ -99.058772520335012, 18.348855520145538 ], [ -99.023610139794428, 18.372453879772067 ], [ -99.018175079732686, 18.387784370194101 ], [ -98.98793867957859, 18.397063770050586 ], [ -98.985372450438788, 18.421153980366679 ], [ -98.935151950149589, 18.42290384999637 ], [ -98.919317320294127, 18.431964849976524 ], [ -98.915172290156093, 18.457821250422175 ], [ -98.905405770309557, 18.459739709784227 ], [ -98.912220620467878, 18.462121629642926 ], [ -98.8705795495937, 18.479202319595071 ], [ -98.850408600234118, 18.478034660000333 ], [ -98.836450279839099, 18.494575909552086 ], [ -98.840344060304957, 18.512771619766557 ], [ -98.827766258615569, 18.523885542991223 ], [ -98.810558939932406, 18.519312830130183 ], [ -98.7867732496358, 18.484627180424539 ], [ -98.761000830099078, 18.475445630082934 ], [ -98.752191350430508, 18.453924199784321 ], [ -98.738083179547317, 18.45573792039297 ], [ -98.726952769933035, 18.439533120390255 ], [ -98.706699119991498, 18.445112230534601 ], [ -98.710415568762457, 18.468066820092435 ], [ -98.698973880085418, 18.494980491024048 ], [ -98.707330089289968, 18.492850851275985 ], [ -98.701939940113405, 18.512185949605673 ], [ -98.713361579656322, 18.520564740100966 ], [ -98.702751079802695, 18.538786980240943 ], [ -98.716673569895789, 18.565919980194298 ], [ -98.71256628968149, 18.587957600304431 ], [ -98.719839969924763, 18.600708999805068 ], [ -98.711426310439279, 18.616454750069273 ], [ -98.719896079798346, 18.655953369546172 ], [ -98.74188227991057, 18.702177170359622 ], [ -98.715907089609445, 18.739189509703007 ], [ -98.75349391991071, 18.742969379550452 ], [ -98.727945709906223, 18.80550900019627 ], [ -98.70714624982017, 18.821800970197312 ], [ -98.681977169520678, 18.875961370247488 ], [ -98.661315259812326, 18.89780901958849 ], [ -98.672914749752877, 18.909440859868109 ], [ -98.681414549702836, 18.907167320202607 ], [ -98.700313660126014, 18.893795710139681 ], [ -98.697759950041629, 18.876952520033896 ], [ -98.713471509795397, 18.867243620099909 ], [ -98.707343229883563, 18.90285551003268 ], [ -98.678091909755537, 18.923717479895018 ], [ -98.673911519845831, 18.951055050405031 ], [ -98.649611710149131, 18.999577399555903 ], [ -98.619874629669866, 19.035059569769984 ], [ -98.629788220068107, 19.043602979964533 ], [ -98.631102620020755, 19.059646540436386 ], [ -98.623470519659449, 19.066381770170828 ], [ -98.639298169533276, 19.077440490141896 ], [ -98.625892490412696, 19.089376460415394 ], [ -98.632559320139123, 19.100606909732175 ], [ -98.625489350094327, 19.119571980395442 ], [ -98.640657060396293, 19.125455740046398 ], [ -98.638916179749188, 19.150599149879739 ], [ -98.635338709648778, 19.147032340410956 ], [ -98.647022379591959, 19.184827889745467 ], [ -98.643571199744528, 19.238729860248149 ], [ -98.627524880081566, 19.257759169684352 ], [ -98.663475889690631, 19.324792380043728 ], [ -98.660587970265553, 19.351736379917607 ], [ -98.638079779561409, 19.358910999756304 ], [ -98.654059250228812, 19.369402689568592 ], [ -98.662847949976566, 19.402998250355743 ], [ -98.660178369773703, 19.432093569852551 ], [ -98.634697110366275, 19.429548089948149 ], [ -98.66143519982721, 19.458090349711249 ], [ -98.653226550455784, 19.465986230093662 ], [ -98.634114720293823, 19.467848169906304 ], [ -98.629406580120829, 19.457017950080978 ], [ -98.591275649901661, 19.449214199681176 ], [ -98.5702761396429, 19.466769349963982 ], [ -98.523192140333762, 19.4608686796638 ], [ -98.4702777103752, 19.360830910049231 ], [ -98.441272999896427, 19.325251140265699 ], [ -98.428352779831002, 19.327579399987346 ], [ -98.407721370037422, 19.315931710165568 ], [ -98.410090829869759, 19.291339261035496 ], [ -98.380403457616353, 19.261715620616659 ], [ -98.364546339617192, 19.233125250128943 ], [ -98.368915049957522, 19.226121999764825 ], [ -98.330680969666801, 19.200150049766052 ], [ -98.342710289655614, 19.177939740142371 ], [ -98.323929289578828, 19.168661879863311 ], [ -98.30715593871129, 19.189203940932206 ], [ -98.269702799395773, 19.162389880154969 ], [ -98.230241230336446, 19.156728620771212 ], [ -98.223038889351784, 19.136637599710486 ], [ -98.20804022009942, 19.132699479875559 ], [ -98.190706689378629, 19.13998573997198 ], [ -98.197142629261805, 19.127497081004805 ], [ -98.191638657906083, 19.121936970258091 ], [ -98.204347820116055, 19.114928920398089 ], [ -98.184854578967091, 19.115515681100831 ], [ -98.166175774440305, 19.105071860228456 ], [ -98.110159317264106, 19.143212050778871 ], [ -98.100318738807971, 19.163366659437585 ], [ -98.041530599635905, 19.210231720011624 ], [ -98.031686259926289, 19.230938380307713 ], [ -97.998623419662351, 19.198324739610108 ], [ -97.928202650326298, 19.164213420340346 ], [ -97.889839060051784, 19.186956740036244 ], [ -97.893221029928313, 19.200307309791341 ], [ -97.850988289891646, 19.222934229962945 ], [ -97.860383370095974, 19.244077370170604 ], [ -97.870494709754084, 19.240060970334358 ], [ -97.865135580160214, 19.253949379576859 ], [ -97.854051819004354, 19.257328290850818 ], [ -97.870287049105244, 19.27058597956124 ], [ -97.859716979901563, 19.287199519942838 ], [ -97.83842866046524, 19.287264400347397 ], [ -97.839270430219287, 19.301376170445202 ], [ -97.800471430042236, 19.301583379848267 ], [ -97.771385520095862, 19.283752649950891 ], [ -97.745091819945728, 19.305259940344946 ], [ -97.738332739890865, 19.287099629600927 ], [ -97.719642950265722, 19.304753229904939 ], [ -97.690933250163084, 19.28588812029686 ], [ -97.66952020002779, 19.292134220158125 ], [ -97.658044688601976, 19.310664520397356 ], [ -97.646088880379864, 19.306409320128679 ], [ -97.626355568716605, 19.323933970044926 ], [ -97.627009078898411, 19.333667720030199 ], [ -97.638711719531329, 19.338263121073606 ], [ -97.63144614974, 19.355395430032178 ], [ -97.640290319577005, 19.360751460081367 ], [ -97.653631149530327, 19.353799970043998 ], [ -97.657979419655717, 19.363674059600815 ], [ -97.673858819785281, 19.367471460382738 ], [ -97.681301719637631, 19.388303350034121 ], [ -97.705454850148854, 19.393641370077134 ], [ -97.724525119755469, 19.431636949930315 ], [ -97.747278740379627, 19.436333970289379 ], [ -97.744694150135999, 19.445041629838954 ], [ -97.754801449820235, 19.457542879882954 ], [ -97.770711230345597, 19.456614199947282 ], [ -97.778045749699288, 19.472877400305158 ], [ -97.79685926006664, 19.472442849585132 ], [ -97.794538679820462, 19.498374599597394 ], [ -97.859422479767517, 19.454345939922533 ], [ -97.862271489811221, 19.456175520289488 ], [ -97.847353220101454, 19.474003089746997 ], [ -97.84873908976013, 19.482781910031377 ], [ -97.873987479648122, 19.502926600393931 ], [ -97.889748259933839, 19.504579090129173 ], [ -97.887515220108156, 19.517635429836059 ], [ -97.871680979603212, 19.53215217022705 ], [ -97.871812589548441, 19.561767646655564 ], [ -97.907924556722577, 19.579355891136853 ], [ -97.916147572874905, 19.594016027589362 ], [ -97.946706390889105, 19.585630222512087 ], [ -97.950532751254684, 19.602838175504829 ], [ -97.980678259466245, 19.628541632359372 ], [ -98.042212020010624, 19.640224709839476 ], [ -98.036436910420122, 19.685843509672797 ], [ -98.060808449939245, 19.728917429731197 ], [ -98.066929260093275, 19.725191779776434 ], [ -98.064612829619279, 19.708655220105044 ], [ -98.082807399882313, 19.70075579979369 ], [ -98.090915509814579, 19.677618029738738 ], [ -98.101007919522971, 19.668049890264225 ], [ -98.117735879806446, 19.688263339742313 ], [ -98.143730490174931, 19.683648829729929 ], [ -98.165564309810335, 19.667475859870436 ], [ -98.187368520120444, 19.679732399876674 ], [ -98.189819939900843, 19.671012490159335 ], [ -98.228024290160008, 19.674451310407793 ], [ -98.22808151991822, 19.680419450176352 ], [ -98.241067279768927, 19.67583614977011 ], [ -98.252411309563556, 19.693125800436604 ], [ -98.255318920282079, 19.718829020362879 ], [ -98.236263089803415, 19.723333949959539 ], [ -98.215109339604524, 19.741314450216738 ], [ -98.195698799979027, 19.74161965989919 ], [ -98.194375939822478, 19.765371890310139 ], [ -98.221424250458824, 19.773576350285598 ], [ -98.216155550311839, 19.778416970001842 ], [ -98.234815449723982, 19.777045510362331 ], [ -98.251027479851047, 19.795064479544738 ], [ -98.250858050145979, 19.812757979739722 ], [ -98.264582179877493, 19.822999289688966 ], [ -98.269229770152634, 19.844946750120375 ], [ -98.305292089849829, 19.845870519679945 ], [ -98.315004340169992, 19.85511560084376 ], [ -98.291074879723936, 19.87581240097181 ], [ -98.290933420380711, 19.888877051023062 ], [ -98.269351849807705, 19.895709141006304 ], [ -98.26782019977334, 19.916113920351915 ], [ -98.248072949968332, 19.917530720411779 ], [ -98.245309060275872, 19.923998081061633 ], [ -98.256264450194081, 19.929305019563486 ], [ -98.242192748656095, 19.941149459631667 ], [ -98.251603779335341, 19.948149770750938 ], [ -98.222081689345373, 19.946932059829678 ], [ -98.226746489235239, 19.956222169730946 ], [ -98.215941350022348, 19.968521139874937 ], [ -98.180697648689346, 19.959751570588647 ], [ -98.16042797920926, 19.978129570555431 ], [ -98.174263889082098, 19.997739400755197 ], [ -98.163961139045824, 20.022457819674891 ], [ -98.174996570030743, 20.02960057971319 ], [ -98.180902849263632, 20.04698553994691 ], [ -98.168146458645083, 20.057229710904139 ], [ -98.159704737973868, 20.092569971255809 ], [ -98.128272659667061, 20.107202649580255 ], [ -98.124607059482415, 20.124069890708327 ], [ -98.108462460432335, 20.120803401299185 ], [ -98.097879450312789, 20.14538966114339 ], [ -98.139582648582405, 20.15014162079888 ], [ -98.129726820451324, 20.161483110965886 ], [ -98.127958550420118, 20.185941369974877 ], [ -98.153922218915028, 20.208580680800662 ], [ -98.147726309480078, 20.22638540114048 ], [ -98.175924938810695, 20.254229540149886 ], [ -98.192395678850346, 20.258217750742698 ], [ -98.212963859814366, 20.234291060539594 ], [ -98.229138718747706, 20.236613220728259 ], [ -98.243812459205657, 20.217943221415013 ], [ -98.270546168616875, 20.21580628128693 ], [ -98.278924778649483, 20.225272891255297 ], [ -98.284443540431809, 20.262788850343053 ], [ -98.266037119950497, 20.273611091201417 ], [ -98.254029648806664, 20.301341881728508 ], [ -98.236476479304756, 20.304347482235666 ], [ -98.215948229758339, 20.291456581934785 ], [ -98.179077569553954, 20.293808369545847 ], [ -98.1813081101851, 20.336543079782746 ], [ -98.163253550154607, 20.327848600370867 ], [ -98.126835510398564, 20.336231020275015 ], [ -98.108388540158941, 20.373958290660486 ], [ -98.077317910451896, 20.403119750343233 ], [ -98.07048426040339, 20.430273169869285 ], [ -98.011384820363887, 20.455772250819532 ], [ -98.008864779898275, 20.482541000004172 ], [ -97.993667030269421, 20.484913619710913 ], [ -97.988791000193345, 20.495385199852716 ], [ -97.997426089791176, 20.506095249819985 ], [ -97.97263034044596, 20.523202429763209 ], [ -97.981526479742271, 20.525679449695698 ], [ -97.980816109832645, 20.540708860036396 ], [ -97.909685689860581, 20.586378109582547 ], [ -97.908757819557451, 20.608134149690645 ], [ -97.894970819643021, 20.623899400319502 ], [ -97.91184414993441, 20.653515119585826 ], [ -97.908767350364229, 20.667158630233835 ], [ -97.917831950211877, 20.673937890117923 ], [ -97.913728140205833, 20.68916200016287 ], [ -97.89742569027662, 20.703213829759083 ], [ -97.922446599808566, 20.716518779992036 ], [ -97.87911977991908, 20.834275879809788 ], [ -97.852867939515519, 20.832868350187034 ], [ -97.842269369957236, 20.839906369546995 ] ] ] ] } },
{ "type": "Feature", "properties": { "fid": 22, "CVEGEO": "22", "CVE_ENT": "22", "NOMGEO": "Querétaro", "PibCalc25": 621150, "SUP": 11690.582710741719, "Long_Carret": 2586.889, "Municipios": 18, "UE": 107843, "Dens_Carret": 0.22128, "Dens_UE": 9.22478 }, "geometry": { "type": "MultiPolygon", "coordinates": [ [ [ [ -99.188108320063634, 21.669917089565899 ], [ -99.171895510202759, 21.627031479942399 ], [ -99.128297369644471, 21.589817049918608 ], [ -99.142282199511939, 21.535439550165005 ], [ -99.129768780196045, 21.501702580348532 ], [ -99.126030050224159, 21.460542850250544 ], [ -99.105915429752343, 21.411560079665954 ], [ -99.098130230193888, 21.408412680317475 ], [ -99.092620750292454, 21.363360479718349 ], [ -99.129455519816858, 21.362046249832403 ], [ -99.137829580206045, 21.329791890194659 ], [ -99.102948850020937, 21.321194429798716 ], [ -99.127558890409929, 21.31833654963879 ], [ -99.105790080007353, 21.302041889901567 ], [ -99.104345349764216, 21.289597860378819 ], [ -99.082990749694019, 21.296346889846927 ], [ -99.061427170136525, 21.279473999823423 ], [ -99.053243820256426, 21.281631350278719 ], [ -99.051176739661813, 21.253429679971443 ], [ -99.073731169632595, 21.235776860178401 ], [ -99.068354479672138, 21.223918780408287 ], [ -99.051943280375127, 21.218448920056318 ], [ -99.043079850236296, 21.178677250160906 ], [ -99.054529629949101, 21.159775179601862 ], [ -99.072246619916115, 21.157020739754994 ], [ -99.059690119991402, 21.168273290152406 ], [ -99.063306219957056, 21.174903819859477 ], [ -99.076479309830574, 21.173463950304903 ], [ -99.071179779806869, 21.166028110348847 ], [ -99.090631120153205, 21.153095520034331 ], [ -99.110397400376726, 21.156610880294512 ], [ -99.111997909663515, 21.148345659849127 ], [ -99.132564889579882, 21.153031779867618 ], [ -99.150521980473073, 21.147750680027595 ], [ -99.17622088999282, 21.137841509736759 ], [ -99.184600909972161, 21.12226168958178 ], [ -99.206225399925586, 21.118689720194723 ], [ -99.214096489877861, 21.10677559965545 ], [ -99.234216109731335, 21.112803679923015 ], [ -99.247681320409129, 21.101265689665198 ], [ -99.309205649522283, 21.147299649850677 ], [ -99.34182842962575, 21.123659679691666 ], [ -99.34635966044506, 21.100876660378159 ], [ -99.397366658561538, 21.102003280256625 ], [ -99.387673200115472, 21.067827230399434 ], [ -99.367437459134138, 21.06947969021148 ], [ -99.377079020319286, 21.056615050789997 ], [ -99.363245909599001, 21.041728890903443 ], [ -99.368356779065408, 21.024765081108377 ], [ -99.384574828800268, 21.018088911244643 ], [ -99.389954519642032, 21.004138380411419 ], [ -99.39632911862013, 20.981086880326224 ], [ -99.388278850044912, 20.966198370157791 ], [ -99.390626020138157, 20.952274320443479 ], [ -99.407240569974348, 20.937103720226034 ], [ -99.403035230228681, 20.930198170616393 ], [ -99.415585508567418, 20.924900599637962 ], [ -99.412556858649708, 20.905428939655096 ], [ -99.435226578717945, 20.899397000045695 ], [ -99.446064059509965, 20.853031059599846 ], [ -99.454432028748244, 20.857975580402012 ], [ -99.456539509052192, 20.849018800180726 ], [ -99.48873181945838, 20.832932890437252 ], [ -99.485289538559044, 20.817827549745139 ], [ -99.499727458817375, 20.804273370376922 ], [ -99.488706279098295, 20.799366659963272 ], [ -99.497253578950065, 20.79094462973806 ], [ -99.50376884920793, 20.794832940400248 ], [ -99.496306078584851, 20.782352599780388 ], [ -99.503816999512793, 20.765787320001046 ], [ -99.548471289315756, 20.737197750439602 ], [ -99.534274849294732, 20.705974249599429 ], [ -99.505540318675529, 20.684700520375063 ], [ -99.511036598582876, 20.678386709803341 ], [ -99.500642078789127, 20.673042509739602 ], [ -99.501922660425137, 20.658962219573393 ], [ -99.565344400007376, 20.640394149721836 ], [ -99.578949449565229, 20.618832249643837 ], [ -99.589708110111985, 20.620400140168783 ], [ -99.619511279933874, 20.59140695024066 ], [ -99.634583749544106, 20.605654150135202 ], [ -99.657870370406926, 20.601799290030819 ], [ -99.696412950344637, 20.574445019868232 ], [ -99.711952079956674, 20.5812666199195 ], [ -99.728243370393102, 20.57510633991631 ], [ -99.738683260297179, 20.560520800547714 ], [ -99.779328819631161, 20.559304909962687 ], [ -99.804625079288428, 20.544758380678161 ], [ -99.828071179116463, 20.543007651270464 ], [ -99.859106420463277, 20.268470549942247 ], [ -99.911390629691851, 20.285590630404542 ], [ -99.919500969718044, 20.281665380050551 ], [ -99.934083569759167, 20.249770029912387 ], [ -99.918464550127283, 20.211784819742189 ], [ -99.950933019853068, 20.215903509811348 ], [ -99.958159399973155, 20.251764689902853 ], [ -99.9770310300338, 20.272375249823252 ], [ -99.984942890422516, 20.264800479621108 ], [ -99.964503569224448, 20.216297860369565 ], [ -99.965229819415768, 20.201157511161306 ], [ -99.93713524992468, 20.181731770078624 ], [ -99.935206219793301, 20.165253450310992 ], [ -99.921902819791555, 20.158739969706662 ], [ -99.936212770413832, 20.162523034123542 ], [ -99.930753719932753, 20.143131890117221 ], [ -99.942206449992682, 20.120100339940965 ], [ -99.923766849666123, 20.084134680323533 ], [ -99.926337419890174, 20.064330680442065 ], [ -99.980192650085115, 20.059147450310284 ], [ -99.978468220114578, 20.074045450378271 ], [ -100.000352339742903, 20.077480399845161 ], [ -100.005639770428203, 20.064200510074723 ], [ -100.027616000096828, 20.056577079906752 ], [ -100.043797969931788, 20.036566220401113 ], [ -100.061725819820637, 20.038790539638356 ], [ -100.081340769886182, 20.028850249636324 ], [ -100.088817939718552, 20.015018290067736 ], [ -100.09134325030648, 20.024259569975612 ], [ -100.132695399671078, 20.040575050362907 ], [ -100.146830709857753, 20.05747315040513 ], [ -100.162194450030952, 20.0625385497998 ], [ -100.157259550356002, 20.071105260174477 ], [ -100.164462199668307, 20.078346520054204 ], [ -100.176735600130641, 20.070909480279177 ], [ -100.183087229725558, 20.073855429910893 ], [ -100.179826489683364, 20.083002169880082 ], [ -100.202941090104773, 20.076649369833795 ], [ -100.197392830387429, 20.129888459951097 ], [ -100.235603550041091, 20.143458580453469 ], [ -100.191863848577128, 20.176000080013036 ], [ -100.181144019681781, 20.208800540103709 ], [ -100.260456650181666, 20.267509939802544 ], [ -100.345833110277553, 20.298000220006585 ], [ -100.350656479880627, 20.288413089600883 ], [ -100.381288570056512, 20.303051619852067 ], [ -100.392022970269991, 20.314327459776667 ], [ -100.394016490127896, 20.350231920074425 ], [ -100.409995180433114, 20.376006420200568 ], [ -100.476181060391724, 20.38961079976535 ], [ -100.478269920085637, 20.416286369954257 ], [ -100.48949800031474, 20.431394109770938 ], [ -100.492382120153124, 20.490415539602278 ], [ -100.497357170466827, 20.504830419934834 ], [ -100.509755580409518, 20.50652684972972 ], [ -100.501111369927131, 20.512595739642876 ], [ -100.508520599663157, 20.526209260297726 ], [ -100.504765449895771, 20.555033399716898 ], [ -100.485003379756819, 20.553804219572211 ], [ -100.482091649683099, 20.571508309837824 ], [ -100.496177430073956, 20.616193740081748 ], [ -100.521486320145911, 20.624864290013004 ], [ -100.529535279628831, 20.638667260076058 ], [ -100.55112518031936, 20.633766049848049 ], [ -100.561930629791519, 20.671427780318538 ], [ -100.583603489590161, 20.678424259588063 ], [ -100.581284460356002, 20.692932629598651 ], [ -100.596535709620014, 20.717260920036068 ], [ -100.584414520028361, 20.7289373500831 ], [ -100.548914620282403, 20.736383420413869 ], [ -100.548121079782845, 20.749560879671957 ], [ -100.564077310380242, 20.774696879779786 ], [ -100.558328289533918, 20.80457115027782 ], [ -100.573364450138087, 20.803674169925777 ], [ -100.577588939868591, 20.816669749985017 ], [ -100.502048619697646, 20.852920460436156 ], [ -100.509023519676362, 20.870706709794224 ], [ -100.485366770222825, 20.908799720269634 ], [ -100.469958289997351, 20.90703934964084 ], [ -100.472232880307303, 20.928446059593778 ], [ -100.453176479846604, 20.923199050422387 ], [ -100.453956020372374, 20.900179380067833 ], [ -100.41339937995744, 20.887431880306384 ], [ -100.333590799973237, 20.890728480275353 ], [ -100.29839429031901, 20.91529171962021 ], [ -100.305378220259271, 20.923826830004035 ], [ -100.29920917018184, 20.931327750067577 ], [ -100.265543230354638, 20.929247379822495 ], [ -100.261796689809501, 20.953373079759331 ], [ -100.272061089576511, 20.963029460290478 ], [ -100.263623290013641, 20.970998850453157 ], [ -100.181527599851464, 20.930401659791702 ], [ -100.178370080343115, 20.938665079630137 ], [ -100.135311850127451, 20.93726382959311 ], [ -100.117827780288906, 20.922155119975237 ], [ -100.064171940123231, 20.936288599726666 ], [ -100.080738489778881, 20.949857510166861 ], [ -100.068802769758847, 20.957912019802023 ], [ -100.078043169577427, 20.972657479686241 ], [ -100.069854520075694, 20.983493399987161 ], [ -100.073760139848574, 20.991758340061004 ], [ -100.060746309567733, 21.005815779961075 ], [ -100.068949719563832, 21.022813399911428 ], [ -100.054480119598736, 21.027785080032256 ], [ -100.022563170448521, 21.014621200184571 ], [ -100.01106957039103, 21.028504629832092 ], [ -100.006657580118627, 21.046394460446347 ], [ -100.019765220202757, 21.055129519986941 ], [ -100.026418880248755, 21.073562320227779 ], [ -100.021877628822736, 21.100084449824816 ], [ -100.027543079915276, 21.100253019549143 ], [ -99.996417659782168, 21.182594910182438 ], [ -100.011085740137901, 21.189464340374414 ], [ -99.986368049252647, 21.218310029778454 ], [ -99.947864829624322, 21.21237493967805 ], [ -99.954714119550673, 21.205671819543166 ], [ -99.945362180171955, 21.209885370136529 ], [ -99.942645718798786, 21.194417830183113 ], [ -99.899347179899465, 21.183897289745339 ], [ -99.888250949000437, 21.169595020118319 ], [ -99.831258549594835, 21.157322719692033 ], [ -99.776969630014165, 21.19593850980203 ], [ -99.775833539353286, 21.207282320389108 ], [ -99.738483459059012, 21.235817770015327 ], [ -99.687854880164508, 21.225780260289085 ], [ -99.698706350173381, 21.240752089799081 ], [ -99.699076310313643, 21.266698400245293 ], [ -99.67130261977907, 21.301193750067814 ], [ -99.70756531021722, 21.314545830216851 ], [ -99.737253119568862, 21.312884969769556 ], [ -99.734161149539418, 21.301443919702649 ], [ -99.757893570084178, 21.292140370318457 ], [ -99.784003089618139, 21.320149570040186 ], [ -99.787790830180683, 21.329621719587699 ], [ -99.77756527993634, 21.343235429873204 ], [ -99.792132680473514, 21.343906599773579 ], [ -99.794522020401786, 21.357399420130992 ], [ -99.775495540174632, 21.374968600283175 ], [ -99.780260380332933, 21.389355180357963 ], [ -99.772063569800594, 21.406378599730253 ], [ -99.780353780334963, 21.414224430006243 ], [ -99.780586750232757, 21.434813620043634 ], [ -99.771777599751601, 21.466308919655884 ], [ -99.777351860217863, 21.495955450123702 ], [ -99.749292259577032, 21.523173479598888 ], [ -99.746743200403401, 21.578363289819812 ], [ -99.659541970362895, 21.567945230117314 ], [ -99.625800779880919, 21.507301910258079 ], [ -99.549345199753546, 21.447067719726011 ], [ -99.556596430046213, 21.436608650354106 ], [ -99.551931319700572, 21.428393059638111 ], [ -99.537122350426174, 21.431453740130426 ], [ -99.497520820396971, 21.419226080459634 ], [ -99.470771890296291, 21.436617079572777 ], [ -99.469822450399036, 21.446514540387589 ], [ -99.447351280287251, 21.443476580310463 ], [ -99.436275689564326, 21.44985603021097 ], [ -99.405921150035923, 21.428271380226743 ], [ -99.396902659955188, 21.445093320274395 ], [ -99.398559630463723, 21.463425739861517 ], [ -99.388876030000461, 21.46489731030643 ], [ -99.382382450119692, 21.480886879928338 ], [ -99.386708169522933, 21.500372939628019 ], [ -99.371976217682359, 21.507104090352314 ], [ -99.375906850249365, 21.54793057977027 ], [ -99.349860910212968, 21.552357380387164 ], [ -99.327286780045213, 21.535171140159751 ], [ -99.305488650011313, 21.532914289687241 ], [ -99.28929710957631, 21.550361880410087 ], [ -99.290695139998945, 21.558009580338318 ], [ -99.274401910069528, 21.565323260327556 ], [ -99.28071705043368, 21.607903370193299 ], [ -99.243496450194854, 21.615057169630333 ], [ -99.225124600167845, 21.633286200206332 ], [ -99.217697549991357, 21.666646480313918 ], [ -99.188108320063634, 21.669917089565899 ] ] ] ] } },
{ "type": "Feature", "properties": { "fid": 23, "CVEGEO": "23", "CVE_ENT": "23", "NOMGEO": "Quintana Roo", "PibCalc25": 380737, "SUP": 44841.259078381758, "Long_Carret": 3545.709, "Municipios": 11, "UE": 68845, "Dens_Carret": 0.07907, "Dens_UE": 1.5353 }, "geometry": { "type": "MultiPolygon", "coordinates": [ [ [ [ -87.38855394974658, 18.377041919574051 ], [ -87.391978749741199, 18.374469250165316 ], [ -87.394632449937774, 18.380767220315807 ], [ -87.38855394974658, 18.377041919574051 ] ] ], [ [ [ -87.401616999889498, 18.381240030390966 ], [ -87.408394149908617, 18.380289260171239 ], [ -87.40878628029283, 18.390140400438515 ], [ -87.407027940265664, 18.390368939628701 ], [ -87.401616999889498, 18.381240030390966 ] ] ], [ [ [ -87.411550890277027, 18.392069850275671 ], [ -87.420740260127772, 18.395853859907376 ], [ -87.421333430306802, 18.399291539588262 ], [ -87.417488679785848, 18.399572779702318 ], [ -87.411550890277027, 18.392069850275671 ] ] ], [ [ [ -87.426038829675534, 18.405466709907479 ], [ -87.429154939517659, 18.404798020283977 ], [ -87.430066950126673, 18.40952114035797 ], [ -87.426038829675534, 18.405466709907479 ] ] ], [ [ [ -87.434143740097369, 18.420927089998084 ], [ -87.437565339631817, 18.423173420389396 ], [ -87.434528459632432, 18.423079980124598 ], [ -87.434143740097369, 18.420927089998084 ] ] ], [ [ [ -87.439241579758573, 18.428457339709745 ], [ -87.447398770062051, 18.460041460321509 ], [ -87.445292620133898, 18.462417450464827 ], [ -87.439186489586646, 18.452729679597066 ], [ -87.439241579758573, 18.428457339709745 ] ] ], [ [ [ -87.444562830269319, 18.475414970230293 ], [ -87.447049199958371, 18.480219660255536 ], [ -87.440579820397417, 18.518692849675261 ], [ -87.43715896976714, 18.51613455005819 ], [ -87.444562830269319, 18.475414970230293 ] ] ], [ [ [ -87.434605550005401, 18.55897268984176 ], [ -87.439209090383457, 18.560361379993832 ], [ -87.43673875014629, 18.56231839975835 ], [ -87.434605550005401, 18.55897268984176 ] ] ], [ [ [ -87.361919449729129, 18.385144520129259 ], [ -87.383338909756617, 18.37505742956051 ], [ -87.332160460045614, 18.443774630280515 ], [ -87.328208949950522, 18.476336509689055 ], [ -87.337019829769147, 18.523015089692265 ], [ -87.314425679560912, 18.555453169875623 ], [ -87.330983630368081, 18.526431740262257 ], [ -87.320044819655635, 18.492634090275473 ], [ -87.322931460241946, 18.456561119719975 ], [ -87.361919449729129, 18.385144520129259 ] ] ], [ [ [ -87.435688629631159, 18.582906969607549 ], [ -87.439240709770772, 18.587477400082509 ], [ -87.436877310428201, 18.589747250034534 ], [ -87.435565220092656, 18.588939399907598 ], [ -87.435688629631159, 18.582906969607549 ] ] ], [ [ [ -87.436603650284979, 18.609475090261711 ], [ -87.442463109878744, 18.600921820371731 ], [ -87.440126000033544, 18.613282399808416 ], [ -87.436603650284979, 18.609475090261711 ] ] ], [ [ [ -87.309449799806998, 18.60357742043135 ], [ -87.305439509889425, 18.597569680300158 ], [ -87.317792569728155, 18.577812599870011 ], [ -87.341030310494688, 18.573497879752757 ], [ -87.309449799806998, 18.60357742043135 ] ] ], [ [ [ -87.436375999805847, 18.623655279624163 ], [ -87.433359549927459, 18.638298850350502 ], [ -87.420278600034521, 18.66000540001939 ], [ -87.42834757022851, 18.632919259788828 ], [ -87.436375999805847, 18.623655279624163 ] ] ], [ [ [ -87.402539379958185, 18.681708369817677 ], [ -87.410619320094753, 18.679796819732577 ], [ -87.394730999967024, 18.711881599558275 ], [ -87.402539379958185, 18.681708369817677 ] ] ], [ [ [ -87.387675920296502, 18.722330820242178 ], [ -87.392691460390864, 18.723169020221405 ], [ -87.389520020293475, 18.725327799678212 ], [ -87.387675920296502, 18.722330820242178 ] ] ], [ [ [ -87.383995280227296, 18.732529859687403 ], [ -87.387515140022856, 18.732523880427376 ], [ -87.385172029601279, 18.736388379843579 ], [ -87.383995280227296, 18.732529859687403 ] ] ], [ [ [ -87.306897059857107, 18.73967293961104 ], [ -87.30326562960694, 18.73900033984027 ], [ -87.305288620001264, 18.737516250408117 ], [ -87.306897059857107, 18.73967293961104 ] ] ], [ [ [ -87.273826309877762, 18.739436599671517 ], [ -87.245349770023282, 18.683497150153467 ], [ -87.247395459824901, 18.645268310137386 ], [ -87.264536059639426, 18.618789030051829 ], [ -87.252721600020749, 18.667403829951503 ], [ -87.278627119959111, 18.735733569865136 ], [ -87.273826309877762, 18.739436599671517 ] ] ], [ [ [ -87.279378749965176, 18.74170421958824 ], [ -87.280200690128964, 18.740046980011691 ], [ -87.280718150236765, 18.743588319728769 ], [ -87.279378749965176, 18.74170421958824 ] ] ], [ [ [ -87.373559520274043, 18.743644489613661 ], [ -87.379960339754291, 18.741234969979896 ], [ -87.372378149677047, 18.753031579832243 ], [ -87.373559520274043, 18.743644489613661 ] ] ], [ [ [ -87.315226970339523, 18.747144630322001 ], [ -87.318015690154041, 18.746925619615403 ], [ -87.317818969924005, 18.748415030404825 ], [ -87.315226970339523, 18.747144630322001 ] ] ], [ [ [ -87.302871939538363, 18.749931350272455 ], [ -87.298335550257306, 18.74826020001122 ], [ -87.303436279910201, 18.744803199763986 ], [ -87.302871939538363, 18.749931350272455 ] ] ], [ [ [ -87.319021399565983, 18.753349079745711 ], [ -87.32183909026098, 18.753997049744534 ], [ -87.320318319770777, 18.755925979722985 ], [ -87.319021399565983, 18.753349079745711 ] ] ], [ [ [ -87.289016180226767, 18.754374830331553 ], [ -87.290497800237574, 18.752757919628273 ], [ -87.289785000434691, 18.754520229742496 ], [ -87.289016180226767, 18.754374830331553 ] ] ], [ [ [ -87.320372340203448, 18.762167940181349 ], [ -87.321941599764017, 18.758921749555853 ], [ -87.321616309737877, 18.762490520109392 ], [ -87.320372340203448, 18.762167940181349 ] ] ], [ [ [ -87.328513139735932, 18.753984179914625 ], [ -87.331772680222912, 18.758554089737192 ], [ -87.326728180139327, 18.764961000410416 ], [ -87.325034249824554, 18.761652599864913 ], [ -87.328513139735932, 18.753984179914625 ] ] ], [ [ [ -87.353426599637231, 18.768998880073511 ], [ -87.357773119540283, 18.766815749935134 ], [ -87.354256999719354, 18.770496749899639 ], [ -87.353426599637231, 18.768998880073511 ] ] ], [ [ [ -87.358027049941981, 18.771325479958943 ], [ -87.361101940070753, 18.771975079705722 ], [ -87.356724429851752, 18.773499199649443 ], [ -87.358027049941981, 18.771325479958943 ] ] ], [ [ [ -87.318100520059247, 18.770123820273735 ], [ -87.319342119800552, 18.766632199826965 ], [ -87.320080420388209, 18.770175290433301 ], [ -87.318100520059247, 18.770123820273735 ] ] ], [ [ [ -87.342362579792294, 18.780175880096277 ], [ -87.34938082038758, 18.778674090311867 ], [ -87.339119280137751, 18.78611282960291 ], [ -87.342362579792294, 18.780175880096277 ] ] ], [ [ [ -87.645663430309881, 19.187980019865332 ], [ -87.640289290251019, 19.18454106021132 ], [ -87.647083850332109, 19.186393880264394 ], [ -87.645663430309881, 19.187980019865332 ] ] ], [ [ [ -87.627293279770157, 19.195652889936788 ], [ -87.634017739956889, 19.193063850069873 ], [ -87.627535139767048, 19.19670020038248 ], [ -87.627293279770157, 19.195652889936788 ] ] ], [ [ [ -87.628668690344966, 19.204467249839414 ], [ -87.628529320130028, 19.202554750211114 ], [ -87.631040020378563, 19.202715030375675 ], [ -87.628668690344966, 19.204467249839414 ] ] ], [ [ [ -87.640947850353882, 19.217051150333894 ], [ -87.652024250030649, 19.215542029699808 ], [ -87.640238550142115, 19.218523689982288 ], [ -87.614563679983931, 19.236026089618228 ], [ -87.631312429623534, 19.221494770323556 ], [ -87.640947850353882, 19.217051150333894 ] ] ], [ [ [ -87.60322091993342, 19.236920830321022 ], [ -87.605400909655117, 19.234113719745984 ], [ -87.606027539782573, 19.235056140240555 ], [ -87.60322091993342, 19.236920830321022 ] ] ], [ [ [ -87.471243999699695, 19.334828309573954 ], [ -87.464270199990082, 19.328953859660302 ], [ -87.465541820238997, 19.32655422047122 ], [ -87.471243999699695, 19.334828309573954 ] ] ], [ [ [ -87.518427910251063, 19.370812650446968 ], [ -87.483443860122748, 19.344475049914795 ], [ -87.479267600161876, 19.335405720204747 ], [ -87.494847980283964, 19.350699780373489 ], [ -87.50548972022969, 19.350973250172714 ], [ -87.50625791960033, 19.358538049672411 ], [ -87.514980000223872, 19.357302880396645 ], [ -87.518427910251063, 19.370812650446968 ] ] ], [ [ [ -87.571613180426979, 19.394345649989376 ], [ -87.565448679526085, 19.397258720195584 ], [ -87.56554689030115, 19.393705320429724 ], [ -87.571613180426979, 19.394345649989376 ] ] ], [ [ [ -87.555504519768164, 19.410702749754822 ], [ -87.54939548966594, 19.412374550086117 ], [ -87.549458030278956, 19.408380680163113 ], [ -87.555504519768164, 19.410702749754822 ] ] ], [ [ [ -87.658517800272023, 19.505607249818656 ], [ -87.661849510042131, 19.504691750003129 ], [ -87.65963249026224, 19.507862139658624 ], [ -87.658517800272023, 19.505607249818656 ] ] ], [ [ [ -87.65719284962239, 19.512542230243902 ], [ -87.661870539814458, 19.509814829861284 ], [ -87.657287799602798, 19.517131949908531 ], [ -87.65719284962239, 19.512542230243902 ] ] ], [ [ [ -87.576901780255767, 19.566034139965179 ], [ -87.576960000337564, 19.564747980292456 ], [ -87.577419430321299, 19.565195940179883 ], [ -87.576901780255767, 19.566034139965179 ] ] ], [ [ [ -87.566166719566567, 19.577384489779451 ], [ -87.567496000211563, 19.577163140447933 ], [ -87.566339339709188, 19.577661549973364 ], [ -87.566166719566567, 19.577384489779451 ] ] ], [ [ [ -87.659445660398447, 19.588015180078809 ], [ -87.659983459928753, 19.587475579576385 ], [ -87.660051220236483, 19.587809140278726 ], [ -87.659445660398447, 19.588015180078809 ] ] ], [ [ [ -87.713045850137433, 19.589746279934523 ], [ -87.690584489778161, 19.58793053990081 ], [ -87.675456689710998, 19.587406510394899 ], [ -87.694665290400948, 19.587234150126196 ], [ -87.713045850137433, 19.589746279934523 ] ] ], [ [ [ -87.647197710176457, 19.586853860053569 ], [ -87.648425079704339, 19.587249630343067 ], [ -87.647030880227021, 19.587414709853547 ], [ -87.647197710176457, 19.586853860053569 ] ] ], [ [ [ -87.561446310139331, 19.580870459694545 ], [ -87.562572350093731, 19.58044734039602 ], [ -87.561509850336151, 19.581157769613885 ], [ -87.561446310139331, 19.580870459694545 ] ] ], [ [ [ -87.636283430006728, 19.587951580115405 ], [ -87.63906783012888, 19.587986859627897 ], [ -87.635950320231032, 19.588908879904491 ], [ -87.636283430006728, 19.587951580115405 ] ] ], [ [ [ -87.557712369593034, 19.583565430196824 ], [ -87.558208579986896, 19.583149520452587 ], [ -87.558501140307101, 19.583661260264705 ], [ -87.557712369593034, 19.583565430196824 ] ] ], [ [ [ -87.497718309824208, 19.592584799658468 ], [ -87.499254969704481, 19.591270890041383 ], [ -87.499331889528321, 19.592617970027792 ], [ -87.497718309824208, 19.592584799658468 ] ] ], [ [ [ -87.490819060345927, 19.598880569744399 ], [ -87.491760449986003, 19.594920429695907 ], [ -87.493906550000659, 19.595140600287138 ], [ -87.490819060345927, 19.598880569744399 ] ] ], [ [ [ -87.462320800110561, 19.596695319644319 ], [ -87.464650349660062, 19.597701459942307 ], [ -87.463517620069126, 19.598381979669586 ], [ -87.462320800110561, 19.596695319644319 ] ] ], [ [ [ -87.45869094960355, 19.597779629768702 ], [ -87.455565999925412, 19.59580314020295 ], [ -87.458266679592128, 19.596136179964642 ], [ -87.45869094960355, 19.597779629768702 ] ] ], [ [ [ -87.49238217989793, 19.604858030275395 ], [ -87.48320746001815, 19.604430520080264 ], [ -87.478902540442419, 19.599815480119453 ], [ -87.484620030012024, 19.598553620403084 ], [ -87.49238217989793, 19.604858030275395 ] ] ], [ [ [ -87.464847939839345, 19.603348259839382 ], [ -87.462689339740095, 19.598835849939061 ], [ -87.472583220392863, 19.600735350466806 ], [ -87.464847939839345, 19.603348259839382 ] ] ], [ [ [ -87.523403349916052, 19.612902549754207 ], [ -87.520876580326004, 19.606248380387022 ], [ -87.523423649822405, 19.60474518008521 ], [ -87.523403349916052, 19.612902549754207 ] ] ], [ [ [ -87.495621000340947, 19.609936460158153 ], [ -87.494296290104273, 19.607111849561559 ], [ -87.495135120084925, 19.607001150272456 ], [ -87.495621000340947, 19.609936460158153 ] ] ], [ [ [ -87.465115220086517, 19.613286859955686 ], [ -87.466403249838891, 19.606958619928189 ], [ -87.466068850211528, 19.613284450284556 ], [ -87.465115220086517, 19.613286859955686 ] ] ], [ [ [ -87.696740649775975, 19.645454569727242 ], [ -87.699365090228994, 19.642644879604827 ], [ -87.699380690023432, 19.646235800394599 ], [ -87.696740649775975, 19.645454569727242 ] ] ], [ [ [ -87.519057879746782, 19.628573080062811 ], [ -87.517485490034332, 19.627806140328978 ], [ -87.520667140443962, 19.623187479635877 ], [ -87.519057879746782, 19.628573080062811 ] ] ], [ [ [ -87.675774540054718, 19.645106750384851 ], [ -87.680070020009396, 19.641986879925565 ], [ -87.681436149659149, 19.64569449016302 ], [ -87.675774540054718, 19.645106750384851 ] ] ], [ [ [ -87.709563080048397, 19.650105690322192 ], [ -87.703986280391945, 19.646304710316222 ], [ -87.713454149565152, 19.648786020120138 ], [ -87.709563080048397, 19.650105690322192 ] ] ], [ [ [ -87.461659920453343, 19.695808279846759 ], [ -87.458236979865887, 19.690846420301469 ], [ -87.464271380379586, 19.694702539881199 ], [ -87.461659920453343, 19.695808279846759 ] ] ], [ [ [ -87.468517229962728, 19.695330429983311 ], [ -87.464334170462422, 19.696193449864879 ], [ -87.464252679762041, 19.693765920090918 ], [ -87.468517229962728, 19.695330429983311 ] ] ], [ [ [ -87.478186379498041, 19.704271570197751 ], [ -87.469932890285435, 19.703172679982472 ], [ -87.468314149732876, 19.699173739573386 ], [ -87.478186379498041, 19.704271570197751 ] ] ], [ [ [ -87.478451549871679, 19.704628479742354 ], [ -87.479531110133308, 19.703957820188972 ], [ -87.47908034039888, 19.705254649949882 ], [ -87.478451549871679, 19.704628479742354 ] ] ], [ [ [ -87.50587422032649, 19.710012710413782 ], [ -87.485301170299508, 19.707540630221352 ], [ -87.479742479566241, 19.704631620055483 ], [ -87.50587422032649, 19.710012710413782 ] ] ], [ [ [ -86.862899289931178, 20.545733119898717 ], [ -86.862549019899703, 20.547307599673861 ], [ -86.85908659976414, 20.547185820231164 ], [ -86.862899289931178, 20.545733119898717 ] ] ], [ [ [ -86.729863780708072, 20.569528835396316 ], [ -86.79356274976665, 20.464839150179447 ], [ -86.818117750398059, 20.438271679910205 ], [ -86.830586970371442, 20.438061080108202 ], [ -86.898466539589066, 20.344187580251656 ], [ -86.908080980313628, 20.343302850201074 ], [ -86.957528649576773, 20.292376799947196 ], [ -86.988217830481929, 20.271619689803583 ], [ -86.994375749629668, 20.274540710234081 ], [ -87.003040814258014, 20.297351280973377 ], [ -87.017024859363858, 20.299398002938418 ], [ -87.009885179548476, 20.315561799750746 ], [ -87.025288946976374, 20.366975820664972 ], [ -87.01706143231398, 20.412170438720938 ], [ -86.926218724678236, 20.552528243190196 ], [ -86.896964020303187, 20.565580080231154 ], [ -86.864982926859454, 20.537199960674236 ], [ -86.854338619630269, 20.549904020353736 ], [ -86.789970837356975, 20.556301772163955 ], [ -86.767560829811472, 20.5688914902622 ], [ -86.773621909853205, 20.563236490420241 ], [ -86.768712029847364, 20.56063528999497 ], [ -86.759337229715769, 20.575370149888403 ], [ -86.726939199708895, 20.592156779998614 ], [ -86.729863780708072, 20.569528835396316 ] ] ], [ [ [ -86.748697429632188, 21.26508662978328 ], [ -86.73892777022391, 21.245508679760803 ], [ -86.710405279883574, 21.201453540018722 ], [ -86.71844664966558, 21.205545220000751 ], [ -86.742552580039984, 21.234361370156762 ], [ -86.740134369569972, 21.239376650163404 ], [ -86.739862569567762, 21.23370072195884 ], [ -86.730135109897859, 21.221375679806481 ], [ -86.745358756155127, 21.254337094441354 ], [ -86.7530721995401, 21.257784459787036 ], [ -86.748697429632188, 21.26508662978328 ] ] ], [ [ [ -86.851708750037986, 21.435971649637459 ], [ -86.870446819660287, 21.428678799797105 ], [ -86.878517890098109, 21.420434169660044 ], [ -86.888328909704072, 21.416807520228861 ], [ -86.874821170414137, 21.426330920129011 ], [ -86.882647779952876, 21.424841599895494 ], [ -86.88358557037013, 21.433994150466663 ], [ -86.868663980421857, 21.429651680080593 ], [ -86.851708750037986, 21.435971649637459 ] ] ], [ [ [ -86.903170550142761, 21.465974309685812 ], [ -86.901934370099241, 21.457299049717463 ], [ -86.903937479961343, 21.451126479751483 ], [ -86.913194519641038, 21.449317489558045 ], [ -86.902322620143281, 21.457029199699829 ], [ -86.903170550142761, 21.465974309685812 ] ] ], [ [ [ -86.93401142962648, 21.466821109644727 ], [ -86.931797429865455, 21.474205819677639 ], [ -86.927338519585049, 21.468299260358549 ], [ -86.93401142962648, 21.466821109644727 ] ] ], [ [ [ -86.921916249611897, 21.477699349526532 ], [ -86.913198340469208, 21.471912850062647 ], [ -86.911786250058341, 21.466355970253101 ], [ -86.920253889524218, 21.472306509933354 ], [ -86.921916249611897, 21.477699349526532 ] ] ], [ [ [ -86.97750780034356, 21.5355056798352 ], [ -86.972029079568685, 21.530985489951018 ], [ -86.974673089624034, 21.526391719514812 ], [ -86.97750780034356, 21.5355056798352 ] ] ], [ [ [ -86.803785740425184, 21.53173298005699 ], [ -86.791523080035191, 21.494037649963975 ], [ -86.784222780033431, 21.457999369755843 ], [ -86.797017509658616, 21.50185241996487 ], [ -86.798849229698277, 21.490726060142975 ], [ -86.803785740425184, 21.53173298005699 ] ] ], [ [ [ -87.009356179774329, 21.566027290006737 ], [ -87.003656680248454, 21.562060149961003 ], [ -87.009340920454221, 21.559708949883959 ], [ -87.009356179774329, 21.566027290006737 ] ] ], [ [ [ -87.025478290235114, 21.573858890106511 ], [ -87.019967029678284, 21.572434079620471 ], [ -87.01913163008669, 21.569563380432371 ], [ -87.025478290235114, 21.573858890106511 ] ] ], [ [ [ -87.085747199687844, 21.589413689998775 ], [ -87.065980280122503, 21.570451580400828 ], [ -87.010305110404445, 21.557443310333326 ], [ -86.974827199733909, 21.510542420386749 ], [ -86.970204460368834, 21.53133282015175 ], [ -86.990054750007133, 21.54328178036041 ], [ -86.997659429941663, 21.541354029582557 ], [ -86.992476732783928, 21.555946920277588 ], [ -86.985081962709558, 21.551474246579616 ], [ -86.992788999480922, 21.562234690387363 ], [ -86.980242257602896, 21.548908769143459 ], [ -86.983653505279463, 21.545906880299885 ], [ -86.975926689733697, 21.547602309807036 ], [ -86.952318889999717, 21.514686739985933 ], [ -86.952455479606598, 21.488594919953659 ], [ -86.886736219686668, 21.403546199813828 ], [ -86.874478939995086, 21.344547179976935 ], [ -86.861808089741814, 21.323057509647725 ], [ -86.864272679862367, 21.303872000233142 ], [ -86.850916260015268, 21.255861849710669 ], [ -86.823467594149577, 21.243991579215898 ], [ -86.823159280228836, 21.251448199939396 ], [ -86.831563029739684, 21.253725690352567 ], [ -86.830925438148057, 21.27239181715392 ], [ -86.836884423745033, 21.272547730889492 ], [ -86.830328057167833, 21.282632362802659 ], [ -86.821106102644023, 21.281781601807211 ], [ -86.827449199792923, 21.296326259819139 ], [ -86.821325118461061, 21.315974600804712 ], [ -86.802095726410698, 21.325782510171628 ], [ -86.792542729130133, 21.342364275178955 ], [ -86.810057049811093, 21.398560290104307 ], [ -86.827920690386136, 21.412998050424182 ], [ -86.822067940232188, 21.420090820232165 ], [ -86.80983471965294, 21.41290527966332 ], [ -86.799219740017378, 21.388798860149688 ], [ -86.795054080421679, 21.385918089947179 ], [ -86.801322356840458, 21.41235238330043 ], [ -86.795804793591714, 21.412256632598748 ], [ -86.790400029615029, 21.345640999946966 ], [ -86.815737660454431, 21.286801110245914 ], [ -86.799785001202139, 21.239198810733278 ], [ -86.806913690188793, 21.179491079946008 ], [ -86.788106019803493, 21.143475090145216 ], [ -86.740599419562713, 21.134896449923335 ], [ -86.770256669465681, 21.08482385272017 ], [ -86.781501544779459, 21.049285008892515 ], [ -86.778628860404964, 21.032534980338074 ], [ -86.800467569309347, 21.035190471465466 ], [ -86.812968350144899, 21.023054250024927 ], [ -86.846468120383207, 20.904798140313805 ], [ -86.86053885962167, 20.891216149999682 ], [ -86.87792508043465, 20.841401830383354 ], [ -86.940453230461145, 20.782329219721078 ], [ -86.964158719567152, 20.747800370287731 ], [ -86.962731600437735, 20.730089999888616 ], [ -87.010242579704098, 20.702374110303172 ], [ -87.021801838403221, 20.674255546248773 ], [ -87.098851635286394, 20.592633915584184 ], [ -87.168982665455005, 20.535812819856524 ], [ -87.231308228578371, 20.497370821057249 ], [ -87.282239630006856, 20.446063060153204 ], [ -87.353857745046568, 20.329654505674295 ], [ -87.363569000718684, 20.293946189574672 ], [ -87.374533338581969, 20.290609888372202 ], [ -87.367573613684115, 20.285954075785735 ], [ -87.378945890416873, 20.283557219929818 ], [ -87.381995414443736, 20.267211274212546 ], [ -87.390900421525288, 20.266018997180595 ], [ -87.42435954813557, 20.224189125645353 ], [ -87.457920866673788, 20.149761447775916 ], [ -87.478031983554843, 20.076008910863909 ], [ -87.476231242849337, 19.999200890206758 ], [ -87.464326323272559, 19.99450740257705 ], [ -87.465041292017133, 19.958631120166395 ], [ -87.452471479994571, 19.933239649837017 ], [ -87.435980221348402, 19.927031877868352 ], [ -87.432138819038087, 19.908241115335798 ], [ -87.429935970634915, 19.886185418614588 ], [ -87.448558401932502, 19.839048280703945 ], [ -87.47386708017379, 19.818753490076645 ], [ -87.4696231842765, 19.780233009146528 ], [ -87.476989879585773, 19.777215650410056 ], [ -87.475613600079285, 19.784014509635167 ], [ -87.486470399812049, 19.786958200404456 ], [ -87.487191029754413, 19.801296030304922 ], [ -87.472497999660533, 19.835836460106211 ], [ -87.472620280216248, 19.830607149804266 ], [ -87.466845489782983, 19.838386770211073 ], [ -87.452020079873549, 19.836975229700155 ], [ -87.438510710268815, 19.866422429778311 ], [ -87.441954419869276, 19.875411850089566 ], [ -87.43351319121571, 19.885947856432917 ], [ -87.438534630425508, 19.887394539975087 ], [ -87.431160749592181, 19.888260799759216 ], [ -87.435313680465285, 19.9152319395935 ], [ -87.43974980006341, 19.910952430205448 ], [ -87.458906800077031, 19.924810430043557 ], [ -87.457734780146652, 19.938289690205462 ], [ -87.467401289842044, 19.945072940142413 ], [ -87.47297866132412, 19.938160289261855 ], [ -87.457284925614999, 19.917080049032521 ], [ -87.463554012898896, 19.893845999666787 ], [ -87.459166699282335, 19.887694002129845 ], [ -87.447450620028704, 19.890205820100899 ], [ -87.456461371123311, 19.881294985934524 ], [ -87.45937394016569, 19.858391050335378 ], [ -87.474333066302933, 19.855268964978805 ], [ -87.497722939617205, 19.806903629950728 ], [ -87.545241343062813, 19.795726279765329 ], [ -87.554598665225129, 19.808471956806482 ], [ -87.578656204878541, 19.790261108757203 ], [ -87.64280948017597, 19.68803073080143 ], [ -87.65285886490804, 19.649998384265185 ], [ -87.666779429578369, 19.616488119549814 ], [ -87.679337690071506, 19.614577890322643 ], [ -87.683990510349318, 19.62147114032307 ], [ -87.676413770395683, 19.621318029838665 ], [ -87.689395679827584, 19.626224690058944 ], [ -87.672447599591507, 19.625674979949604 ], [ -87.67978172030908, 19.628852879695305 ], [ -87.660685020384236, 19.634262710048226 ], [ -87.667279509540649, 19.638489550255748 ], [ -87.659496889887961, 19.63722245025351 ], [ -87.663372919547584, 19.647430740228426 ], [ -87.657033369738855, 19.646931140139248 ], [ -87.649100000375753, 19.688100000011985 ], [ -87.742233896458856, 19.663731271612725 ], [ -87.738400739935329, 19.641173480028403 ], [ -87.748472459995511, 19.599479979783489 ], [ -87.738894819636101, 19.586519750204541 ], [ -87.723448219885455, 19.587486599751706 ], [ -87.734910780244121, 19.583942629995306 ], [ -87.728511104586772, 19.57642673631636 ], [ -87.707580660227961, 19.5730600299621 ], [ -87.713871074898819, 19.561224358567259 ], [ -87.70199213634605, 19.55020940391751 ], [ -87.681631279639063, 19.558104999907268 ], [ -87.676400000391638, 19.563800000456627 ], [ -87.682137060397736, 19.566656450336481 ], [ -87.689679779588346, 19.564751780105329 ], [ -87.692452769892014, 19.561847649580557 ], [ -87.693190090266114, 19.561622229695573 ], [ -87.689219029527081, 19.566883920071788 ], [ -87.676779945384311, 19.569362683724698 ], [ -87.669357089573992, 19.537550719763846 ], [ -87.677725225972722, 19.537866075912092 ], [ -87.686444759808097, 19.533043503995209 ], [ -87.68724030496405, 19.530473383657686 ], [ -87.663799999657144, 19.529399999667028 ], [ -87.664148540211784, 19.521119169731644 ], [ -87.672977339548751, 19.519014419776216 ], [ -87.663529849993566, 19.513190940301122 ], [ -87.669500000245847, 19.500999999603451 ], [ -87.650442940155557, 19.505166650405879 ], [ -87.63275897009531, 19.538399380459666 ], [ -87.610076679734874, 19.554100179858132 ], [ -87.550416689957686, 19.566099449769158 ], [ -87.538100000008924, 19.557699999556167 ], [ -87.531461149535218, 19.561963750105278 ], [ -87.536800000216672, 19.54659999981126 ], [ -87.525700000048261, 19.540499999872917 ], [ -87.5149999995961, 19.56310000038377 ], [ -87.492400000083734, 19.570699999674705 ], [ -87.509899999538533, 19.576400000188467 ], [ -87.502000000451488, 19.580600000059537 ], [ -87.504788399890359, 19.590131979611183 ], [ -87.49540000050618, 19.585799999620217 ], [ -87.451699999671831, 19.596000000185597 ], [ -87.462317990406561, 19.607465693124091 ], [ -87.445147880450492, 19.622767549877668 ], [ -87.456128109852514, 19.636237460017298 ], [ -87.454454399648739, 19.648017169882529 ], [ -87.448281644790669, 19.63211084976993 ], [ -87.410056794643779, 19.598173372815623 ], [ -87.440202519568629, 19.469030510079747 ], [ -87.491844017062277, 19.43642880655236 ], [ -87.528476843722558, 19.393996046304132 ], [ -87.545577243216883, 19.391349466002861 ], [ -87.54961686387098, 19.393615883098537 ], [ -87.555064910277139, 19.391441429746234 ], [ -87.564757580076702, 19.394185199812568 ], [ -87.541467519719689, 19.399920349891136 ], [ -87.539346400978545, 19.418483349853069 ], [ -87.545406220216108, 19.417006710172672 ], [ -87.547895508808821, 19.418572647024149 ], [ -87.541823421669264, 19.420229762699588 ], [ -87.539371784280817, 19.425808806219244 ], [ -87.535737157808839, 19.428188267266876 ], [ -87.535443056405143, 19.428608123266518 ], [ -87.535543082705445, 19.429045394798003 ], [ -87.554587650368973, 19.426782350127567 ], [ -87.605319999817283, 19.396711479691987 ], [ -87.635955480363606, 19.37343391030252 ], [ -87.656268539770551, 19.302797689742622 ], [ -87.66907214149137, 19.295181798392399 ], [ -87.657900000015118, 19.282099999890384 ], [ -87.659800000075649, 19.266800000433154 ], [ -87.686851120400306, 19.234752420120032 ], [ -87.673818919686326, 19.223536710134713 ], [ -87.686136510416347, 19.220458820149716 ], [ -87.676850349667305, 19.219096230370322 ], [ -87.682183618217877, 19.205801816910881 ], [ -87.673874089666711, 19.205765939602095 ], [ -87.678491479600893, 19.199906780139884 ], [ -87.6692881201338, 19.199268519812545 ], [ -87.670817140127795, 19.189853890045963 ], [ -87.65717940017214, 19.19013556995646 ], [ -87.655191279529333, 19.181139480261379 ], [ -87.637758580119154, 19.177154280217465 ], [ -87.606873537849566, 19.230238704711933 ], [ -87.58681256010793, 19.246129974948271 ], [ -87.577822720049951, 19.269844999984485 ], [ -87.599772847726115, 19.242674625424016 ], [ -87.601652962652381, 19.247879213856404 ], [ -87.611987830048378, 19.240121880220279 ], [ -87.556210980313679, 19.296090820012306 ], [ -87.538910630017497, 19.306754949850482 ], [ -87.516089812913862, 19.308227394315349 ], [ -87.509635450353016, 19.319783450204781 ], [ -87.489254279847245, 19.326387101037721 ], [ -87.463798059335204, 19.325923997729141 ], [ -87.445328398180393, 19.311991918994959 ], [ -87.526281550113922, 19.229961552795228 ], [ -87.537243290258644, 19.207976230055127 ], [ -87.540756910267746, 19.155073060029022 ], [ -87.54859745005605, 19.144368369673046 ], [ -87.549035991539398, 19.086222339028208 ], [ -87.605330289618294, 18.98766770969301 ], [ -87.614045069730778, 18.953156175316909 ], [ -87.627432110037816, 18.93966074042952 ], [ -87.64170215013236, 18.861632630457272 ], [ -87.668909880154132, 18.802014650450399 ], [ -87.669349220334198, 18.763380599723984 ], [ -87.692101133244336, 18.733247721759309 ], [ -87.687978554325383, 18.727886721449085 ], [ -87.698838630055874, 18.728151119696335 ], [ -87.711765248512336, 18.71011205057399 ], [ -87.725230510135248, 18.668543830003696 ], [ -87.740626761918804, 18.539022540068466 ], [ -87.761908360634934, 18.497320395355491 ], [ -87.763791635866227, 18.418316773571068 ], [ -87.827875449018677, 18.310543526751477 ], [ -87.844294679550018, 18.190940050315184 ], [ -87.856308049668286, 18.181305819916076 ], [ -87.860188580453581, 18.189830319744626 ], [ -87.867511309762932, 18.188238660043009 ], [ -87.902425659708925, 18.142692249880554 ], [ -87.92545256985747, 18.160235819560473 ], [ -88.030298890266181, 18.160361089641846 ], [ -88.030365889959739, 18.414794289693841 ], [ -88.249633650420563, 18.415552450189331 ], [ -88.25009436989906, 18.473072290066181 ], [ -88.288986599663289, 18.475272949581445 ], [ -88.326852600096572, 18.490176690433032 ], [ -88.380132970036897, 18.478946350038363 ], [ -88.402395460153997, 18.496658480320001 ], [ -88.447141400452679, 18.475591570145561 ], [ -88.454228319976664, 18.488514650083427 ], [ -88.476423140421801, 18.49467436993152 ], [ -88.520587370463502, 18.45925001978086 ], [ -88.531935279992723, 18.408221629676344 ], [ -88.551637510420136, 18.376148150291939 ], [ -88.544384749925484, 18.36002444997261 ], [ -88.605831599607171, 18.291741050399896 ], [ -88.597253720084055, 18.288878420072109 ], [ -88.606388799904437, 18.26438705027131 ], [ -88.604420619563498, 18.241518180222464 ], [ -88.61554439974492, 18.223278089817374 ], [ -88.632377460168286, 18.212928460401557 ], [ -88.641649829564102, 18.216371020118281 ], [ -88.67349454976106, 18.194229719929066 ], [ -88.686682229630023, 18.194695979517313 ], [ -88.697563919594728, 18.18241857998326 ], [ -88.684390219653935, 18.177805890388619 ], [ -88.680088819580575, 18.160184890205631 ], [ -88.718608020182003, 18.108829380143057 ], [ -88.71031300027434, 18.096960509652284 ], [ -88.719594860302877, 18.083881229883009 ], [ -88.716686619611352, 18.060526309894868 ], [ -88.766651739699498, 18.034298229852354 ], [ -88.769846200472159, 18.00678527971861 ], [ -88.788495619877338, 17.993037479587642 ], [ -88.784455349624409, 17.979860829712724 ], [ -88.815171319778955, 17.950299279831352 ], [ -88.830542450369848, 17.948771089951403 ], [ -88.859434799658075, 17.925191060136466 ], [ -88.854151630110522, 17.90774852003706 ], [ -88.859766169749363, 17.894461350080149 ], [ -88.882943720383892, 17.896225480358506 ], [ -88.885356940478673, 17.907561659899734 ], [ -88.896253379708526, 17.906120650378412 ], [ -88.90658191988561, 17.915857110106774 ], [ -88.913682109617795, 17.910594549706801 ], [ -88.933740680041126, 17.93128041987109 ], [ -88.930475709936317, 17.94139042985136 ], [ -88.937963029511565, 17.940634540410969 ], [ -88.944779680346358, 17.959129919810099 ], [ -88.959765849748806, 17.951716950351269 ], [ -88.983252310340589, 17.957981950172172 ], [ -88.987223859593371, 17.947284310258013 ], [ -89.003988749630594, 17.972485539925664 ], [ -89.000620690122545, 17.984429060385573 ], [ -89.037520709920898, 18.005121690392727 ], [ -89.05859769025615, 17.990307489810117 ], [ -89.085060200234238, 17.990417680082334 ], [ -89.111592180397139, 17.969760079810637 ], [ -89.132705260173125, 17.972034119810974 ], [ -89.136210849849675, 17.955439919878447 ], [ -89.151956629628032, 17.9402569102309 ], [ -89.152170090333001, 17.953609979967933 ], [ -89.205872050232813, 17.954099719691662 ], [ -89.206738940349723, 18.021079949709605 ], [ -89.163003830098873, 18.018517310312589 ], [ -89.163360690481042, 18.057885119714854 ], [ -89.144753540115275, 18.057699079972892 ], [ -89.144382859967578, 18.082442939944588 ], [ -89.202457779954614, 18.083276219814604 ], [ -89.200236650208666, 18.144629340466555 ], [ -89.143065970414384, 18.145819600276866 ], [ -89.142872629877914, 18.224163829698924 ], [ -89.158058679998447, 18.221326979728097 ], [ -89.151673660454918, 18.293562630021242 ], [ -89.132359539731567, 18.293402649845767 ], [ -89.138214059980697, 18.385543890042111 ], [ -89.121229199889981, 18.385849629781344 ], [ -89.12549018033539, 18.45062541960456 ], [ -89.150237819659708, 18.45105940033983 ], [ -89.155742249561413, 18.753114749966841 ], [ -89.144381850486738, 18.755918739857925 ], [ -89.147121750324672, 18.995045579877413 ], [ -89.135819780114616, 19.132372659872903 ], [ -89.146951430212098, 19.133156660062411 ], [ -89.146666850265717, 19.423861650160529 ], [ -89.2965618203677, 19.551174089774811 ], [ -89.219556570378174, 19.60802224981191 ], [ -89.222868740324557, 19.636656970169497 ], [ -89.190249629706315, 19.633317739978221 ], [ -89.18920314032934, 19.644005940450189 ], [ -89.14486168990787, 19.637398719799904 ], [ -89.149520650465021, 19.581249339716987 ], [ -89.109024460257132, 19.582349380296378 ], [ -89.108391679904116, 19.612338490239409 ], [ -89.133640600383472, 19.614632029677875 ], [ -89.123398519909827, 19.703424149705725 ], [ -89.036200459608239, 19.678039520365541 ], [ -89.030523629818674, 19.708831749732028 ], [ -88.997529380192887, 19.704883890224092 ], [ -88.994741279800238, 19.727439600081219 ], [ -89.048827059716785, 19.721493320330552 ], [ -89.025162979667343, 19.776709679597793 ], [ -89.004087429919494, 19.772007400012686 ], [ -88.99946796983096, 19.797994380381045 ], [ -88.98440498042325, 19.798160260377589 ], [ -88.974451769601671, 19.818100830317157 ], [ -88.956386719719035, 19.816823549853797 ], [ -88.958076800333131, 19.810466540444949 ], [ -88.94385214006121, 19.813442779761939 ], [ -88.945433749586812, 19.791946320019779 ], [ -88.929512460381972, 19.790948549743685 ], [ -88.920294139941888, 19.803973909774442 ], [ -88.911103970423923, 19.800937579952873 ], [ -88.897585430208792, 19.836862539809271 ], [ -88.900488020167657, 19.861114020317192 ], [ -88.879124830390197, 19.862393230298402 ], [ -88.880191540115121, 19.878124880218241 ], [ -88.825926339722187, 19.879925579709106 ], [ -88.820414050206637, 19.890473150092316 ], [ -88.829436720268674, 19.906014600216405 ], [ -88.827282739684989, 19.910920370133379 ], [ -88.816503290336385, 19.904473520415355 ], [ -88.810176220466246, 19.94494667971237 ], [ -88.805639509974981, 19.953830739689685 ], [ -88.798377650448998, 19.952523020233606 ], [ -88.798022380417081, 19.974930079820904 ], [ -88.790770800047497, 19.972020180309919 ], [ -88.783502579806324, 20.008180180391111 ], [ -88.742472080000667, 20.015087349940924 ], [ -88.736245569820184, 20.009661309889026 ], [ -88.735978910058975, 20.017576550198779 ], [ -88.72278249028048, 20.013199750066502 ], [ -88.722148199777351, 20.00512405961431 ], [ -88.70017617005405, 20.010356720341505 ], [ -88.684891830082108, 20.077414320321843 ], [ -88.690802109908148, 20.077029569767024 ], [ -88.690608909623649, 20.089856119857675 ], [ -88.639866400158894, 20.120356059713068 ], [ -88.61917314965244, 20.117171540033098 ], [ -88.616383630106824, 20.134460819644989 ], [ -88.587973520249207, 20.131451199633339 ], [ -88.576681550005404, 20.148078309740423 ], [ -88.50762119992244, 20.143391090063083 ], [ -88.502345249822667, 20.19007794957307 ], [ -88.519929952468658, 20.19232803335327 ], [ -88.443426183123108, 20.238149784308305 ], [ -88.415113803847206, 20.232970454384585 ], [ -88.402892003529374, 20.239488883991893 ], [ -88.409127742967101, 20.252097322780301 ], [ -88.351903370431174, 20.25902306026666 ], [ -88.308788430139657, 20.253510030103122 ], [ -88.266814949591804, 20.269120319855912 ], [ -88.264634200082511, 20.290342029584231 ], [ -88.136489600397752, 20.281371780308138 ], [ -88.047306600599796, 20.366308721412715 ], [ -88.047533280140854, 20.37881817089044 ], [ -88.034030061031373, 20.378940090269577 ], [ -87.992960030941049, 20.417992920304368 ], [ -87.995065450625248, 20.447316431246666 ], [ -87.9627420500439, 20.446706030192459 ], [ -87.744259480348219, 20.653787090595678 ], [ -87.533145279908481, 20.999602139939157 ], [ -87.534912909530121, 21.490222449965476 ], [ -87.488333230266889, 21.485183140341693 ], [ -87.486582180346062, 21.46525536976991 ], [ -87.473243820433595, 21.457225880211592 ], [ -87.431086450041406, 21.468571939614566 ], [ -87.355448980189195, 21.44676809046225 ], [ -87.341095969611814, 21.432266350383081 ], [ -87.315756690332094, 21.441374719743266 ], [ -87.272129769613102, 21.432341119810079 ], [ -87.273864320169821, 21.4432842203646 ], [ -87.23246218026695, 21.418610779779492 ], [ -87.228975919774442, 21.432716119712659 ], [ -87.222454080347802, 21.431327570231669 ], [ -87.215639819612392, 21.443261570337977 ], [ -87.188374520065423, 21.43970676960905 ], [ -87.166610739776331, 21.449713399980691 ], [ -87.158375180433296, 21.463253000230029 ], [ -87.13175805990214, 21.459746340111355 ], [ -87.111731909800795, 21.471221049524683 ], [ -87.110804179681352, 21.520063339688804 ], [ -87.099089195632288, 21.532603340671539 ], [ -87.104682241780836, 21.546824331921172 ], [ -87.128709340032415, 21.554537340079872 ], [ -87.101520149711746, 21.584969550160253 ], [ -87.085747199687844, 21.589413689998775 ] ] ], [ [ [ -87.033980339748936, 21.585844949650223 ], [ -86.999985819520234, 21.571380349989571 ], [ -86.992513059503096, 21.563996110170429 ], [ -87.014518399888786, 21.569833740023626 ], [ -87.023122620317736, 21.580218350138832 ], [ -87.030312779581848, 21.574616550009988 ], [ -87.04201916958371, 21.584145889961931 ], [ -87.033980339748936, 21.585844949650223 ] ] ], [ [ [ -87.102531370298593, 21.605419089667567 ], [ -87.057492659529657, 21.592685819969681 ], [ -87.049277399520136, 21.58962142006315 ], [ -87.046184449612284, 21.585134089817689 ], [ -87.06783032619677, 21.594320917770013 ], [ -87.088402125587123, 21.589901146891975 ], [ -87.10606786016281, 21.60127707979716 ], [ -87.129533229598096, 21.568364089814391 ], [ -87.157909386367578, 21.562169057696103 ], [ -87.162345030026444, 21.558451520119149 ], [ -87.156854026266217, 21.56110904946518 ], [ -87.151311910068586, 21.557107849614763 ], [ -87.166530719946579, 21.556324279943187 ], [ -87.208578319925024, 21.520594229740734 ], [ -87.222885740298835, 21.516532569780406 ], [ -87.207037758595916, 21.525965352213046 ], [ -87.259088148308962, 21.523257700821596 ], [ -87.261604189643947, 21.529834530804916 ], [ -87.289846419714706, 21.511123309942544 ], [ -87.287237645532898, 21.52245066216619 ], [ -87.296768681611653, 21.519273246322985 ], [ -87.290826692452455, 21.523729024996005 ], [ -87.306112348713654, 21.527954114367862 ], [ -87.300075790973906, 21.529334922969234 ], [ -87.315879170225301, 21.525835829689225 ], [ -87.315241339823586, 21.533996000280219 ], [ -87.324689407791752, 21.539087893957902 ], [ -87.318836120975504, 21.539639500299895 ], [ -87.325947667382891, 21.547379838849686 ], [ -87.3306494816092, 21.54236869430466 ], [ -87.328522864430326, 21.549157509541782 ], [ -87.358711949602281, 21.53520360000282 ], [ -87.364594860338713, 21.518837369851223 ], [ -87.376025888625023, 21.519384651775187 ], [ -87.371829904614231, 21.509781858167226 ], [ -87.380541709590631, 21.514613999776447 ], [ -87.390313050020154, 21.503092580183647 ], [ -87.397251074589477, 21.511242609233051 ], [ -87.334921949642336, 21.566179919800177 ], [ -87.30800325976908, 21.548126569602825 ], [ -87.280926509762025, 21.541485309889126 ], [ -87.221190650305772, 21.543715920068436 ], [ -87.147123859562072, 21.571359349931292 ], [ -87.102531370298593, 21.605419089667567 ] ] ] ] } },
{ "type": "Feature", "properties": { "fid": 24, "CVEGEO": "24", "CVE_ENT": "24", "NOMGEO": "San Luis Potosí", "PibCalc25": 572856, "SUP": 61137.963796176809, "Long_Carret": 7602.254, "Municipios": 59, "UE": 126961, "Dens_Carret": 0.12435, "Dens_UE": 2.07663 }, "geometry": { "type": "MultiPolygon", "coordinates": [ [ [ [ -100.711210090288958, 24.491521830307388 ], [ -100.603533340362105, 24.401300059597475 ], [ -100.599935519995, 24.348791050295915 ], [ -100.633066479594873, 24.225980249895311 ], [ -100.585092909768207, 24.223925429954743 ], [ -100.593512539941173, 24.178200250440781 ], [ -100.613399889596266, 24.17394417963461 ], [ -100.516827490200754, 24.139896679748663 ], [ -100.519580020251908, 24.118382339884793 ], [ -100.538683260081001, 24.118516029675337 ], [ -100.52375899982286, 24.071454949599126 ], [ -100.541282660111108, 24.025747619599365 ], [ -100.562401619890267, 23.919641080111038 ], [ -100.546767799638317, 23.917436620203063 ], [ -100.549434310239633, 23.889314600078631 ], [ -100.539845620186, 23.88839305967376 ], [ -100.550298690133673, 23.842202580355973 ], [ -100.525529950346098, 23.839525909835881 ], [ -100.528791430287598, 23.816352630335146 ], [ -100.497601720262949, 23.798712690101212 ], [ -100.497706279931819, 23.736309710004807 ], [ -100.490302339852363, 23.739600880234949 ], [ -100.466483279842024, 23.688941030096782 ], [ -100.447100429872023, 23.696534520036629 ], [ -100.44572012005375, 23.677331519643026 ], [ -100.458328450484558, 23.660112550057818 ], [ -100.449844600358276, 23.656008939821238 ], [ -100.454355120166156, 23.649904549902271 ], [ -100.463350540106688, 23.653140199838685 ], [ -100.477378629642715, 23.633818690209697 ], [ -100.491636889683903, 23.568612509934134 ], [ -100.469544950274809, 23.566783109964774 ], [ -100.459176110230274, 23.511566110344219 ], [ -100.494168679954669, 23.528406399694912 ], [ -100.517211320411718, 23.421042849811876 ], [ -100.457083249917375, 23.366409600444179 ], [ -100.483607850220508, 23.214045659967645 ], [ -100.479849679542255, 23.194365350276925 ], [ -100.331757940369627, 23.162683179970823 ], [ -100.32351520039758, 23.195627450091049 ], [ -100.363764309811472, 23.189005380031272 ], [ -100.374316570057246, 23.265323820032052 ], [ -100.306256939586689, 23.260942119595754 ], [ -100.278434980075232, 23.310368400349152 ], [ -100.220166450139644, 23.297931720055651 ], [ -100.218237720303492, 23.31013434985044 ], [ -100.206364230241647, 23.307108860117044 ], [ -100.228236510049129, 23.250476149783751 ], [ -100.103813350303668, 23.231535380355883 ], [ -100.109740198538802, 23.199717861165322 ], [ -100.118286169148718, 23.200545310865291 ], [ -100.11898962995204, 23.152427890246237 ], [ -100.110154999121974, 23.151069889702896 ], [ -100.115597260137733, 23.125989890282739 ], [ -100.068742968608035, 23.121156260089851 ], [ -100.069029110261866, 23.095941780315265 ], [ -100.011252220211119, 23.063920580116832 ], [ -100.062097419612996, 23.039843659869749 ], [ -100.06184234026739, 23.011979630333499 ], [ -100.071655780189957, 22.997357199803961 ], [ -100.097455310192572, 23.013090969898627 ], [ -100.089421019760394, 22.968757480186195 ], [ -100.110846950053585, 22.975718969993785 ], [ -100.110383629615939, 22.916714419707148 ], [ -100.044239080387911, 22.917892400350212 ], [ -100.029384200445151, 22.824393549616175 ], [ -100.101920399600971, 22.762792749659035 ], [ -100.094059939550192, 22.751265170125407 ], [ -100.022343260255028, 22.725924550364418 ], [ -99.956958139704099, 22.751666520119251 ], [ -99.882396980274635, 22.749862310203209 ], [ -99.842819000471025, 22.730557200035712 ], [ -99.847923570269955, 22.678435110238606 ], [ -99.814028980120824, 22.660765780447612 ], [ -99.805485849609639, 22.657773139593893 ], [ -99.785036940406911, 22.668508980215847 ], [ -99.754778579666137, 22.656610649989958 ], [ -99.724085169803587, 22.659608400373365 ], [ -99.682535459728797, 22.681124709752421 ], [ -99.560638290151545, 22.641220490113643 ], [ -99.534691910035946, 22.612764650033061 ], [ -99.494536369549053, 22.620868630419849 ], [ -99.544327380444727, 22.74414014956519 ], [ -99.49678850962232, 22.748497949591506 ], [ -99.477126830082241, 22.740637219807684 ], [ -99.442052880321299, 22.663615710196158 ], [ -99.385553110077439, 22.670268459766419 ], [ -99.373200480067609, 22.629077679622618 ], [ -99.329617679656209, 22.634887779649294 ], [ -99.321387859826572, 22.616730449646621 ], [ -99.330107520052891, 22.614844689562386 ], [ -99.328590050254391, 22.608702399888919 ], [ -99.31403440017678, 22.609898169743357 ], [ -99.288653379949878, 22.555824169664927 ], [ -99.2631485402583, 22.469791229906772 ], [ -99.236838750213465, 22.41286200008102 ], [ -99.120567050066754, 22.40663648035466 ], [ -99.060399449537499, 22.415268520389816 ], [ -98.931972719781072, 22.392775140074729 ], [ -98.925544860418654, 22.371746779786733 ], [ -98.91228263002607, 22.37379792039463 ], [ -98.889997249592014, 22.355093510383441 ], [ -98.872289490001975, 22.36741298000867 ], [ -98.849877059749545, 22.368126919616746 ], [ -98.821467319733387, 22.356255800141618 ], [ -98.758019489528934, 22.366532570092964 ], [ -98.745939570085767, 22.380865349796458 ], [ -98.731507180048737, 22.381256080026958 ], [ -98.726382769556594, 22.38977922964763 ], [ -98.676661579882548, 22.408932849642696 ], [ -98.670833339575196, 22.40535726016202 ], [ -98.681546600080523, 22.371574859923978 ], [ -98.579315820465084, 22.377756939614738 ], [ -98.579290650299313, 22.348628109930605 ], [ -98.535214519993573, 22.337878309701992 ], [ -98.525551019669976, 22.318834849698042 ], [ -98.506120079678681, 22.315974400084855 ], [ -98.475908379789203, 22.28863979974621 ], [ -98.464516630346196, 22.303465739843528 ], [ -98.446659030070805, 22.30562127973036 ], [ -98.427700230470464, 22.283455229957731 ], [ -98.430371519842126, 22.274602919561463 ], [ -98.40755789009232, 22.284209520243461 ], [ -98.396378110250453, 22.276261910415755 ], [ -98.406418780137884, 22.269350980175155 ], [ -98.40509330959722, 22.256076289553555 ], [ -98.368136680031469, 22.255373109769447 ], [ -98.374555850274675, 22.236079400281138 ], [ -98.325967050247115, 22.243052799913691 ], [ -98.344615140278734, 22.222088739974943 ], [ -98.352261219529879, 22.222798779634498 ], [ -98.330413179901399, 22.201344450267889 ], [ -98.336545020013929, 22.187693250162898 ], [ -98.432016719621984, 22.128265380351987 ], [ -98.438737059963572, 22.111914940130866 ], [ -98.418825059510098, 22.098019220112644 ], [ -98.439452120251048, 22.075647089988557 ], [ -98.434649219503115, 22.051669020434126 ], [ -98.446414309547009, 22.042215339633568 ], [ -98.443548980365421, 22.032981750196505 ], [ -98.459544480459812, 21.995169059907056 ], [ -98.472333859669263, 21.987973909914292 ], [ -98.476286079673159, 21.999573060156145 ], [ -98.481476369953342, 21.990514030182375 ], [ -98.468805769764273, 21.964601319839556 ], [ -98.493203369683997, 21.960411600292812 ], [ -98.522000370397137, 21.979430679776204 ], [ -98.550665019529475, 21.960750060354954 ], [ -98.578839110248751, 21.966092250171894 ], [ -98.576471369557552, 21.947386110420616 ], [ -98.566019850101114, 21.937644420275589 ], [ -98.55128071959254, 21.933738430172234 ], [ -98.531576350314225, 21.949915739853569 ], [ -98.515597340205929, 21.951267829618097 ], [ -98.503145659961532, 21.936626420218552 ], [ -98.500452249599519, 21.923148520228722 ], [ -98.54384704965257, 21.932117460420034 ], [ -98.545874230448618, 21.917347940210984 ], [ -98.514890120117855, 21.917635710198557 ], [ -98.510797509832784, 21.908697049560189 ], [ -98.520200950461145, 21.896986339948992 ], [ -98.538202970033794, 21.905808219988522 ], [ -98.548033540360819, 21.860105090426906 ], [ -98.528858380261823, 21.863175120337349 ], [ -98.514481139652517, 21.823893429934941 ], [ -98.495054319551457, 21.838167260256967 ], [ -98.486320449607277, 21.836268510309303 ], [ -98.493118920398672, 21.8139403196583 ], [ -98.475038290364196, 21.814192050368373 ], [ -98.475522829796859, 21.801922050221783 ], [ -98.462365260443846, 21.791276399775342 ], [ -98.454700109981175, 21.766426690363591 ], [ -98.459447309716737, 21.762311340205727 ], [ -98.467596950017608, 21.770698140017533 ], [ -98.483725509756411, 21.752170679751924 ], [ -98.476924180180802, 21.745219259883928 ], [ -98.491485230423564, 21.735061060069022 ], [ -98.504218920032855, 21.73804809041193 ], [ -98.498946220424187, 21.727242779770659 ], [ -98.512664919990826, 21.726601739622314 ], [ -98.516674200426763, 21.716850509726864 ], [ -98.537410509927852, 21.720624250084544 ], [ -98.536795800078679, 21.713890479860574 ], [ -98.520531690135158, 21.710231459953292 ], [ -98.530741570287134, 21.697274540425841 ], [ -98.543840570452872, 21.723393879733806 ], [ -98.567434709516348, 21.717367739952632 ], [ -98.572212340223757, 21.709159549552812 ], [ -98.558837679774115, 21.703538970321983 ], [ -98.558255479984851, 21.687671859889356 ], [ -98.579200629871494, 21.671947780267342 ], [ -98.597787539865337, 21.668879879586306 ], [ -98.621996969811875, 21.682382570095964 ], [ -98.624961819724675, 21.673065350208638 ], [ -98.609470480240248, 21.667229089620268 ], [ -98.62056161995352, 21.653073280278562 ], [ -98.633221750107481, 21.653888170217122 ], [ -98.643630690206749, 21.631681709850145 ], [ -98.621127000280879, 21.627822150078458 ], [ -98.625746660236018, 21.585456050193308 ], [ -98.605400119774529, 21.566913200280702 ], [ -98.602247419761824, 21.540430820104305 ], [ -98.557451999691338, 21.521978280157334 ], [ -98.532255859617294, 21.501139519717892 ], [ -98.535599599920815, 21.492464879587249 ], [ -98.516913059706724, 21.460701710359555 ], [ -98.524641450322434, 21.44016394017093 ], [ -98.521636449841552, 21.404748540145906 ], [ -98.503352429994933, 21.39145187959539 ], [ -98.515751850144881, 21.372289649899578 ], [ -98.507379049782159, 21.369970979892987 ], [ -98.511425799907272, 21.362513140231528 ], [ -98.549566480107785, 21.384598430348529 ], [ -98.567715739538698, 21.370773540415662 ], [ -98.590051720095204, 21.37276172012238 ], [ -98.599236950245384, 21.358425369621422 ], [ -98.644046649595978, 21.366539459706246 ], [ -98.652750149818033, 21.346844180151106 ], [ -98.675091289751435, 21.349842940207502 ], [ -98.683582740208905, 21.341963939913221 ], [ -98.64886570976806, 21.312922200049197 ], [ -98.6046732600349, 21.301842030145558 ], [ -98.595481140387591, 21.284574880224259 ], [ -98.608924910381631, 21.252704000300007 ], [ -98.599448710081219, 21.24773106008816 ], [ -98.603592120449335, 21.218376340157441 ], [ -98.617976550106405, 21.194284879884218 ], [ -98.650695579539047, 21.180936480247329 ], [ -98.682660060016687, 21.200637859891454 ], [ -98.694648399978774, 21.182196770102404 ], [ -98.691237740244105, 21.166728519915722 ], [ -98.701820089544881, 21.160771139788665 ], [ -98.705233140021235, 21.187196830493644 ], [ -98.727660769775198, 21.179549420859615 ], [ -98.74161825957961, 21.19276048955965 ], [ -98.746528709652992, 21.184328291016264 ], [ -98.767303460010467, 21.184416659968463 ], [ -98.772921380222996, 21.171968770941266 ], [ -98.780809340136187, 21.185981820251705 ], [ -98.797970679941173, 21.183343420192589 ], [ -98.797357150090775, 21.191320320104634 ], [ -98.808143199600551, 21.193244909811742 ], [ -98.798594230324497, 21.178079780794885 ], [ -98.790107620360999, 21.178994659897267 ], [ -98.788795429903999, 21.16638558040497 ], [ -98.79395334970323, 21.160183630382335 ], [ -98.821188079834855, 21.160400150334624 ], [ -98.850944656858147, 21.175864983870191 ], [ -98.857399800090477, 21.189264221090195 ], [ -98.882658820252843, 21.179610880013339 ], [ -98.885125889759962, 21.196339860288923 ], [ -98.915080910219729, 21.225193771041003 ], [ -98.898888219772203, 21.231270140577813 ], [ -98.899890709532372, 21.238561459800721 ], [ -98.92287341953876, 21.246731090414993 ], [ -98.917728820031599, 21.255501079915955 ], [ -98.927940799793788, 21.268741950573339 ], [ -98.929277000072318, 21.292729449602636 ], [ -98.940283310024583, 21.294602459611689 ], [ -98.944960750287379, 21.3113365802187 ], [ -98.95651354996437, 21.301804050060696 ], [ -98.969732679611113, 21.305975200352165 ], [ -98.975043310298545, 21.297003600283428 ], [ -99.012784510377855, 21.295370909813261 ], [ -99.043453379781099, 21.279433019967307 ], [ -99.0579194496095, 21.284697799897547 ], [ -99.061427170136525, 21.279473999823423 ], [ -99.082990749694019, 21.296346889846927 ], [ -99.104345349764216, 21.289597860378819 ], [ -99.105790080007353, 21.302041889901567 ], [ -99.127558890409929, 21.31833654963879 ], [ -99.102948850020937, 21.321194429798716 ], [ -99.137829580206045, 21.329791890194659 ], [ -99.129455519816858, 21.362046249832403 ], [ -99.092620750292454, 21.363360479718349 ], [ -99.098130230193888, 21.408412680317475 ], [ -99.105915429752343, 21.411560079665954 ], [ -99.126030050224159, 21.460542850250544 ], [ -99.129768780196045, 21.501702580348532 ], [ -99.142282199511939, 21.535439550165005 ], [ -99.128297369644471, 21.589817049918608 ], [ -99.171895510202759, 21.627031479942399 ], [ -99.188175060463593, 21.670005429863355 ], [ -99.217697549991357, 21.666646480313918 ], [ -99.225124600167845, 21.633286200206332 ], [ -99.243496450194854, 21.615057169630333 ], [ -99.28071705043368, 21.607903370193299 ], [ -99.274401910069528, 21.565323260327556 ], [ -99.290695139998945, 21.558009580338318 ], [ -99.28929710957631, 21.550361880410087 ], [ -99.305488650011313, 21.532914289687241 ], [ -99.327286780045213, 21.535171140159751 ], [ -99.349860910212968, 21.552357380387164 ], [ -99.375906850249365, 21.54793057977027 ], [ -99.371976217682359, 21.507104090352314 ], [ -99.386708169522933, 21.500372939628019 ], [ -99.382298630412734, 21.481214629788074 ], [ -99.388876030000461, 21.46489731030643 ], [ -99.398559630463723, 21.463425739861517 ], [ -99.404646169982499, 21.428926180341197 ], [ -99.41551962042513, 21.429133380125531 ], [ -99.435708149623522, 21.449833249832654 ], [ -99.447351280287251, 21.443476580310463 ], [ -99.46912919995971, 21.446755650010733 ], [ -99.488363310012076, 21.421965319693737 ], [ -99.503813999756275, 21.41856299993276 ], [ -99.524300430053444, 21.428833949984035 ], [ -99.55290040008552, 21.429068720108688 ], [ -99.556596430046213, 21.436608650354106 ], [ -99.549345199753546, 21.447067719726011 ], [ -99.625800779880919, 21.507301910258079 ], [ -99.659541970362895, 21.567945230117314 ], [ -99.746743200403401, 21.578363289819812 ], [ -99.749292259577032, 21.523173479598888 ], [ -99.777515109890118, 21.494713090074065 ], [ -99.791569459734092, 21.490104140258353 ], [ -99.791775460335145, 21.474817889641006 ], [ -99.817074119880019, 21.461690820358815 ], [ -99.839181350473552, 21.462385630168285 ], [ -99.834928890443777, 21.478115949930977 ], [ -99.863775380013365, 21.474310290385088 ], [ -99.905174119552242, 21.448159150174913 ], [ -99.943168780262326, 21.461783769676941 ], [ -99.942333119604612, 21.449619819941969 ], [ -99.959346020166819, 21.483513740018626 ], [ -99.945705289730483, 21.497431689799029 ], [ -99.96511059987688, 21.505121380272275 ], [ -99.956822289881714, 21.526227079784661 ], [ -100.062276049638498, 21.523305479971274 ], [ -100.075843690172889, 21.557931679867572 ], [ -100.147194800210286, 21.618125309700307 ], [ -100.171443049679297, 21.601266340117089 ], [ -100.167149220477839, 21.634118219914491 ], [ -100.179634739863232, 21.650790489964976 ], [ -100.192838780174654, 21.64695833955124 ], [ -100.222275430409098, 21.665651520443969 ], [ -100.246311490466283, 21.664932600186749 ], [ -100.272135459898209, 21.687346979866579 ], [ -100.322078139958663, 21.682094169554151 ], [ -100.351365549955077, 21.691670850320733 ], [ -100.399993460034722, 21.674478600160043 ], [ -100.435044250406861, 21.682718459750394 ], [ -100.451349379772793, 21.666598939628781 ], [ -100.470490370431236, 21.606465459561644 ], [ -100.485685200471764, 21.595277030066796 ], [ -100.460701980409112, 21.571210020399839 ], [ -100.455381219617919, 21.556256450151061 ], [ -100.464845969563029, 21.55362153971484 ], [ -100.461080279968954, 21.545334849775358 ], [ -100.533950020339603, 21.542326829922057 ], [ -100.614955000320094, 21.505789169753161 ], [ -100.621910220354167, 21.518985919677441 ], [ -100.614299310256541, 21.533134549779877 ], [ -100.635447320030636, 21.543191630448362 ], [ -100.638541570374613, 21.528293019928984 ], [ -100.657456079922611, 21.524717970376937 ], [ -100.68116791958316, 21.547504599956973 ], [ -100.717630230024639, 21.550231510440774 ], [ -100.734343800137609, 21.578726539752605 ], [ -100.761763180415997, 21.584935219895382 ], [ -100.772467620002516, 21.595451629637918 ], [ -100.773295000441408, 21.588121799878895 ], [ -100.809496110011722, 21.592049830191517 ], [ -100.816560969789649, 21.602653400445629 ], [ -100.857678250134967, 21.618986579823201 ], [ -100.834321490134371, 21.664558780440867 ], [ -100.865149879647603, 21.687079599845202 ], [ -100.870112180452963, 21.672493519699749 ], [ -100.9071833696363, 21.681636800159062 ], [ -100.908392029931207, 21.691664979892515 ], [ -100.921273459955572, 21.700273569939146 ], [ -100.912577569828827, 21.713648739871889 ], [ -100.938054540320209, 21.720534549696151 ], [ -100.943502820215699, 21.732621629930893 ], [ -100.965551850011877, 21.734925569630438 ], [ -100.981974369808526, 21.753527349890568 ], [ -101.00002932005674, 21.756407230269087 ], [ -101.002303310254902, 21.750816939768018 ], [ -101.005172619593893, 21.757231139763526 ], [ -101.059247969627648, 21.76552073999353 ], [ -101.136138890285039, 21.753225909709684 ], [ -101.161266979664347, 21.75750591972033 ], [ -101.219794630083584, 21.802200380200631 ], [ -101.217152339750541, 21.816077029605935 ], [ -101.262310220047979, 21.823444320103935 ], [ -101.28152658024824, 21.82146815034595 ], [ -101.28968545966822, 21.812139779702868 ], [ -101.319483939772709, 21.835334450036726 ], [ -101.365273659623014, 21.839416720417503 ], [ -101.422668939921152, 21.824962939576785 ], [ -101.455072339668945, 21.829958540172093 ], [ -101.46406139995743, 21.820225030323559 ], [ -101.47387340012645, 21.827391020072401 ], [ -101.496331250039233, 21.809939659785087 ], [ -101.503515280341134, 21.830123979851212 ], [ -101.486091339831546, 21.841886720439391 ], [ -101.483196229728591, 21.867680780166488 ], [ -101.468083779751069, 21.870265749860046 ], [ -101.466457650082717, 21.880224909955054 ], [ -101.440674830464403, 21.892716229863254 ], [ -101.441802859565257, 21.90933782998961 ], [ -101.434595920337557, 21.897065059561641 ], [ -101.410227619589577, 21.908693539821041 ], [ -101.429172859964609, 21.9343611399708 ], [ -101.405161169964472, 21.948492119616883 ], [ -101.397150380207336, 21.967762080096964 ], [ -101.373365719581017, 21.990249350079161 ], [ -101.326510289861162, 21.999728050118748 ], [ -101.32939744990334, 22.007169089677223 ], [ -101.34529848044302, 22.005879919632264 ], [ -101.34474262043706, 22.014142429703291 ], [ -101.352439290259809, 22.01308157962497 ], [ -101.34857244993384, 22.02807111992928 ], [ -101.337765029735195, 22.025133020436556 ], [ -101.339235309557296, 22.01498571017056 ], [ -101.327208480214438, 22.021498050034563 ], [ -101.330900750338316, 22.035315179952967 ], [ -101.351675000256449, 22.043789150337783 ], [ -101.365692290339609, 22.018548429647783 ], [ -101.382755370211967, 22.020737910433812 ], [ -101.380691200476335, 22.028759340242292 ], [ -101.369738319924366, 22.027517249896746 ], [ -101.377078369619042, 22.044962139925065 ], [ -101.361011769663932, 22.041001059790712 ], [ -101.346587279738031, 22.049690080390647 ], [ -101.354239739745324, 22.071735289933152 ], [ -101.327744979795909, 22.14411206008231 ], [ -101.337692860461544, 22.143522510038053 ], [ -101.351305939553455, 22.176759660069141 ], [ -101.324253149525958, 22.209893460245574 ], [ -101.352853980240411, 22.229203649892522 ], [ -101.376803820359115, 22.261655830057961 ], [ -101.416258920262123, 22.267345539936887 ], [ -101.408999350455915, 22.280436620417639 ], [ -101.398150419576325, 22.281426820025864 ], [ -101.391434950373196, 22.299901880176002 ], [ -101.419732489804161, 22.315041820198253 ], [ -101.435125419763551, 22.341533980161351 ], [ -101.43297235043778, 22.363276739747665 ], [ -101.381910550194377, 22.357485079771816 ], [ -101.374785749985506, 22.456458370219405 ], [ -101.313726339753444, 22.45349017043355 ], [ -101.315383489713838, 22.469648969772461 ], [ -101.285726380031832, 22.507855649782584 ], [ -101.296323630223924, 22.535478199817355 ], [ -101.287519290429771, 22.559811320031425 ], [ -101.305709080287372, 22.60993031033194 ], [ -101.33387374027464, 22.642113140319509 ], [ -101.336936969629491, 22.65875605001748 ], [ -101.359376089694393, 22.653532940228292 ], [ -101.380018250224509, 22.675834920075832 ], [ -101.349233919744478, 22.711779289756723 ], [ -101.411077078756804, 22.747680690424875 ], [ -101.490964539368235, 22.742877350347779 ], [ -101.497003599679019, 22.701541020228849 ], [ -101.567397999915585, 22.656776320118002 ], [ -101.573821020310817, 22.612816109755592 ], [ -101.587732320388369, 22.626611859961709 ], [ -101.595287320135853, 22.624072490110827 ], [ -101.590083150484276, 22.589035749937153 ], [ -101.659906459790193, 22.505320400446276 ], [ -101.696018490362562, 22.52042211014685 ], [ -101.746175079593783, 22.508693260018909 ], [ -101.73536074995009, 22.480214950349627 ], [ -101.77153528968617, 22.488163319910154 ], [ -101.783360739683729, 22.465033829627902 ], [ -101.837141050090736, 22.499692139699079 ], [ -101.819891520370476, 22.551294709646744 ], [ -101.872957709512534, 22.563073349594735 ], [ -101.853284229865494, 22.656025110306995 ], [ -101.939756029915827, 22.645725489595723 ], [ -102.124896879570144, 22.782952199570271 ], [ -102.192131770466432, 22.864902060179521 ], [ -102.238081650070029, 23.047643879860793 ], [ -102.260050970474509, 23.045915510387811 ], [ -102.214154630253205, 23.131319859792104 ], [ -102.240974029651213, 23.169380430095579 ], [ -102.239457709622812, 23.209493289780458 ], [ -102.289368980486259, 23.231690940424368 ], [ -102.285825480287599, 23.273320140127502 ], [ -102.244672119552092, 23.276768750051112 ], [ -102.231596849920095, 23.315116350015728 ], [ -102.241069120487808, 23.314981620063364 ], [ -102.254699509962791, 23.280833740155185 ], [ -102.26953366007119, 23.279912879671361 ], [ -102.26457904983296, 23.290092919785614 ], [ -102.296038419876396, 23.320501289676248 ], [ -102.268261940331399, 23.342277889749738 ], [ -102.253611480088239, 23.364955889856208 ], [ -102.238150310263549, 23.446901430183654 ], [ -102.193615220040328, 23.44759911022711 ], [ -102.191342260418551, 23.401387920060561 ], [ -102.168614970090388, 23.398907519625112 ], [ -102.168799120069778, 23.361025649946804 ], [ -102.122532459867315, 23.35386008978967 ], [ -102.011943830367187, 23.372748550126698 ], [ -101.775122450188888, 23.447629349655951 ], [ -101.192504950261196, 23.918559140360678 ], [ -101.216746380118281, 24.159731909873745 ], [ -101.173232149883034, 24.164136620124637 ], [ -101.065401519825215, 24.20702110976163 ], [ -101.012688679637478, 24.390819140062739 ], [ -100.987327049792739, 24.432519319632693 ], [ -100.988234649756734, 24.409551939846718 ], [ -100.997665429549713, 24.407303859949799 ], [ -101.009868279774523, 24.385117369659003 ], [ -101.003282050489105, 24.36801007999852 ], [ -101.011297429529975, 24.357959489844799 ], [ -101.006674630106488, 24.335834780275849 ], [ -100.945285980234047, 24.281195890089304 ], [ -100.850383079932229, 24.343538540170211 ], [ -100.711210090288958, 24.491521830307388 ] ] ] ] } },
{ "type": "Feature", "properties": { "fid": 25, "CVEGEO": "25", "CVE_ENT": "25", "NOMGEO": "Sinaloa", "PibCalc25": 494493, "SUP": 57382.523817271867, "Long_Carret": 6176.028, "Municipios": 20, "UE": 136550, "Dens_Carret": 0.1087, "Dens_UE": 2.40339 }, "geometry": { "type": "MultiPolygon", "coordinates": [ [ [ [ -106.412921152686749, 23.173295217410022 ], [ -106.413167974171884, 23.173076811619861 ], [ -106.413215439642215, 23.173327664410618 ], [ -106.412921152686749, 23.173295217410022 ] ] ], [ [ [ -106.404472812654717, 23.179950715640793 ], [ -106.402820739520692, 23.179729301628793 ], [ -106.403946937000228, 23.178402060832891 ], [ -106.404472812654717, 23.179950715640793 ] ] ], [ [ [ -106.440607700179882, 23.18467608725258 ], [ -106.43914115164165, 23.18432194833386 ], [ -106.440635140760492, 23.183776790367041 ], [ -106.440607700179882, 23.18467608725258 ] ] ], [ [ [ -106.435877508317461, 23.187535613415491 ], [ -106.43667692674525, 23.187179545291304 ], [ -106.43657562309167, 23.187748982362208 ], [ -106.435877508317461, 23.187535613415491 ] ] ], [ [ [ -106.462995931217293, 23.225243797200964 ], [ -106.467224709268635, 23.222319277938855 ], [ -106.463549676175489, 23.227724891586309 ], [ -106.462995931217293, 23.225243797200964 ] ] ], [ [ [ -106.464668218881314, 23.237078269398452 ], [ -106.462314149150032, 23.23090786316401 ], [ -106.464033097008425, 23.227795879959189 ], [ -106.471302032455398, 23.234100926324516 ], [ -106.464668218881314, 23.237078269398452 ] ] ], [ [ [ -106.479389771994406, 23.256660635893791 ], [ -106.473557364345595, 23.251549573407658 ], [ -106.479497188754863, 23.25035559894231 ], [ -106.479389771994406, 23.256660635893791 ] ] ], [ [ [ -108.366656910503991, 25.158080616200031 ], [ -108.354127161106433, 25.161845095871339 ], [ -108.368731856286956, 25.148869485284919 ], [ -108.372009665337586, 25.152197190990279 ], [ -108.373495919849105, 25.153087938862893 ], [ -108.376306569091071, 25.156925360380999 ], [ -108.377784497642779, 25.158204037716562 ], [ -108.37706072879601, 25.167000397424822 ], [ -108.371692134922597, 25.157132419231441 ], [ -108.363030153727735, 25.168616160929549 ], [ -108.366656910503991, 25.158080616200031 ] ] ], [ [ [ -108.380943490018979, 25.181634584108881 ], [ -108.38069671436142, 25.161207326456307 ], [ -108.378545287831514, 25.160136243837677 ], [ -108.377668897948922, 25.157763947122071 ], [ -108.374326492924808, 25.153876674419799 ], [ -108.372995635976835, 25.152575253129058 ], [ -108.37210361692398, 25.15214997830352 ], [ -108.368867964897532, 25.148820569314221 ], [ -108.384055487968084, 25.160242171143938 ], [ -108.380943490018979, 25.181634584108881 ] ] ], [ [ [ -108.379766752628441, 25.183650826949364 ], [ -108.376117448768099, 25.167922053207377 ], [ -108.379171451083238, 25.171507655400475 ], [ -108.380686310144981, 25.180585857278636 ], [ -108.379766752628441, 25.183650826949364 ] ] ], [ [ [ -108.475514460090452, 27.039945199566215 ], [ -108.471938750269842, 27.030598629647226 ], [ -108.464308970027488, 27.040099909718919 ], [ -108.454791060144402, 27.027035860420927 ], [ -108.443101600267511, 27.029498059693264 ], [ -108.40964045005714, 27.013404950344668 ], [ -108.350109940024012, 27.022554429557001 ], [ -108.333326220469345, 27.004596309891411 ], [ -108.322026019670915, 27.008936549903801 ], [ -108.32598137005877, 27.020492949573725 ], [ -108.316558050431851, 27.034488350000682 ], [ -108.303387660422317, 27.036620349565357 ], [ -108.288914230327066, 27.026579920156067 ], [ -108.286010139946441, 27.012470649636519 ], [ -108.250447599478306, 27.041031489625972 ], [ -108.241218690271907, 27.041846049781793 ], [ -108.225854050444141, 27.027221350410798 ], [ -108.211566200302528, 27.034448890245443 ], [ -108.194274399602335, 27.031953350054742 ], [ -108.181524019530443, 26.994109919872582 ], [ -108.196907250398922, 26.981123569899903 ], [ -108.215827829758439, 26.977682909962102 ], [ -108.218373570131973, 26.964787000198449 ], [ -108.235015709869273, 26.958619850158474 ], [ -108.225020920090358, 26.922876950142761 ], [ -108.230236910121818, 26.905724580070704 ], [ -108.209717490026989, 26.885437649894712 ], [ -108.202779600183092, 26.890618710083448 ], [ -108.207390179602669, 26.90600007988585 ], [ -108.190080510247697, 26.895872140095591 ], [ -108.183915570245375, 26.899737999891467 ], [ -108.174548629818815, 26.881464830331947 ], [ -108.168558399548644, 26.89507094996895 ], [ -108.155913259576266, 26.89521651044635 ], [ -108.143101549705534, 26.907884139724544 ], [ -108.14424735015595, 26.867649320162791 ], [ -108.094107249955215, 26.870463679963009 ], [ -108.026820849946589, 26.798466370313129 ], [ -108.037649050033394, 26.769780800028144 ], [ -108.014264229572348, 26.77315293991019 ], [ -108.005700739627414, 26.76104879971248 ], [ -108.019230969789973, 26.730666749678402 ], [ -108.00677937996241, 26.715487550137205 ], [ -108.011746630303804, 26.689482429700096 ], [ -108.031723579777193, 26.667981250208449 ], [ -108.081603449544033, 26.641993830300876 ], [ -108.074558380277551, 26.627993749685519 ], [ -108.051582350160373, 26.629835850340736 ], [ -108.031809539508487, 26.615924349954913 ], [ -108.032513630164942, 26.603182219995041 ], [ -108.012174889621662, 26.591395509723171 ], [ -108.012484020414433, 26.579643019982012 ], [ -107.992045920309678, 26.562283449896224 ], [ -107.989744829926295, 26.548039800326922 ], [ -107.961016750162045, 26.526955399550641 ], [ -107.957265309943423, 26.493743949707916 ], [ -107.98562259963208, 26.472099769930043 ], [ -107.969639109534938, 26.470167859891017 ], [ -108.012797020164925, 26.439048060426067 ], [ -107.856264569981505, 26.226035119969414 ], [ -107.854018510167663, 26.196519379894394 ], [ -107.840909200326834, 26.183554019549412 ], [ -107.822754769629825, 26.187629089699023 ], [ -107.788923910440602, 26.168613779989048 ], [ -107.780690460217116, 26.136937580330009 ], [ -107.755172150116096, 26.134512449631327 ], [ -107.747597150028284, 26.153793170116082 ], [ -107.737873110497873, 26.156947120133413 ], [ -107.738716029520617, 26.16723968999635 ], [ -107.717431539900474, 26.164741579816614 ], [ -107.711075510354178, 26.174413059872634 ], [ -107.635749570243746, 26.154578049959454 ], [ -107.582027280312545, 26.170640119963046 ], [ -107.54327740005688, 26.146348940099156 ], [ -107.543680180080315, 26.13731957019067 ], [ -107.526267050052354, 26.127747649813326 ], [ -107.520019980257203, 26.10422716983064 ], [ -107.5061152202545, 26.115787480142206 ], [ -107.492171150130702, 26.111462659981427 ], [ -107.460003150375684, 26.138314949847437 ], [ -107.431042689593411, 26.142859920386595 ], [ -107.346527799804662, 26.109523120113792 ], [ -107.304889800399792, 26.076402430311813 ], [ -107.306691719950379, 26.048784149663501 ], [ -107.276346260259203, 26.001976539951155 ], [ -107.282377770044704, 25.98992481998425 ], [ -107.280037090301491, 25.958095880196829 ], [ -107.29612821980345, 25.924793399702384 ], [ -107.242470659521757, 25.892369649718603 ], [ -107.2465100196668, 25.877774489780837 ], [ -107.206949140337557, 25.863919420221315 ], [ -107.208865539973544, 25.856312770391973 ], [ -107.057904770049063, 25.757367970352881 ], [ -107.064683450478569, 25.748164219587068 ], [ -107.064223709896822, 25.719074089730817 ], [ -107.048079460401283, 25.710826919778732 ], [ -107.04312661972665, 25.697698780180897 ], [ -107.010680030051205, 25.691459379784085 ], [ -106.990298750109602, 25.714924059964357 ], [ -106.965322690174915, 25.697878579791013 ], [ -106.966939820426234, 25.668330820313667 ], [ -106.994395859998633, 25.661794820030266 ], [ -106.973290459760818, 25.629570429810052 ], [ -107.124564860271306, 25.550414379992993 ], [ -107.138264049662041, 25.552198429729341 ], [ -107.138749350068608, 25.560095089945001 ], [ -107.173879490384437, 25.556552569955944 ], [ -107.176880459591004, 25.540819629746256 ], [ -107.169506400043872, 25.532467799595238 ], [ -107.178117320038325, 25.515176370289627 ], [ -107.166290289520646, 25.502995319767003 ], [ -107.147684230358152, 25.505027220435007 ], [ -107.13929496986087, 25.489564859728567 ], [ -107.151117430420086, 25.476697890008879 ], [ -107.158690550092217, 25.441992140070187 ], [ -107.184874400462178, 25.436815800069677 ], [ -107.210132230315352, 25.417100510234416 ], [ -107.171550799956421, 25.326357879678802 ], [ -107.207816570355774, 25.33156422966076 ], [ -107.15720275024789, 25.261764979760414 ], [ -107.121057118538587, 25.243111219810523 ], [ -107.132021370258315, 25.226711799703203 ], [ -107.148774799055019, 25.224548139644536 ], [ -107.124918548918501, 25.18663983014061 ], [ -107.129891629637967, 25.053138800209872 ], [ -107.063571289028133, 25.025255349963711 ], [ -107.060419800123725, 25.002427429674359 ], [ -107.018343909544868, 24.933617370092765 ], [ -107.025146679126109, 24.928380510179391 ], [ -107.021052879639683, 24.909908280182464 ], [ -107.000575430159586, 24.928241020318382 ], [ -106.934507649802939, 24.88053584959323 ], [ -106.92708025866898, 24.866624379963376 ], [ -106.95141810856471, 24.859023719722934 ], [ -106.930662569890941, 24.820916680431829 ], [ -106.919276780164651, 24.813953119818404 ], [ -106.902948879571369, 24.828387850226694 ], [ -106.865852879669532, 24.822955339600146 ], [ -106.793010719792122, 24.743910340409467 ], [ -106.705948369794285, 24.665261660057599 ], [ -106.683608599783796, 24.598530479778955 ], [ -106.645460659663968, 24.528979459677309 ], [ -106.622607000297961, 24.524896679657033 ], [ -106.630067079994461, 24.506503139551111 ], [ -106.609994939524995, 24.497851280456779 ], [ -106.600361720213385, 24.483210820101537 ], [ -106.593652739525524, 24.495058739605028 ], [ -106.560015800449946, 24.472710620296819 ], [ -106.569276020066681, 24.437020579821144 ], [ -106.60158830983616, 24.414565850295716 ], [ -106.583465659692934, 24.39026991988127 ], [ -106.585958619996489, 24.379000309992424 ], [ -106.517093550344001, 24.286984259675577 ], [ -106.509096600351356, 24.29113931031036 ], [ -106.469654660443567, 24.277856949974243 ], [ -106.367544660213952, 24.301940799716675 ], [ -106.352623690322147, 24.316468150278769 ], [ -106.336329819592137, 24.355695320162514 ], [ -106.268869419687888, 24.374755289797406 ], [ -106.194405660032785, 24.351785110113422 ], [ -106.169975200462062, 24.333650180360952 ], [ -106.152539620345678, 24.338770370138825 ], [ -106.074539539595477, 24.269422089942736 ], [ -106.069948349683486, 24.22020057966121 ], [ -106.043883570137581, 24.220850349558273 ], [ -106.028557260266467, 24.180332290431611 ], [ -106.003210770448646, 24.146841030271389 ], [ -106.004046370236225, 24.120532800172164 ], [ -105.989724000006575, 24.114390170377376 ], [ -106.000709309748743, 24.076056150394468 ], [ -106.007883450232413, 24.072506630374608 ], [ -105.99671724990155, 24.054222230424173 ], [ -105.998719739903976, 24.043383140089354 ], [ -105.979505849941873, 24.041962369821299 ], [ -105.959810879678756, 24.017403350083686 ], [ -105.91213584996386, 23.997533859642793 ], [ -105.908461579676938, 23.983426630308642 ], [ -105.945415060067489, 23.948025690079113 ], [ -105.899919399881867, 23.943921289714329 ], [ -105.881553509872475, 23.932819619618762 ], [ -105.857587950495841, 23.89929615020732 ], [ -105.867241320218966, 23.875242980241644 ], [ -105.953661980213397, 23.908584579560515 ], [ -105.961265569714129, 23.840742150130509 ], [ -105.939330230266094, 23.791430230292914 ], [ -105.932174600429022, 23.794696000245978 ], [ -105.928784920426267, 23.786581890048712 ], [ -105.923062908411822, 23.747753773057617 ], [ -105.906093347026484, 23.739398853055718 ], [ -105.926633748567454, 23.68413566288147 ], [ -105.908905366856416, 23.588269553057643 ], [ -105.892655377559791, 23.552645280641997 ], [ -105.884317910096684, 23.590393859685229 ], [ -105.8535960200565, 23.597287599555731 ], [ -105.845185820410066, 23.583694829998706 ], [ -105.845516019729629, 23.603255539845041 ], [ -105.811643889682628, 23.611028550170047 ], [ -105.806646779881945, 23.588873020303492 ], [ -105.769302229572233, 23.556465309826308 ], [ -105.76912351033269, 23.54193934007883 ], [ -105.756867339966121, 23.524897260382886 ], [ -105.760338580260196, 23.502959289968373 ], [ -105.723444780190832, 23.4748401396205 ], [ -105.724657219640463, 23.460809229884887 ], [ -105.738864629519426, 23.445205509750721 ], [ -105.728403229827464, 23.439588399765867 ], [ -105.728330910024169, 23.42898446004596 ], [ -105.700288749579329, 23.420170580029975 ], [ -105.712079549870268, 23.39255047982704 ], [ -105.722418719957233, 23.386035679724667 ], [ -105.717331889569991, 23.378594780359023 ], [ -105.730689660299333, 23.374897290301185 ], [ -105.712245060415185, 23.364281370240885 ], [ -105.715156399797962, 23.350217769750031 ], [ -105.694004740120263, 23.34056921986333 ], [ -105.702179150283712, 23.332650649984089 ], [ -105.692331180171678, 23.310974820157824 ], [ -105.699470630012371, 23.307719119804197 ], [ -105.687380150460299, 23.307143820054232 ], [ -105.693972290382419, 23.301312220260989 ], [ -105.687084110251348, 23.287520020203871 ], [ -105.672646220374617, 23.281636889656241 ], [ -105.663708259899082, 23.287420150107124 ], [ -105.643208400367783, 23.276479090402233 ], [ -105.646843119753413, 23.253365799706774 ], [ -105.642343949780638, 23.238076019716694 ], [ -105.630317350376785, 23.235581089854058 ], [ -105.635744060105282, 23.214747350438312 ], [ -105.629712519847516, 23.202294520227802 ], [ -105.640717909739493, 23.185451179652695 ], [ -105.633038939760425, 23.173448999877596 ], [ -105.636875880087231, 23.155915970187554 ], [ -105.646179259528964, 23.148890579572036 ], [ -105.623969569522473, 23.122388089894137 ], [ -105.606959919593649, 23.121788680182355 ], [ -105.597640860100626, 23.109149620444217 ], [ -105.569342770320858, 23.110057510178109 ], [ -105.554309079957264, 23.098886659628089 ], [ -105.537073979849026, 23.104541079820297 ], [ -105.531216289817877, 23.118061320281129 ], [ -105.50403375018081, 23.127729420097534 ], [ -105.455319179950621, 23.117335659983784 ], [ -105.424427380349584, 23.120292319740042 ], [ -105.398795520011859, 23.10221095036734 ], [ -105.399567620221262, 23.089746249827463 ], [ -105.392219999741869, 23.085157479630453 ], [ -105.412996490074022, 23.074099200240695 ], [ -105.408950340367397, 23.023640819603408 ], [ -105.432594569786289, 23.023968799705194 ], [ -105.45331135036227, 22.977401800255933 ], [ -105.501263920396696, 22.958560049648888 ], [ -105.49865357959338, 22.933561150232606 ], [ -105.471219910045164, 22.883285950002794 ], [ -105.484201289928805, 22.858702969955232 ], [ -105.47458863037923, 22.851416020128731 ], [ -105.487197309883626, 22.839111169662662 ], [ -105.494968859940812, 22.810518890263698 ], [ -105.502409280258419, 22.809776780218282 ], [ -105.519905579995111, 22.772774000013069 ], [ -105.524772230140925, 22.774769890113035 ], [ -105.514082229959371, 22.759328450166386 ], [ -105.522893459692185, 22.724334799878534 ], [ -105.498063849791677, 22.651390749891938 ], [ -105.46396310998179, 22.659238309783138 ], [ -105.460390940093902, 22.647549939640854 ], [ -105.472680619579847, 22.627185000110924 ], [ -105.450458620172881, 22.62675547964383 ], [ -105.448111379584589, 22.610122819837752 ], [ -105.455986400386649, 22.598739089809495 ], [ -105.43759982982192, 22.584911850373288 ], [ -105.43629462989216, 22.538321490427059 ], [ -105.460836799818949, 22.508568111445797 ], [ -105.47406028843146, 22.502900429686019 ], [ -105.503179350052463, 22.527681859978635 ], [ -105.509566579984664, 22.516962709986498 ], [ -105.521938060044405, 22.520995279701076 ], [ -105.53359631996922, 22.515031230220409 ], [ -105.539934770097304, 22.535593340137424 ], [ -105.552516920456853, 22.53912676981713 ], [ -105.598288230385521, 22.536671140433061 ], [ -105.600476579658263, 22.558887800140798 ], [ -105.622036459928538, 22.571425520396019 ], [ -105.630949519906267, 22.592980150210291 ], [ -105.64215842044446, 22.59388864955185 ], [ -105.639212980391974, 22.576984580320097 ], [ -105.660562029605984, 22.586362980017494 ], [ -105.700072110474679, 22.563898229573969 ], [ -105.675234879911557, 22.50720038029262 ], [ -105.672649309863885, 22.474094979688182 ], [ -105.692476820002156, 22.467176940113557 ], [ -105.714116260348177, 22.474946060248143 ], [ -105.750212079615977, 22.539336079931307 ], [ -105.759619723581579, 22.537573646296437 ], [ -105.760494313876364, 22.550969000416995 ], [ -105.809374150197854, 22.637049384830892 ], [ -105.874265110903835, 22.711379181131363 ], [ -105.958205220203268, 22.786102549635224 ], [ -106.026844447340395, 22.831392376792863 ], [ -106.03449730110701, 22.82965831234597 ], [ -106.181975856077401, 22.998558028679742 ], [ -106.341358800050614, 23.140550679878274 ], [ -106.398187433754785, 23.183932222181831 ], [ -106.411032955469722, 23.186409240980481 ], [ -106.414077475349586, 23.178018071901231 ], [ -106.429990419648306, 23.176578370202641 ], [ -106.424617459616812, 23.185988399957292 ], [ -106.430981226324349, 23.202938323301076 ], [ -106.421897231986549, 23.215911278328722 ], [ -106.453561126453152, 23.241423862856635 ], [ -106.47043480032751, 23.280791940086406 ], [ -106.493899132231093, 23.304030783619737 ], [ -106.480340349993526, 23.314543619590641 ], [ -106.485479189186336, 23.333760288218613 ], [ -106.543410242566267, 23.406655748121924 ], [ -106.626989108078291, 23.478153197014084 ], [ -106.627802288534681, 23.496804602352963 ], [ -106.682218182954301, 23.540984054940495 ], [ -106.695465288042968, 23.56965898289673 ], [ -106.810923257856771, 23.652739742073319 ], [ -106.795631220470042, 23.670022400332773 ], [ -106.79571041232002, 23.683204139756135 ], [ -106.847003850448999, 23.740091400146245 ], [ -106.844780999837738, 23.755267220026603 ], [ -106.88176457040197, 23.79528474979767 ], [ -106.893300000375248, 23.841699999642621 ], [ -107.011599999838097, 23.95280000004059 ], [ -107.196213353126453, 24.093616699915078 ], [ -107.203105520767451, 24.101862082648722 ], [ -107.195603179783078, 24.103410018657701 ], [ -107.218995624530933, 24.121427868562208 ], [ -107.40521081870925, 24.232013940349429 ], [ -107.475009819190035, 24.292200290526235 ], [ -107.649449508276348, 24.406995510477373 ], [ -107.820581847633775, 24.500689902032068 ], [ -107.825246655070487, 24.50795620107483 ], [ -107.817068116122172, 24.516493708169424 ], [ -107.828455550002843, 24.521483780079777 ], [ -107.840792784139822, 24.550312510845963 ], [ -107.984796556450092, 24.639825001966265 ], [ -108.018925284325121, 24.681640869217141 ], [ -108.026211584269532, 24.736254865006323 ], [ -108.069463081647925, 24.779869286673204 ], [ -108.090789520621371, 24.816136036940506 ], [ -108.117995797456388, 24.828577459865375 ], [ -108.136490314524778, 24.872123375418365 ], [ -108.227836873320371, 25.018253813667929 ], [ -108.278457745848485, 25.069614793823252 ], [ -108.342292239683346, 25.111496735905828 ], [ -108.33437202456912, 25.124785189614801 ], [ -108.357452880412623, 25.169193831281792 ], [ -108.384624949355512, 25.187302510205161 ], [ -108.389014280811324, 25.185538459629893 ], [ -108.450281580332501, 25.256603600468882 ], [ -108.543989622125366, 25.304723293768916 ], [ -108.646912403456483, 25.342096944717259 ], [ -108.801471554717409, 25.373640587754743 ], [ -108.927753598611616, 25.424921170606073 ], [ -109.021030309000651, 25.438291919375217 ], [ -109.036397539489997, 25.462179950482835 ], [ -109.080679904640007, 25.492746637241062 ], [ -109.087014030491119, 25.511330227893072 ], [ -109.119223119561354, 25.54499931130837 ], [ -109.161744704138698, 25.561768461259142 ], [ -109.186719525703069, 25.598830946101831 ], [ -109.228055522835447, 25.626784854041375 ], [ -109.297887945392688, 25.645392239432386 ], [ -109.397104874412975, 25.638497267174742 ], [ -109.39049999983736, 25.669600002142829 ], [ -109.399706630349556, 25.685397909571975 ], [ -109.411602213114065, 25.758917004114398 ], [ -109.432276872490732, 25.8059454828098 ], [ -109.421561428434856, 25.870730356838973 ], [ -109.443851386895929, 25.959405239472098 ], [ -109.406642693374579, 26.058835613543163 ], [ -109.310287549137726, 26.20249469001131 ], [ -109.287918771693171, 26.278135782030844 ], [ -109.251891630453869, 26.312178261448253 ], [ -109.258324140274254, 26.319928430835148 ], [ -109.246787909398009, 26.316035180092005 ], [ -109.210111689391681, 26.343170020489037 ], [ -109.193129849482489, 26.340934860367316 ], [ -109.16494313943862, 26.306847341288499 ], [ -109.125238218856381, 26.297014340743498 ], [ -109.096680349477083, 26.312124452123804 ], [ -109.074214230163392, 26.353530051228002 ], [ -109.006443489230534, 26.402369890745813 ], [ -108.936522310179811, 26.390180259915304 ], [ -108.910115019963712, 26.421714520008088 ], [ -108.881392449654328, 26.406252480409727 ], [ -108.860339550118624, 26.432770150080099 ], [ -108.876107630139174, 26.447576430173736 ], [ -108.837762020362618, 26.472523310409226 ], [ -108.847479920276371, 26.487217449817109 ], [ -108.856740019870188, 26.480515140282609 ], [ -108.914669950112341, 26.479540020118101 ], [ -108.891317539536274, 26.489595310122976 ], [ -108.873152149585962, 26.551071429779366 ], [ -108.806422849559652, 26.570603649778423 ], [ -108.787723719885179, 26.565255750316201 ], [ -108.777089140016983, 26.570926060117703 ], [ -108.776590339721366, 26.580109490231361 ], [ -108.734292890291712, 26.593568090394555 ], [ -108.678830739518673, 26.587015090187599 ], [ -108.678987909843244, 26.642889449763754 ], [ -108.657680570491081, 26.669129180371947 ], [ -108.630366349973301, 26.6765734503103 ], [ -108.635994310275237, 26.69051534969913 ], [ -108.628385000248358, 26.718387119943522 ], [ -108.601023950040215, 26.72722251031816 ], [ -108.59418888972327, 26.759173429816528 ], [ -108.578329480338084, 26.762777089539231 ], [ -108.580849430412997, 26.789576580429816 ], [ -108.575204550130977, 26.793216569881743 ], [ -108.564770080111458, 26.778483289838675 ], [ -108.554033799737297, 26.779856979600765 ], [ -108.536912090086304, 26.798428710343099 ], [ -108.55535239962272, 26.811584080362366 ], [ -108.557043139521895, 26.823753320042751 ], [ -108.535129920382929, 26.840975199571833 ], [ -108.522058350305073, 26.879677649664696 ], [ -108.466977680263028, 26.970701849838068 ], [ -108.424270830044179, 26.97622982990573 ], [ -108.502486120069761, 26.98735702988694 ], [ -108.504438539807978, 27.007183879905657 ], [ -108.48417188003188, 27.017438940036808 ], [ -108.49173487968504, 27.031380200407725 ], [ -108.475514460090452, 27.039945199566215 ] ] ] ] } },
{ "type": "Feature", "properties": { "fid": 26, "CVEGEO": "26", "CVE_ENT": "26", "NOMGEO": "Sonora", "PibCalc25": 825113, "SUP": 180399.81327529994, "Long_Carret": 8235.526, "Municipios": 72, "UE": 127297, "Dens_Carret": 0.04559, "Dens_UE": 0.70472 }, "geometry": { "type": "MultiPolygon", "coordinates": [ [ [ [ -110.590799252488466, 27.408267575826617 ], [ -110.602706369790923, 27.361592632424081 ], [ -110.582642754359497, 27.346141352844949 ], [ -110.585320811388044, 27.33814157524629 ], [ -110.577285968421066, 27.332539000780418 ], [ -110.585404476432544, 27.321898344953908 ], [ -110.531923821999797, 27.302685321494366 ], [ -110.534256358440459, 27.288271850909169 ], [ -110.582695502611088, 27.303576278321319 ], [ -110.601723951532861, 27.318701365772895 ], [ -110.606102412894643, 27.346835868847737 ], [ -110.595254356773367, 27.41657926736335 ], [ -110.590799252488466, 27.408267575826617 ] ] ], [ [ [ -110.950745937794309, 27.867668559753515 ], [ -110.95124749012696, 27.867508790532376 ], [ -110.950888122314481, 27.868299252248573 ], [ -110.950745937794309, 27.867668559753515 ] ] ], [ [ [ -110.859601089537165, 27.880842110045013 ], [ -110.86393762030778, 27.874692399562861 ], [ -110.86596642986791, 27.874648520180411 ], [ -110.859601089537165, 27.880842110045013 ] ] ], [ [ [ -110.952751726669248, 27.875763512214906 ], [ -110.953333795055599, 27.875520120378741 ], [ -110.952382389286541, 27.876805755873054 ], [ -110.952751726669248, 27.875763512214906 ] ] ], [ [ [ -110.955309891619109, 27.884949580319407 ], [ -110.955283263824839, 27.884385895803646 ], [ -110.9560530798136, 27.884335931848415 ], [ -110.955309891619109, 27.884949580319407 ] ] ], [ [ [ -110.833072949870129, 27.90088005995462 ], [ -110.841404540070769, 27.887763739929465 ], [ -110.847048999569623, 27.887137540018916 ], [ -110.848183419560598, 27.888523740139583 ], [ -110.848614970069136, 27.891240369601995 ], [ -110.833072949870129, 27.90088005995462 ] ] ], [ [ [ -110.90129465967776, 27.899432029796756 ], [ -110.900332179727656, 27.898949720129639 ], [ -110.901066649583754, 27.898782350414415 ], [ -110.90129465967776, 27.899432029796756 ] ] ], [ [ [ -110.898381630183607, 27.900910310400985 ], [ -110.899141399495491, 27.900537250036262 ], [ -110.89908282979269, 27.901061830301444 ], [ -110.898381630183607, 27.900910310400985 ] ] ], [ [ [ -110.879110429955801, 27.908909800354248 ], [ -110.881894259637235, 27.909840829626326 ], [ -110.879348859969241, 27.91096971017426 ], [ -110.879110429955801, 27.908909800354248 ] ] ], [ [ [ -110.87476730965075, 27.911427520203205 ], [ -110.870346139636524, 27.908928800240531 ], [ -110.874981110053966, 27.906620660083757 ], [ -110.87476730965075, 27.911427520203205 ] ] ], [ [ [ -110.969105379811168, 27.909684110287095 ], [ -110.970273450018141, 27.908583739732013 ], [ -110.970924380197317, 27.909244250238952 ], [ -110.969105379811168, 27.909684110287095 ] ] ], [ [ [ -110.991859684363561, 27.925959859973691 ], [ -110.99111452195568, 27.925502563735837 ], [ -110.992394846258179, 27.925738155296902 ], [ -110.991859684363561, 27.925959859973691 ] ] ], [ [ [ -111.059154919674071, 27.930796120440586 ], [ -111.05964778030058, 27.929677600289587 ], [ -111.059828739614758, 27.930890400206856 ], [ -111.059154919674071, 27.930796120440586 ] ] ], [ [ [ -110.993007060500588, 27.934571139958436 ], [ -110.989993169608042, 27.934923140363363 ], [ -110.990675920252997, 27.9329625099978 ], [ -110.993007060500588, 27.934571139958436 ] ] ], [ [ [ -111.050765349654995, 27.935824509971908 ], [ -111.051782259704908, 27.935600030054609 ], [ -111.051603220115254, 27.936455310445762 ], [ -111.050765349654995, 27.935824509971908 ] ] ], [ [ [ -111.050890649826755, 27.9401963401709 ], [ -111.05210788021779, 27.939759370106604 ], [ -111.052261459792319, 27.941600779895566 ], [ -111.050890649826755, 27.9401963401709 ] ] ], [ [ [ -111.029260710289179, 27.952981889896318 ], [ -111.029134420334657, 27.948526489795185 ], [ -111.032088919742321, 27.947053260324214 ], [ -111.029260710289179, 27.952981889896318 ] ] ], [ [ [ -111.119126850071751, 27.958253620070632 ], [ -111.124804820284595, 27.95274574007351 ], [ -111.119155660217501, 27.959594399974069 ], [ -111.119126850071751, 27.958253620070632 ] ] ], [ [ [ -111.390077340400239, 27.985104150124847 ], [ -111.369074290119968, 27.961590429656745 ], [ -111.367126819674539, 27.952686690042921 ], [ -111.381802120487222, 27.96053926005979 ], [ -111.390077340400239, 27.985104150124847 ] ] ], [ [ [ -112.298242944970653, 28.735210037065706 ], [ -112.283038772469112, 28.714516794487729 ], [ -112.286191275664677, 28.709341967197293 ], [ -112.298242944970653, 28.735210037065706 ] ] ], [ [ [ -112.553402338434182, 28.730713011409009 ], [ -112.542105359597272, 28.711471270479965 ], [ -112.553885171560353, 28.6719733426193 ], [ -112.605680018288325, 28.667674252025506 ], [ -112.601322495329143, 28.676884348870448 ], [ -112.613054305521871, 28.705175687571973 ], [ -112.612154600101448, 28.726562522495652 ], [ -112.553402338434182, 28.730713011409009 ] ] ], [ [ [ -111.963676400247536, 28.815960050408428 ], [ -111.973547680376853, 28.809079819587016 ], [ -111.965240320186652, 28.816668579803586 ], [ -111.963676400247536, 28.815960050408428 ] ] ], [ [ [ -112.317253619693446, 29.220415150220653 ], [ -112.28470259260034, 29.231387439643367 ], [ -112.29229902351986, 29.225414993276161 ], [ -112.286677545489411, 29.223332963702745 ], [ -112.295297142737624, 29.221857698202058 ], [ -112.281496269824075, 29.222351437290492 ], [ -112.279408293332565, 29.206474482639393 ], [ -112.261199903785112, 29.192756415874076 ], [ -112.270451248500393, 29.185827426162273 ], [ -112.263479428461807, 29.178455855865742 ], [ -112.274691448060622, 29.165459240245859 ], [ -112.274320252235441, 29.137205519564787 ], [ -112.231989641387869, 29.092238466360978 ], [ -112.222386135857604, 29.060663017768068 ], [ -112.194751076512119, 29.02104975114263 ], [ -112.194766899929718, 29.006265544912694 ], [ -112.197366936720783, 29.008741989371295 ], [ -112.199851094156287, 29.008385070040728 ], [ -112.194554413556418, 29.00549640400715 ], [ -112.211529487942215, 28.992847189732586 ], [ -112.216550508028035, 28.960573378650263 ], [ -112.196996048444674, 28.978273892052499 ], [ -112.188872568426163, 28.976679653087583 ], [ -112.21459454179454, 28.956711217033746 ], [ -112.229723154531229, 28.903849111270592 ], [ -112.241882200441765, 28.890428951015757 ], [ -112.239497980170839, 28.871378986342087 ], [ -112.25709647442018, 28.857616183967391 ], [ -112.257472428927883, 28.843001534307177 ], [ -112.274890082735766, 28.816499098345957 ], [ -112.27321494318042, 28.783434106747297 ], [ -112.252761096223097, 28.767241875426219 ], [ -112.28121469124838, 28.767774873572314 ], [ -112.310201285270651, 28.746797545966682 ], [ -112.328425425439107, 28.763451242026832 ], [ -112.35957256972199, 28.7597214372833 ], [ -112.3648609217678, 28.773891127770334 ], [ -112.383664612494798, 28.775961259194329 ], [ -112.407126098137184, 28.799446539118421 ], [ -112.461710932858864, 28.802670708230966 ], [ -112.472055639733071, 28.821504142314524 ], [ -112.493934784495352, 28.822580847968585 ], [ -112.501927394325364, 28.837056299053472 ], [ -112.584251865531698, 28.876667125465222 ], [ -112.517323576824069, 28.915488031600823 ], [ -112.489847358886664, 28.949164203632577 ], [ -112.490218555483352, 28.982904961268876 ], [ -112.506416250363742, 29.013939289988745 ], [ -112.50060439136999, 29.050192684202973 ], [ -112.505934384025991, 29.063041773110562 ], [ -112.494027560715679, 29.073654168889774 ], [ -112.477771082537203, 29.167433486813341 ], [ -112.456826854426566, 29.19452245019195 ], [ -112.435540140319745, 29.200055219664925 ], [ -112.425822380277239, 29.189205280143877 ], [ -112.409126749947248, 29.185973450199469 ], [ -112.359979510145706, 29.220228219970863 ], [ -112.317253619693446, 29.220415150220653 ] ] ], [ [ [ -114.679724583275714, 31.756989412415184 ], [ -114.624882444970098, 31.757557565995423 ], [ -114.595721372400988, 31.747252475794859 ], [ -114.603987393642612, 31.732693941369853 ], [ -114.619337448375461, 31.728462316949052 ], [ -114.679724583275714, 31.756989412415184 ] ] ], [ [ [ -114.882589149640765, 32.492149650343507 ], [ -114.848405149512416, 32.473415819902456 ], [ -114.818187510251917, 32.481446121070817 ], [ -114.812398400365552, 32.493696889637626 ], [ -114.10996881999867, 32.281594149667569 ], [ -112.120499370526531, 31.664931110153006 ], [ -111.075002020183632, 31.332569459561096 ], [ -108.755916139569578, 31.332419020076095 ], [ -108.817231430099824, 31.239005660064102 ], [ -108.879812479949734, 31.238785939764174 ], [ -108.898326150037292, 31.22523839973832 ], [ -108.906647489621562, 31.208050919590725 ], [ -108.900332309781419, 31.202452120293202 ], [ -108.860687180131222, 31.218927200219031 ], [ -108.84833196949846, 31.195107580201974 ], [ -108.805024660397322, 31.192955539786951 ], [ -108.835012349600987, 31.16933470994756 ], [ -108.845640059664035, 31.135576220248815 ], [ -108.769996859498079, 31.102471830200685 ], [ -108.766156520283801, 31.073628179743281 ], [ -108.729899140436345, 31.052154179756798 ], [ -108.752466019971351, 31.033847510099857 ], [ -108.6843866798893, 31.033739540165801 ], [ -108.683807449596074, 31.005973319619159 ], [ -108.80325546026765, 31.004829259821072 ], [ -108.8023925704872, 30.904100999784657 ], [ -108.939242739816592, 30.907565169760485 ], [ -108.929849250173504, 30.861020919873265 ], [ -108.935456799880896, 30.773631260062171 ], [ -108.948302450030923, 30.736911280133107 ], [ -108.918968369633362, 30.739353659772288 ], [ -108.886919459712161, 30.719286539892565 ], [ -108.866925250244051, 30.689386629847725 ], [ -108.876465279836438, 30.624574320025751 ], [ -108.830647429593341, 30.601733019744298 ], [ -108.762019749977682, 30.587271970105885 ], [ -108.75654172052954, 30.596075720352577 ], [ -108.726665659710704, 30.594548080252792 ], [ -108.727439489671895, 30.580476910159707 ], [ -108.68739831029535, 30.554764770027226 ], [ -108.677792200163026, 30.557072719947495 ], [ -108.674089999783774, 30.532291490112137 ], [ -108.66197290980007, 30.521941889828369 ], [ -108.657116509711216, 30.470316749602894 ], [ -108.664771880142084, 30.468151650169535 ], [ -108.603843229717825, 30.465113000284198 ], [ -108.613558679946706, 30.435716379627397 ], [ -108.648652250441557, 30.416864719753459 ], [ -108.619839890412919, 30.374796380060967 ], [ -108.622056489965757, 30.340318169693337 ], [ -108.580005970251435, 30.337482109739607 ], [ -108.565773770141746, 30.308186379723949 ], [ -108.542199020507326, 30.283512170373982 ], [ -108.55054666046837, 30.26664218001029 ], [ -108.620217629544371, 30.298229720055005 ], [ -108.611655739532907, 30.102349429720366 ], [ -108.618222890319416, 30.08945253968945 ], [ -108.60692209002444, 30.02861792003926 ], [ -108.615499580305311, 29.96587242979453 ], [ -108.628708970416398, 29.953034399776197 ], [ -108.622871549595999, 29.950471649927557 ], [ -108.614863060424412, 29.895125259596874 ], [ -108.621690709948012, 29.878209490367034 ], [ -108.607199259646464, 29.847140060040775 ], [ -108.635717739798793, 29.829684480049387 ], [ -108.62944417981825, 29.806273849613987 ], [ -108.6185596002137, 29.800466000423167 ], [ -108.541258769673874, 29.796137849691274 ], [ -108.534964280063164, 29.751364510203736 ], [ -108.540775570062578, 29.736227969861112 ], [ -108.59275131003983, 29.728391489871584 ], [ -108.592534380353342, 29.71764571968761 ], [ -108.65909895002369, 29.716127400036637 ], [ -108.618280029938674, 29.660525450291573 ], [ -108.65498792024772, 29.649432890094232 ], [ -108.644657149577128, 29.627549220366618 ], [ -108.641137119956781, 29.588885660192464 ], [ -108.659505080244088, 29.584040680284719 ], [ -108.638324199674528, 29.558318830154285 ], [ -108.662309139572216, 29.544481659686895 ], [ -108.648712659902642, 29.509101030424791 ], [ -108.625155379962692, 29.501031289952795 ], [ -108.643986320342435, 29.488839510022192 ], [ -108.689606460513332, 29.484000420082001 ], [ -108.69433192008988, 29.4671141996056 ], [ -108.717753859935044, 29.465953829832085 ], [ -108.669732920459083, 29.307416920208883 ], [ -108.682208569707015, 29.267429820232749 ], [ -108.730302400106069, 29.269093619798966 ], [ -108.761887629849056, 29.253883579804963 ], [ -108.741244549952697, 29.240426999674423 ], [ -108.742828369985048, 29.225864350247722 ], [ -108.735408340152674, 29.21771269031224 ], [ -108.739829950504046, 29.200820319874538 ], [ -108.753869489554305, 29.200098060179869 ], [ -108.745296910393407, 29.162342739790358 ], [ -108.728853540235633, 29.171801139917804 ], [ -108.698528199503983, 29.127739570082944 ], [ -108.729589520322392, 29.09653269031725 ], [ -108.727471489684362, 29.085761200173938 ], [ -108.709438180429601, 29.083003319667217 ], [ -108.713107120210424, 29.070367340283109 ], [ -108.724353119542471, 29.06989700018952 ], [ -108.698145369723221, 28.936265659880224 ], [ -108.709797720458496, 28.889515459873298 ], [ -108.678176230006599, 28.863275879768903 ], [ -108.681200520084658, 28.854771169670357 ], [ -108.657849549950598, 28.809224489561675 ], [ -108.629625090106813, 28.811722350054573 ], [ -108.623817379506207, 28.806122999827394 ], [ -108.636328430383742, 28.791882769947037 ], [ -108.645556750027012, 28.794727090212895 ], [ -108.643294420072763, 28.765067550188611 ], [ -108.583785200369249, 28.740139380118098 ], [ -108.58015120037166, 28.632446340229034 ], [ -108.564396369529888, 28.612709649906598 ], [ -108.561361799748468, 28.591173509589904 ], [ -108.531286849972801, 28.556668579859412 ], [ -108.523286649587803, 28.50591035012916 ], [ -108.507671710219086, 28.508215909973948 ], [ -108.504795179949241, 28.4933572899171 ], [ -108.520388779654368, 28.459758820163078 ], [ -108.504141220178056, 28.454439280051037 ], [ -108.515541399783885, 28.426284319809199 ], [ -108.479701019674778, 28.369551059926785 ], [ -108.501365400122637, 28.3557292603621 ], [ -108.521650999803484, 28.365060629695211 ], [ -108.519637720336462, 28.33476218038658 ], [ -108.550927850513773, 28.318055450237754 ], [ -108.603507429866696, 28.347561909678383 ], [ -108.611167289685042, 28.335256820385261 ], [ -108.63618094015068, 28.335228020251829 ], [ -108.64129313966896, 28.291608649943758 ], [ -108.655832290416853, 28.301806949722355 ], [ -108.661933879742577, 28.295475110352712 ], [ -108.687225109991843, 28.303462490440406 ], [ -108.750983879873388, 28.271569349572804 ], [ -108.796684509649907, 28.267163450262245 ], [ -108.791663180318039, 28.25361705983649 ], [ -108.830422949944506, 28.265049280019539 ], [ -108.841996910204912, 28.253257369894683 ], [ -108.85138326018307, 28.259482999967673 ], [ -108.856088569511982, 28.251538289651059 ], [ -108.880663340362091, 28.264726430334711 ], [ -108.912675400443263, 28.260001249608827 ], [ -108.922014450318102, 28.251491779965871 ], [ -108.928816139512321, 28.259555910291414 ], [ -108.967261109763371, 28.264999749914111 ], [ -108.983558909760717, 28.27696471016618 ], [ -108.982913569525451, 28.287068659819827 ], [ -108.99397438009818, 28.297959659911513 ], [ -108.995545089872422, 28.286386970233242 ], [ -108.987054769608264, 28.277832680388379 ], [ -108.988308780239549, 28.262540709861259 ], [ -108.99744376971482, 28.255054539706531 ], [ -109.022777000135818, 28.277531940181973 ], [ -109.040681950045737, 28.266990019915706 ], [ -109.045764739644838, 28.281161650452308 ], [ -109.051883259901942, 28.276424630260454 ], [ -109.068696400139643, 28.286138850068518 ], [ -109.058436179881468, 28.267268860035987 ], [ -109.07488616963235, 28.27260941972639 ], [ -109.061990110330001, 28.19920193996208 ], [ -109.072894200335028, 28.148572349653467 ], [ -109.048947920082327, 28.092650349755356 ], [ -109.03189961990654, 28.018288030020695 ], [ -108.991684940296622, 27.979980889768548 ], [ -108.963705399719544, 27.972524019757799 ], [ -108.950313780245892, 27.954039540335835 ], [ -108.926511029752604, 27.940594229889729 ], [ -108.91486797994547, 27.854005230131886 ], [ -108.869140220448998, 27.83928633984327 ], [ -108.886081719724004, 27.813670030057185 ], [ -108.910464140038414, 27.809135750030627 ], [ -108.920294220209826, 27.783973060064397 ], [ -108.895515650285091, 27.744807090278464 ], [ -108.832963779543107, 27.744349570359006 ], [ -108.81700366021947, 27.732166079935613 ], [ -108.807384349668808, 27.737990749865347 ], [ -108.799275690445043, 27.723028399979118 ], [ -108.784494630057097, 27.730465249673014 ], [ -108.784446940167072, 27.714906860207336 ], [ -108.766024779815041, 27.705833570030798 ], [ -108.772786770067043, 27.696501480202706 ], [ -108.749313780279536, 27.664730820393693 ], [ -108.754199380111189, 27.636733429748805 ], [ -108.739852379738466, 27.599954579690259 ], [ -108.722958089985298, 27.588147739811578 ], [ -108.712807710167311, 27.566246480120935 ], [ -108.652405349778562, 27.537032910137608 ], [ -108.653022909507627, 27.469031630082466 ], [ -108.661648399923081, 27.464744350063942 ], [ -108.633417689575907, 27.428136479874276 ], [ -108.629125199831122, 27.382920600451069 ], [ -108.591045120035943, 27.318080480214498 ], [ -108.625590630290205, 27.289245860365021 ], [ -108.664375490161376, 27.239395830141284 ], [ -108.65808850998674, 27.2316522197426 ], [ -108.662578079805641, 27.219542920382565 ], [ -108.647518909562393, 27.186700850049416 ], [ -108.653220550046171, 27.176054600194931 ], [ -108.644320149965026, 27.178811150066462 ], [ -108.611426709526739, 27.154144749822951 ], [ -108.596956180108293, 27.076899650208127 ], [ -108.606188969928581, 27.063585019615886 ], [ -108.602276049567919, 27.036943279958646 ], [ -108.562535280066371, 27.046018940284647 ], [ -108.572247419913623, 27.012655830434465 ], [ -108.551763429706924, 26.997145289783482 ], [ -108.42427083004425, 26.976229829905684 ], [ -108.466977680263099, 26.970701849838122 ], [ -108.522058350305144, 26.879677649664696 ], [ -108.535129920382914, 26.840975199571879 ], [ -108.557043139521952, 26.823753320042776 ], [ -108.555352399622706, 26.811584080362415 ], [ -108.536912090086375, 26.79842871034305 ], [ -108.554033799737354, 26.779856979600765 ], [ -108.56477008011143, 26.778483289838675 ], [ -108.575204550131033, 26.793216569881725 ], [ -108.580849430413068, 26.78957658042976 ], [ -108.578329480338141, 26.762777089539178 ], [ -108.594188889723355, 26.759173429816553 ], [ -108.6010239500403, 26.72722251031816 ], [ -108.628385000248343, 26.718387119943554 ], [ -108.635994310275308, 26.690515349699186 ], [ -108.630366349973386, 26.676573450310336 ], [ -108.657680570491152, 26.669129180371947 ], [ -108.678987909843229, 26.642889449763828 ], [ -108.678830739518759, 26.587015090187599 ], [ -108.734292890291698, 26.593568090394655 ], [ -108.776590339721437, 26.580109490231408 ], [ -108.777089140017054, 26.570926060117703 ], [ -108.787723719885264, 26.565255750316236 ], [ -108.806422849559723, 26.570603649778363 ], [ -108.873152149586048, 26.55107142977938 ], [ -108.89131753953636, 26.489595310123018 ], [ -108.914669950112327, 26.479540020118101 ], [ -108.856740019870273, 26.480515140282609 ], [ -108.847479920276427, 26.487217449817109 ], [ -108.837762020362689, 26.47252331040918 ], [ -108.876107630139245, 26.447576430173687 ], [ -108.860339550118695, 26.432770150080099 ], [ -108.881392449654413, 26.406252480409727 ], [ -108.910115019963783, 26.421714520008141 ], [ -108.936522310179882, 26.390180259915319 ], [ -109.00644348923052, 26.402369890745856 ], [ -109.074214230163449, 26.353530051227938 ], [ -109.096680349477083, 26.312124452123847 ], [ -109.125238218856452, 26.297014340743516 ], [ -109.164943139438691, 26.306847341288407 ], [ -109.202537739119293, 26.344452551485279 ], [ -109.246787909398094, 26.316035180092062 ], [ -109.260007969941725, 26.31970217980875 ], [ -109.25202943036328, 26.412233460041033 ], [ -109.267788433474948, 26.501231537964941 ], [ -109.309371894216866, 26.564591825887049 ], [ -109.358246022998784, 26.599151116939673 ], [ -109.403231488190556, 26.653621209049096 ], [ -109.484968352785074, 26.682769011204421 ], [ -109.430017368608787, 26.671246471577192 ], [ -109.431048865338894, 26.689752730110062 ], [ -109.44164579466441, 26.694467631753273 ], [ -109.43253721828512, 26.718923731956782 ], [ -109.471458538184407, 26.716895716840977 ], [ -109.483089343373138, 26.744265467360478 ], [ -109.508195392995702, 26.721899010085863 ], [ -109.513025103781715, 26.75478732514549 ], [ -109.528120404533027, 26.759132220650518 ], [ -109.556075978416899, 26.716960676421749 ], [ -109.539607728702904, 26.704589859323356 ], [ -109.528111362940152, 26.711874579134903 ], [ -109.508684253246273, 26.704618412308402 ], [ -109.542250119986647, 26.69368240920689 ], [ -109.509143488920273, 26.677108273744896 ], [ -109.493629514724361, 26.678456933788944 ], [ -109.4963657837922, 26.670169764997535 ], [ -109.5551218144725, 26.688187043848664 ], [ -109.623846596703345, 26.695481876901251 ], [ -109.656245968190035, 26.691370950416371 ], [ -109.669241657307481, 26.673412634087438 ], [ -109.767475325491972, 26.706239677888227 ], [ -109.82012839386455, 26.751633973222059 ], [ -109.851004279877486, 26.792503595966206 ], [ -109.89025031634597, 26.922511792802787 ], [ -109.944186426101624, 26.992052776892127 ], [ -109.941670850384298, 27.017963630115627 ], [ -109.967207119698074, 27.054180319815707 ], [ -110.021228964319874, 27.077954582866706 ], [ -110.045134516694944, 27.084376473888074 ], [ -110.05650526152715, 27.078223017690199 ], [ -110.10380736107021, 27.108338270095555 ], [ -110.30666564955105, 27.155372430433463 ], [ -110.337950406259139, 27.175940807707445 ], [ -110.432370242021506, 27.267979683054577 ], [ -110.475847627133177, 27.285546951984642 ], [ -110.523836595891808, 27.29306842795004 ], [ -110.521521381455969, 27.299646447960889 ], [ -110.504043975653104, 27.300331221064297 ], [ -110.462779627439275, 27.293346824686406 ], [ -110.443608308525839, 27.302366469237093 ], [ -110.458509684424101, 27.312867030756848 ], [ -110.474759914356667, 27.312042862825418 ], [ -110.474488954293207, 27.318520629724571 ], [ -110.466836608065321, 27.316225639715931 ], [ -110.464698661746596, 27.316575421311452 ], [ -110.472308178424839, 27.321240353948308 ], [ -110.463076974511267, 27.32472314511552 ], [ -110.46099027165657, 27.32926746571118 ], [ -110.481666598401205, 27.325866026322558 ], [ -110.474603168351749, 27.348048551413967 ], [ -110.480174676402527, 27.374646166704427 ], [ -110.503877677149617, 27.387227566733994 ], [ -110.525846050776735, 27.374032265803706 ], [ -110.536527450891469, 27.372680731996049 ], [ -110.52497630699277, 27.375041443666316 ], [ -110.530510389385441, 27.377680574316038 ], [ -110.525754442191229, 27.390770583866537 ], [ -110.513393141829269, 27.39169857395536 ], [ -110.5090595477524, 27.400550168572988 ], [ -110.523366898421358, 27.39834052119086 ], [ -110.511201062548267, 27.412307681013299 ], [ -110.522461863278963, 27.404943248569321 ], [ -110.524821220586105, 27.407893072633392 ], [ -110.526245206075416, 27.416073177910764 ], [ -110.527217809484696, 27.416076151636727 ], [ -110.527318937314874, 27.396731134086387 ], [ -110.531375918028871, 27.397688867059266 ], [ -110.527607447498696, 27.398372962199208 ], [ -110.529737064702985, 27.404232385308241 ], [ -110.531248021662066, 27.404297820297778 ], [ -110.534992368490677, 27.397297485208032 ], [ -110.536710198356687, 27.40238402609684 ], [ -110.543157225112509, 27.403652391423499 ], [ -110.547431330657304, 27.39259979537513 ], [ -110.556467335004626, 27.395428379029262 ], [ -110.559638275696344, 27.41082539102446 ], [ -110.540511118728801, 27.412528614237104 ], [ -110.547597893654569, 27.414113096769999 ], [ -110.540438690146502, 27.414324274196204 ], [ -110.53628355707842, 27.421510246153925 ], [ -110.552466866005275, 27.417322394734644 ], [ -110.539141883629412, 27.432705610149192 ], [ -110.547742644411159, 27.434172456099386 ], [ -110.558257879152265, 27.419270578061553 ], [ -110.563394141412161, 27.42817152715811 ], [ -110.555612885436844, 27.440924268176019 ], [ -110.573166367190851, 27.439324575810865 ], [ -110.57268750111551, 27.450674605068883 ], [ -110.537114559457351, 27.457292481126643 ], [ -110.582533710466365, 27.456197334092533 ], [ -110.590455531458403, 27.441711473286983 ], [ -110.588496400434011, 27.528118649678646 ], [ -110.617704312413395, 27.596289582353076 ], [ -110.62324167751369, 27.61875410896986 ], [ -110.615678561171663, 27.620167508658135 ], [ -110.62360930540315, 27.622344716118107 ], [ -110.614631284613608, 27.66191597325491 ], [ -110.610399999880869, 27.653599999569895 ], [ -110.606900000006618, 27.659999999904173 ], [ -110.608574218665865, 27.687162401768337 ], [ -110.603722497520621, 27.704758515928461 ], [ -110.606763449472268, 27.687631155016643 ], [ -110.605678414724352, 27.671507928220315 ], [ -110.60090296419088, 27.700541492766824 ], [ -110.61331416254842, 27.773000078112094 ], [ -110.615808488088874, 27.798260777250199 ], [ -110.614932043889524, 27.809316749739754 ], [ -110.613661645737324, 27.812736419316266 ], [ -110.61436975001088, 27.795650750370093 ], [ -110.586231783839054, 27.832301704948943 ], [ -110.590966363809912, 27.842301820022168 ], [ -110.588950840138452, 27.845647596105113 ], [ -110.580280283894439, 27.833272752828751 ], [ -110.567422248420641, 27.841094535272639 ], [ -110.558385664573748, 27.831821552964268 ], [ -110.548170189880793, 27.832519366374125 ], [ -110.544452878851118, 27.842511053642536 ], [ -110.523693932390316, 27.837727601306824 ], [ -110.520095460803489, 27.845251566313188 ], [ -110.578234777275568, 27.882365870557926 ], [ -110.610690720359656, 27.888384200198679 ], [ -110.631862453510379, 27.882454107272729 ], [ -110.642978735490104, 27.888365800013602 ], [ -110.639926927794988, 27.898767202313351 ], [ -110.648768612789254, 27.903751705171178 ], [ -110.665360328217915, 27.895258037047952 ], [ -110.648684424744914, 27.892238329659392 ], [ -110.608989066717598, 27.858015732371332 ], [ -110.657226689824427, 27.889876714659319 ], [ -110.680134315734705, 27.88983290692163 ], [ -110.727006442790056, 27.908358165200184 ], [ -110.795784518028256, 27.918940895440286 ], [ -110.853243790291884, 27.912266543069002 ], [ -110.854452985356971, 27.918042195873241 ], [ -110.842548201928025, 27.913678981103931 ], [ -110.799589685682818, 27.921304546463308 ], [ -110.812146306420743, 27.923254487725782 ], [ -110.828236290118014, 27.954336890220436 ], [ -110.854062313560632, 27.946840014099518 ], [ -110.86086252391938, 27.937938613605393 ], [ -110.852304673097578, 27.936295199068962 ], [ -110.86135254025632, 27.936397569576854 ], [ -110.866245180572918, 27.915696321713032 ], [ -110.877573121385453, 27.924338301155242 ], [ -110.889674303347491, 27.921488125692346 ], [ -110.894165549368722, 27.906636449999009 ], [ -110.906884544313357, 27.897705367598071 ], [ -110.895751399987788, 27.89380962047737 ], [ -110.885976249841605, 27.905585311261099 ], [ -110.879515459427239, 27.901883381382895 ], [ -110.884501110588985, 27.896327823058897 ], [ -110.865354220309001, 27.903213999560748 ], [ -110.855660607350416, 27.89975010138215 ], [ -110.86698220015397, 27.895336378527151 ], [ -110.858780508619233, 27.895689230456728 ], [ -110.870859459138387, 27.884118181380565 ], [ -110.863978312852069, 27.878078211156794 ], [ -110.870595316150002, 27.875796548036615 ], [ -110.870756938988336, 27.865492746891274 ], [ -110.881237544107762, 27.863665767114231 ], [ -110.875833776519983, 27.851291898881879 ], [ -110.889871141737075, 27.839455738255737 ], [ -110.888716018701672, 27.849585486684902 ], [ -110.903093492007969, 27.855752962468507 ], [ -110.903599523153886, 27.867005601977191 ], [ -110.926026981867722, 27.867661165246389 ], [ -110.924720931838749, 27.876256665794145 ], [ -110.932906621619153, 27.881441792180329 ], [ -110.950433124711139, 27.868264196020743 ], [ -110.948969018278362, 27.888903901555704 ], [ -110.966571579286509, 27.90524228010986 ], [ -110.947443114288049, 27.911543386196307 ], [ -110.946888131500387, 27.921854355072078 ], [ -110.969961858783265, 27.927416945747051 ], [ -110.984527252049858, 27.958643946587284 ], [ -111.025303705060182, 27.962483057968292 ], [ -111.049817398254817, 27.950001894412587 ], [ -111.048804287566682, 27.940498339896092 ], [ -111.050772748753701, 27.942725141574712 ], [ -111.054983961367384, 27.941805423626892 ], [ -111.057856915509447, 27.937535034010097 ], [ -111.053688362709053, 27.948539470993854 ], [ -111.065409188020325, 27.952914993748706 ], [ -111.060058422419118, 27.927316387291299 ], [ -111.066196501531522, 27.940600703268881 ], [ -111.105716104007627, 27.936063588707952 ], [ -111.104067201836145, 27.944746040815701 ], [ -111.09390936411657, 27.944449463240499 ], [ -111.091288944823148, 27.945137103644903 ], [ -111.090754166310859, 27.946703960194277 ], [ -111.099414620807153, 27.961302817292058 ], [ -111.113236887335177, 27.966095503907052 ], [ -111.116916167604998, 27.960480921970856 ], [ -111.122931391511869, 27.978861509730422 ], [ -111.131594079045257, 27.974754552987214 ], [ -111.137850998144302, 27.984876884993408 ], [ -111.173769108593149, 27.991514768205811 ], [ -111.188690589998558, 28.020649865387384 ], [ -111.211720680046454, 28.041712138689025 ], [ -111.24208588575641, 28.049693768969966 ], [ -111.243011020771092, 28.058080178837006 ], [ -111.255251376826223, 28.054439353013606 ], [ -111.252089074206424, 28.063530798350012 ], [ -111.277371274969127, 28.081112634884924 ], [ -111.273167006472391, 28.089932820893633 ], [ -111.282282798750657, 28.090445626694017 ], [ -111.293682729022336, 28.130942248898759 ], [ -111.330742939740659, 28.157971362156996 ], [ -111.332650799961939, 28.190931344095709 ], [ -111.343678427106795, 28.209307319807309 ], [ -111.358730684077699, 28.219429545301566 ], [ -111.377110599693182, 28.218802519930051 ], [ -111.373401464967046, 28.234073970826252 ], [ -111.388717545614043, 28.24910581887664 ], [ -111.390420521937557, 28.270816492022007 ], [ -111.408422532643883, 28.273061522368227 ], [ -111.413687720043697, 28.285543969588282 ], [ -111.425360779046613, 28.286725354022987 ], [ -111.457272847189529, 28.315956045417504 ], [ -111.452966091048637, 28.325233351821389 ], [ -111.462142904633808, 28.341262730189342 ], [ -111.456820066506822, 28.354381296768995 ], [ -111.46859128986533, 28.371944940097766 ], [ -111.505019600172957, 28.392632170374434 ], [ -111.581916830311044, 28.415105400092617 ], [ -111.644513689788155, 28.443526259645168 ], [ -111.71008715249161, 28.456941397598818 ], [ -111.715732310287805, 28.494612540215297 ], [ -111.737234480232985, 28.52185337979693 ], [ -111.774424049903672, 28.607132780377732 ], [ -111.908185151252823, 28.702432846575949 ], [ -111.952198980115995, 28.759099500271688 ], [ -111.921522845652746, 28.766633599397036 ], [ -111.900568526184557, 28.787117096745455 ], [ -111.899674850502294, 28.784446579182642 ], [ -111.904798590818743, 28.78081059200969 ], [ -111.905459974980715, 28.777901229427606 ], [ -111.898790681316527, 28.782496766319461 ], [ -111.890719077602711, 28.773851322153572 ], [ -111.888541931932949, 28.759633738805523 ], [ -111.876473367882667, 28.743820394617217 ], [ -111.878288427638466, 28.749494403387938 ], [ -111.853997560442053, 28.760121302622373 ], [ -111.864905802788158, 28.779455778329247 ], [ -111.844233478525808, 28.792203286241218 ], [ -111.844269130812265, 28.803928645160525 ], [ -111.863070728474597, 28.79306115781565 ], [ -111.858646913773512, 28.796276650397026 ], [ -111.889248178964365, 28.793394427792812 ], [ -111.882771407199371, 28.799520680642754 ], [ -111.882688219036154, 28.807718831380193 ], [ -111.882061339479563, 28.809007462332794 ], [ -111.880846201147818, 28.810137278896566 ], [ -111.877941161068208, 28.801183272962962 ], [ -111.874796658148938, 28.801601911385728 ], [ -111.873570229656607, 28.810849006415051 ], [ -111.889463874232661, 28.815962671243312 ], [ -111.886679455797804, 28.825408390679566 ], [ -111.901311019911091, 28.821572733219632 ], [ -111.892474603084665, 28.805352946045705 ], [ -111.905460908234176, 28.796371940554504 ], [ -111.909756968916682, 28.801105168633679 ], [ -111.90280483729795, 28.803417030735471 ], [ -111.904355786913143, 28.809259188383283 ], [ -111.902893966680949, 28.808237408631538 ], [ -111.903293268799246, 28.810792776194472 ], [ -111.8984267757385, 28.810989579724659 ], [ -111.897881300469962, 28.813004459738153 ], [ -111.913232486402507, 28.811061154409394 ], [ -111.918805659356039, 28.816211497379861 ], [ -111.912978835351268, 28.819065422576337 ], [ -111.912591300342143, 28.822028770806554 ], [ -111.919361606716151, 28.821076086058977 ], [ -111.927101647009238, 28.813248118201098 ], [ -111.914714770420545, 28.790024704613305 ], [ -111.969812480164805, 28.842050750039284 ], [ -112.03099153513557, 28.859143083100719 ], [ -112.034561723287325, 28.880122161660058 ], [ -112.051708029955691, 28.889650829581761 ], [ -112.047673087139685, 28.89884968836644 ], [ -112.086269898392089, 28.92518958568041 ], [ -112.101999542479575, 28.955307902565174 ], [ -112.172267519909624, 28.968966429973836 ], [ -112.150399056862, 28.988686324196749 ], [ -112.159354212372037, 29.01131849589477 ], [ -112.166722702916942, 29.009568694203857 ], [ -112.170608767240523, 29.071527751063027 ], [ -112.187942748586991, 29.072718067700894 ], [ -112.165260973261923, 29.114189835181328 ], [ -112.184484509390998, 29.152188866016473 ], [ -112.200527891336051, 29.156996134011575 ], [ -112.19428902057102, 29.167376995402687 ], [ -112.199456731796616, 29.176225904628453 ], [ -112.229826670610393, 29.178513996438159 ], [ -112.208998796113434, 29.242200575542256 ], [ -112.23183744082327, 29.305039225850589 ], [ -112.257107550054215, 29.327216024632268 ], [ -112.291136280933657, 29.331041573020233 ], [ -112.346247749982894, 29.313561219776723 ], [ -112.334899999554409, 29.291800000070374 ], [ -112.352978829631198, 29.321014250328233 ], [ -112.394522379931146, 29.332606749884391 ], [ -112.410368314575251, 29.345155952432968 ], [ -112.421486380208961, 29.376055569584977 ], [ -112.382668480482579, 29.448725029930166 ], [ -112.380812567253159, 29.486717376426572 ], [ -112.391032352262982, 29.500815681550428 ], [ -112.42887173131497, 29.519173224380729 ], [ -112.436289701191981, 29.559713290866753 ], [ -112.506891615777704, 29.620408852641287 ], [ -112.544061770834674, 29.689692809321269 ], [ -112.580477597930098, 29.711507113388393 ], [ -112.606625495440213, 29.779361012416462 ], [ -112.651806773684044, 29.834476850361629 ], [ -112.650928313034314, 29.862422108131064 ], [ -112.66541786366497, 29.891135845202147 ], [ -112.683939055843084, 29.904325522863211 ], [ -112.697475019899073, 29.895764600571695 ], [ -112.694163538577314, 29.906251879951704 ], [ -112.712884288448805, 29.910395123575174 ], [ -112.730574789899734, 29.902879147577515 ], [ -112.747042429737505, 29.914359943796885 ], [ -112.73310210966909, 30.000552579962999 ], [ -112.761593305501847, 30.062748110678267 ], [ -112.752440660176532, 30.162180199658241 ], [ -112.761502399173466, 30.201693747415046 ], [ -112.778943337487036, 30.228501130757014 ], [ -112.817869721968762, 30.263851597352033 ], [ -112.839008680279832, 30.270935890027513 ], [ -112.857306316508996, 30.263068414378974 ], [ -112.864718385794475, 30.268279738713101 ], [ -112.851095710142062, 30.284694660351683 ], [ -112.846341634417612, 30.333422353711679 ], [ -112.851884025453344, 30.37858396320205 ], [ -112.866118319010923, 30.415750841572908 ], [ -112.897132004162899, 30.458344987323947 ], [ -112.978684885311125, 30.52927422427631 ], [ -112.980328449526965, 30.541901940176366 ], [ -112.9857804899342, 30.534794519579066 ], [ -112.998369990648257, 30.548306434972375 ], [ -113.084907532010206, 30.679831452990893 ], [ -113.127166969692539, 30.812041769806459 ], [ -113.101061939720722, 30.890885709605648 ], [ -113.09645501951583, 30.970047860110313 ], [ -113.128411449518993, 31.05890878009647 ], [ -113.120600000359147, 31.064699999984981 ], [ -113.117064254557008, 31.035339357383315 ], [ -113.091942310152376, 30.995267659645496 ], [ -113.084801260065291, 31.012512220191915 ], [ -113.062048369503728, 31.033436169859783 ], [ -113.058955680408673, 31.072349889655211 ], [ -113.080956580369175, 31.138812370134481 ], [ -113.077507680233737, 31.151666890245696 ], [ -113.089550889789749, 31.155670339887354 ], [ -113.101509260041112, 31.189443850138858 ], [ -113.110273630404436, 31.199616179646885 ], [ -113.11645508030719, 31.201589740300022 ], [ -113.120401800432631, 31.19166751976762 ], [ -113.18907955026846, 31.222760679625633 ], [ -113.207153520092987, 31.240528540157264 ], [ -113.255110170468669, 31.240536650029807 ], [ -113.421179618123759, 31.275896110754108 ], [ -113.432490012268516, 31.283992944966137 ], [ -113.54540570136578, 31.296273740660801 ], [ -113.552875483393393, 31.303542873960097 ], [ -113.543764768761662, 31.303944110214601 ], [ -113.543638739213193, 31.308284660950161 ], [ -113.558404579325781, 31.317765170812645 ], [ -113.624612949858715, 31.327994489912566 ], [ -113.643894774412061, 31.343234897888575 ], [ -113.612275741487281, 31.343359878914999 ], [ -113.609160215556713, 31.364123898140946 ], [ -113.635808710091666, 31.429820259801687 ], [ -113.629404589851546, 31.452004953417138 ], [ -113.641027293590795, 31.481154122915491 ], [ -113.680414085636869, 31.514843343908666 ], [ -113.763327910390345, 31.550623030376759 ], [ -113.776666690411616, 31.564539659923881 ], [ -113.810074979513914, 31.566995779743809 ], [ -113.85247934029691, 31.595398690319048 ], [ -113.873670138425709, 31.588559476917485 ], [ -113.877874684070733, 31.598209736480406 ], [ -113.897549689867105, 31.606855119561057 ], [ -113.92000000000381, 31.598299999947674 ], [ -113.979410979697889, 31.631428719624978 ], [ -113.973699999653562, 31.578300000404781 ], [ -113.96149999962401, 31.576899999800556 ], [ -113.956200000181624, 31.562400000221114 ], [ -113.979729330122495, 31.547393940146915 ], [ -113.98683560202744, 31.529487955275425 ], [ -114.006215110507881, 31.523787489977085 ], [ -114.01975222212576, 31.52992429429321 ], [ -114.025899999991765, 31.492199999637702 ], [ -114.169907809993944, 31.497993607637476 ], [ -114.282709330895244, 31.546150726435659 ], [ -114.326747310282187, 31.583158339698464 ], [ -114.332356784664654, 31.596769991613961 ], [ -114.449464864117019, 31.648334046864207 ], [ -114.462043884935824, 31.667809142111963 ], [ -114.497033859179638, 31.676232434095475 ], [ -114.514254629591491, 31.694480259964998 ], [ -114.507574490523851, 31.694480120026594 ], [ -114.526280765783795, 31.700838757217127 ], [ -114.554028059765628, 31.735542579590511 ], [ -114.582788909700298, 31.752221340382039 ], [ -114.619231509990087, 31.762903650444169 ], [ -114.692801830214179, 31.763121220251456 ], [ -114.722687940374044, 31.77705837017017 ], [ -114.760210580131726, 31.818258520409685 ], [ -114.81885742011842, 31.820905889625553 ], [ -114.844922489910687, 31.864550999921697 ], [ -114.890715380359353, 31.872334620345914 ], [ -114.910759479830489, 31.867760799794283 ], [ -114.913619909948054, 31.881343480334053 ], [ -114.937876630045054, 31.890775400205225 ], [ -114.945134480348401, 31.91012096967377 ], [ -114.965484569495089, 31.918423879677658 ], [ -114.967434450197544, 31.996880289828443 ], [ -114.957005000217819, 32.038636179997816 ], [ -114.989736339771582, 32.146377650300558 ], [ -114.975318249897953, 32.17799548041399 ], [ -115.053022319504691, 32.245174019953559 ], [ -115.03642784981038, 32.277755950434397 ], [ -114.966592479516791, 32.338793519915647 ], [ -114.961880080551595, 32.354745920284465 ], [ -114.968453310155283, 32.390653029916869 ], [ -114.954495969594603, 32.39335409027759 ], [ -114.961452320007766, 32.41170618019391 ], [ -114.931940479824732, 32.439700740026126 ], [ -114.939350059801143, 32.468404020335512 ], [ -114.935416200045225, 32.481423910062006 ], [ -114.900132570281201, 32.483480180333068 ], [ -114.882589149640765, 32.492149650343507 ] ], [ [ -110.848407999911643, 27.982478170171756 ], [ -110.866227830370306, 27.981368379622964 ], [ -110.857149780412541, 27.974451420070608 ], [ -110.864555690449748, 27.974576260426804 ], [ -110.867237829952757, 27.973474339772007 ], [ -110.859650430524894, 27.972990520412058 ], [ -110.855831550375754, 27.964544379650146 ], [ -110.858001199909722, 27.967121689639981 ], [ -110.869519889903927, 27.969153419719607 ], [ -110.845170120531009, 27.953041650378143 ], [ -110.841651859606699, 27.954655419776653 ], [ -110.829333780188065, 27.956033489769023 ], [ -110.827076619613209, 27.955313679294658 ], [ -110.830246289527764, 27.969532370253347 ], [ -110.848407999911643, 27.982478170171756 ] ], [ [ -110.827739419843937, 27.954756660315709 ], [ -110.842395520501526, 27.954187860147627 ], [ -110.84487914026198, 27.952846939745324 ], [ -110.827739419843937, 27.954756660315709 ] ] ] ] } },
{ "type": "Feature", "properties": { "fid": 27, "CVEGEO": "27", "CVE_ENT": "27", "NOMGEO": "Tabasco", "PibCalc25": 575781, "SUP": 24738.064817868195, "Long_Carret": 4444.67, "Municipios": 17, "UE": 94456, "Dens_Carret": 0.17967, "Dens_UE": 3.81824 }, "geometry": { "type": "MultiPolygon", "coordinates": [ [ [ [ -92.467847520042938, 18.647277949717733 ], [ -92.465745049628708, 18.61656341985789 ], [ -92.426229649986482, 18.557041450367649 ], [ -92.426431029638024, 18.514973569703848 ], [ -92.414051720377699, 18.487291749935878 ], [ -92.364324509691954, 18.463729180372361 ], [ -92.358317940190787, 18.444350030114638 ], [ -92.348713649606665, 18.443093679593844 ], [ -92.322528939785386, 18.473080889860135 ], [ -92.31028748032135, 18.455579370194908 ], [ -92.176147740178806, 18.458233219952245 ], [ -92.181948719689245, 18.375902430331063 ], [ -92.171357549575291, 18.338954309871458 ], [ -92.180428820185639, 18.289823570285822 ], [ -92.174425849595607, 18.293303310089804 ], [ -92.172951370205865, 18.275337690408637 ], [ -92.183243850342976, 18.274063230242206 ], [ -92.14893752024993, 18.210406080351135 ], [ -92.164423970144554, 18.197865619757479 ], [ -92.160903000233148, 18.155424170337032 ], [ -92.148782050479539, 18.149296379904488 ], [ -92.149043460207679, 18.136730370166994 ], [ -92.110108350107581, 18.094406200282336 ], [ -92.081558290390703, 18.085689690380995 ], [ -92.076796349630044, 18.094286599955829 ], [ -92.039938820148748, 18.097950339625061 ], [ -92.035986250119208, 18.087363339633598 ], [ -92.042095429579305, 18.078318820282007 ], [ -92.028242169704527, 18.077172049852468 ], [ -92.014428740005741, 18.052613320230112 ], [ -91.992154600254025, 18.039256910325669 ], [ -91.978778580003663, 18.042829719784997 ], [ -91.966747709935049, 18.015988450434467 ], [ -91.900354769989036, 18.012146999992613 ], [ -91.86720785976361, 17.983266350183865 ], [ -91.804644219698986, 17.972550510226664 ], [ -91.762266540152538, 17.939014280320318 ], [ -91.757100690061051, 17.939733649740084 ], [ -91.760487309888774, 17.957625679752567 ], [ -91.725101059571998, 17.924494619795951 ], [ -91.638805939547723, 17.873953779763266 ], [ -91.629101419554189, 17.897127889637279 ], [ -91.633089220256778, 17.905016030296927 ], [ -91.612713599743259, 17.912919029933139 ], [ -91.624740379606962, 17.94907184975699 ], [ -91.612269020422104, 18.045020980022493 ], [ -91.619294910362399, 18.060803690440874 ], [ -91.607578540272698, 18.074505280211483 ], [ -91.60950468032074, 18.098438399877203 ], [ -91.603224180262274, 18.107744150406056 ], [ -91.589753149707633, 18.108009370262554 ], [ -91.595346939561551, 18.125175079577083 ], [ -91.572199120077485, 18.142015140424586 ], [ -91.579966019942461, 18.158179799748616 ], [ -91.552761060371523, 18.158176230247403 ], [ -91.534505140278327, 18.146174370086946 ], [ -91.50933734019948, 18.171054750075335 ], [ -91.501863539999277, 18.155568720151894 ], [ -91.515212850316843, 18.154952480030474 ], [ -91.516532180243814, 18.130485250463337 ], [ -91.505732119659484, 18.130002710057997 ], [ -91.50403590981324, 18.116459140127475 ], [ -91.477323030201418, 18.112795459867311 ], [ -91.433366230358814, 18.082097819721241 ], [ -91.398591509704659, 18.080005020040584 ], [ -91.384425350151588, 18.064065050047013 ], [ -91.359426419558346, 18.070372170160418 ], [ -91.327024315832276, 18.062665349822868 ], [ -91.323348345619252, 18.053294369275186 ], [ -91.29674319590103, 18.041940319321007 ], [ -91.281419255464868, 18.024006260440984 ], [ -91.250140877525496, 18.006793018512639 ], [ -91.240013085485685, 17.987003689957906 ], [ -91.217459546078871, 17.974986851692165 ], [ -91.144726736635775, 17.975159860960794 ], [ -91.151122964642497, 17.962673449961702 ], [ -91.133182256861204, 17.95800972059434 ], [ -91.13066914479603, 17.982250198711498 ], [ -91.113580647264399, 17.975850481027972 ], [ -91.120200304198889, 17.963375259495837 ], [ -90.987951717174866, 17.962545050108119 ], [ -90.987665997539665, 17.901350679500535 ], [ -90.995506414756065, 17.90215664960883 ], [ -90.995637364186152, 17.875489459738883 ], [ -90.987662546715811, 17.87535655019763 ], [ -90.987459199927855, 17.251024890213046 ], [ -91.439696859901758, 17.250966880220471 ], [ -91.42518087970376, 17.302305309531203 ], [ -91.412592510271338, 17.307549000011353 ], [ -91.390318720210871, 17.299349119718041 ], [ -91.383664219816509, 17.311183109550434 ], [ -91.39699742030129, 17.337945060402124 ], [ -91.416775349710946, 17.345627120274564 ], [ -91.419832619841102, 17.374070680437935 ], [ -91.439298460389338, 17.384287370257876 ], [ -91.456495629851077, 17.375721540423509 ], [ -91.505004770286305, 17.399482450082552 ], [ -91.509935539814052, 17.39220271038602 ], [ -91.536847139510428, 17.407362680259777 ], [ -91.537244219787979, 17.419736169709832 ], [ -91.557856690253871, 17.422244150067698 ], [ -91.558793540232344, 17.400529579639933 ], [ -91.579688320352176, 17.40734381987221 ], [ -91.606898180101638, 17.416891379979432 ], [ -91.620207680281027, 17.431700450106909 ], [ -91.634887339849044, 17.436494919710363 ], [ -91.643326430351607, 17.430987980220749 ], [ -91.672043139561097, 17.444058819789628 ], [ -91.665205599805532, 17.461660229845307 ], [ -91.700137430197358, 17.467517800098474 ], [ -91.662816769722198, 17.479816740052538 ], [ -91.650073090361232, 17.495685079783154 ], [ -91.649077169901389, 17.517772740776891 ], [ -91.634287739625378, 17.5346242612633 ], [ -91.638827400216982, 17.581469430064949 ], [ -91.663563200057538, 17.612167139718117 ], [ -91.644567490422105, 17.621924550655329 ], [ -91.659898580003713, 17.630447461196866 ], [ -91.652811260158856, 17.638570740090767 ], [ -91.658787599639311, 17.639707980941289 ], [ -91.654054570069647, 17.645229430787964 ], [ -91.664339289588526, 17.666660629919257 ], [ -91.654743510089162, 17.676157119912784 ], [ -91.672992490371385, 17.683472429981144 ], [ -91.681377259647178, 17.670133719718972 ], [ -91.693711229572941, 17.685001201148015 ], [ -91.700957979701599, 17.678939780644342 ], [ -91.704035769778997, 17.69222509007604 ], [ -91.717077489765757, 17.687746509951499 ], [ -91.717545419741512, 17.698409230187835 ], [ -91.724763540491239, 17.69206388963627 ], [ -91.733294000337693, 17.696580341295505 ], [ -91.738806229898046, 17.710808650112956 ], [ -91.748243969646936, 17.700177019608233 ], [ -91.767852620325783, 17.70311545072795 ], [ -91.77660258015851, 17.715431681367928 ], [ -91.780531689908656, 17.707819479854969 ], [ -91.786515879941859, 17.719025680030136 ], [ -91.830661690382129, 17.737677229978086 ], [ -91.810325029648681, 17.751323340004515 ], [ -91.790161739968752, 17.74601811018827 ], [ -91.78225311995584, 17.78248462954717 ], [ -91.792371579767931, 17.824516940180441 ], [ -91.779690460194416, 17.851298580081746 ], [ -91.804368740006836, 17.868866449845928 ], [ -91.809943120095298, 17.898248280249746 ], [ -91.849686290168663, 17.882864600332347 ], [ -91.870689309689126, 17.890780720081512 ], [ -91.89416148027567, 17.887500260187846 ], [ -91.918127689976288, 17.899519650420391 ], [ -91.928061340040969, 17.870822509721574 ], [ -91.948409169635539, 17.863308349551012 ], [ -91.956832769721515, 17.879929910329484 ], [ -91.93959785010037, 17.906293060436045 ], [ -91.978452570276971, 17.913688650238761 ], [ -91.995671089842986, 17.942589969690744 ], [ -91.991289740136793, 17.919612309710146 ], [ -92.003355060087898, 17.890518180364101 ], [ -92.015546629548211, 17.897501119738752 ], [ -92.019707909858496, 17.887823920194737 ], [ -92.071797050177835, 17.877673649756691 ], [ -92.052457980339284, 17.867246109691255 ], [ -92.049407080053285, 17.85477203025966 ], [ -92.056308220360265, 17.846754449605605 ], [ -92.090468820002144, 17.856599490241326 ], [ -92.090497629803281, 17.850727780274948 ], [ -92.102033350384048, 17.850880169854367 ], [ -92.105535180282786, 17.812938720314161 ], [ -92.120481630125042, 17.795972690321811 ], [ -92.146582769549454, 17.814676000140366 ], [ -92.127138079654316, 17.785898379635007 ], [ -92.135971889722086, 17.779012310131712 ], [ -92.130825419760328, 17.766080350225128 ], [ -92.151708170478372, 17.764568879696679 ], [ -92.152454019783306, 17.77906556961555 ], [ -92.171950180206878, 17.786567850389943 ], [ -92.188487150389278, 17.768134630338647 ], [ -92.19449939974217, 17.776641179591181 ], [ -92.27462289028928, 17.692258050100971 ], [ -92.288681540061503, 17.702667339982 ], [ -92.337347260153507, 17.71208963014643 ], [ -92.340129219820369, 17.703757980056896 ], [ -92.349897030102767, 17.702784719852776 ], [ -92.349159489592552, 17.654727519832786 ], [ -92.358131679972502, 17.641959140349062 ], [ -92.350673709638372, 17.617934060279371 ], [ -92.400858139969429, 17.586032549963203 ], [ -92.402078599981991, 17.578040110165489 ], [ -92.436775649586309, 17.570096879996242 ], [ -92.467616910438949, 17.577118860153522 ], [ -92.519984889553839, 17.573049769947069 ], [ -92.530073420161244, 17.549998420427375 ], [ -92.558030539853036, 17.540225419798372 ], [ -92.571410919798936, 17.54960862015291 ], [ -92.596989689862838, 17.520359649782101 ], [ -92.594063660317715, 17.49295222963563 ], [ -92.605825139854318, 17.477375740256836 ], [ -92.648865860242338, 17.460699419977956 ], [ -92.659408279552281, 17.444284739791172 ], [ -92.668185150438433, 17.456694570050679 ], [ -92.678765030025289, 17.378493570423704 ], [ -92.729508340219041, 17.348128510142914 ], [ -92.754180200190959, 17.343298660296941 ], [ -92.758737419712901, 17.35819777987216 ], [ -92.770663309891063, 17.360396319749363 ], [ -92.768309000181631, 17.38550411965311 ], [ -92.790794229730224, 17.404985140176972 ], [ -92.785794709851444, 17.417527290017915 ], [ -92.829399600455289, 17.40859934003625 ], [ -92.82921631978661, 17.396300489979957 ], [ -92.854264460462332, 17.411197630013955 ], [ -92.856191019849973, 17.418876220175484 ], [ -92.825824749775478, 17.423784220284229 ], [ -92.819630849806785, 17.432745950115503 ], [ -92.831552480339425, 17.480857169760338 ], [ -92.84987592032121, 17.468978139960534 ], [ -92.859808750264818, 17.500281550374559 ], [ -92.887356170400523, 17.510463540421618 ], [ -92.912937540468661, 17.498213059814095 ], [ -92.939199430138359, 17.502447310167845 ], [ -92.948119830210103, 17.482743019705524 ], [ -92.968042119792727, 17.517972719971098 ], [ -92.98487341976319, 17.511307859579468 ], [ -92.99264832043886, 17.53001571999928 ], [ -92.980489680359995, 17.537562830259855 ], [ -92.988340480316111, 17.550005949604291 ], [ -93.005565250092971, 17.555248020250975 ], [ -93.004487540432706, 17.579587650167628 ], [ -93.040525339946996, 17.609828150306903 ], [ -93.045457650008416, 17.659105450025351 ], [ -93.037116080365962, 17.703381910251995 ], [ -93.05772471024612, 17.720488749668458 ], [ -93.042638279706836, 17.768411509674369 ], [ -93.027800509860214, 17.771644949742974 ], [ -93.012013399899971, 17.793669030091564 ], [ -93.025436279606538, 17.825418449897672 ], [ -93.043126309052369, 17.842577310431682 ], [ -93.101645459757052, 17.845828339957968 ], [ -93.11564074962169, 17.822212630033196 ], [ -93.131800320066034, 17.852316419797884 ], [ -93.1236259796501, 17.874450379848444 ], [ -93.091959289731079, 17.886575879667184 ], [ -93.091375939906939, 17.897561250434933 ], [ -93.104975028741919, 17.907419321844433 ], [ -93.129128889840473, 17.90785238011825 ], [ -93.145982079370569, 17.919926659788963 ], [ -93.145078028588841, 17.932352969883507 ], [ -93.183143890190593, 17.940309050244203 ], [ -93.192001579532217, 17.956135720321424 ], [ -93.207358770230272, 17.960637939926919 ], [ -93.240920979597561, 17.950094689753033 ], [ -93.278322689637235, 17.985287800791049 ], [ -93.298009690060127, 17.938581780303291 ], [ -93.32583286018783, 17.927913509768846 ], [ -93.336670199791328, 17.936601250424307 ], [ -93.34089685011719, 17.930330660144591 ], [ -93.336022450148135, 17.904986550179746 ], [ -93.35058276965151, 17.876066029746053 ], [ -93.3342951100161, 17.851698890437738 ], [ -93.349310769690348, 17.81542759978803 ], [ -93.340585980023846, 17.798120549719783 ], [ -93.366610950188033, 17.802923320250404 ], [ -93.380948488990981, 17.783164951267437 ], [ -93.364418709706129, 17.779084320380345 ], [ -93.358503080015922, 17.788396320449156 ], [ -93.343111879756464, 17.787516679800415 ], [ -93.349135090105023, 17.767085279991718 ], [ -93.390547830367879, 17.773399710489251 ], [ -93.369848879991608, 17.737383049764393 ], [ -93.37394657027437, 17.732994770126961 ], [ -93.362551849597878, 17.728687980108113 ], [ -93.354302350316033, 17.712882179565955 ], [ -93.356277769967576, 17.648037450293995 ], [ -93.384788719983064, 17.644377939796758 ], [ -93.384968289563602, 17.634176109560787 ], [ -93.409599289960497, 17.619297860385259 ], [ -93.42048990868166, 17.590047941185521 ], [ -93.445945620244032, 17.585985690200264 ], [ -93.451707049425579, 17.546484229846083 ], [ -93.484145820099272, 17.549876549941221 ], [ -93.502521279746489, 17.499522580062077 ], [ -93.514878598641147, 17.490322820292779 ], [ -93.506041419906509, 17.477491200888199 ], [ -93.513804720209535, 17.442805260684487 ], [ -93.607939816028761, 17.314930020678464 ], [ -93.624386679675695, 17.322481309597034 ], [ -93.627431970292221, 17.312843150060619 ], [ -93.641502890306626, 17.317953140442896 ], [ -93.645334549886854, 17.327773230318723 ], [ -93.634958550308454, 17.337701859915502 ], [ -93.68574717968589, 17.37236756967279 ], [ -93.694920219733476, 17.387804370193361 ], [ -93.672996309793476, 17.419918310031935 ], [ -93.657579290021616, 17.416906740021496 ], [ -93.649309749707612, 17.432471380352919 ], [ -93.638206320331093, 17.43608625963029 ], [ -93.645179880404498, 17.442401580346633 ], [ -93.636597399652217, 17.455276879639936 ], [ -93.650414029562043, 17.458854659745331 ], [ -93.639342519902783, 17.459585200359108 ], [ -93.62410485034988, 17.493457229571693 ], [ -93.626071550146108, 17.504421280047552 ], [ -93.637341079868577, 17.509813630153101 ], [ -93.625020770042568, 17.514637080427534 ], [ -93.627263250076723, 17.531682220046687 ], [ -93.615246600035078, 17.555111780800203 ], [ -93.625013739122224, 17.548735910493701 ], [ -93.631779678657992, 17.556879941004105 ], [ -93.656542060050029, 17.555238080014576 ], [ -93.659169279773167, 17.565486340276891 ], [ -93.677310279548706, 17.575766750354369 ], [ -93.677610319839687, 17.585869519817884 ], [ -93.699464169926515, 17.596023889920275 ], [ -93.699657449586198, 17.613685620106786 ], [ -93.709691339585234, 17.611632980246871 ], [ -93.71318359981521, 17.630670030197688 ], [ -93.719170419889522, 17.633463520122522 ], [ -93.714728170137079, 17.620853080387572 ], [ -93.732882600466183, 17.625760230081735 ], [ -93.731024689775197, 17.635833340248837 ], [ -93.735280220242586, 17.63008187965022 ], [ -93.737987549580893, 17.634950479699409 ], [ -93.729991739780999, 17.641289740316733 ], [ -93.732691950255372, 17.649162220373487 ], [ -93.746582659599312, 17.660114710001757 ], [ -93.738510860126226, 17.679370150391545 ], [ -93.756719140254674, 17.676872459637643 ], [ -93.751788889660148, 17.683986550051635 ], [ -93.759768080106667, 17.685116709568021 ], [ -93.765041260180325, 17.674573250330905 ], [ -93.772569879741397, 17.692708980251368 ], [ -93.805154659655997, 17.689355509766241 ], [ -93.806989080243767, 17.705919029683969 ], [ -93.822340680418989, 17.699576510270461 ], [ -93.826586430269657, 17.719191620393502 ], [ -93.84302008978689, 17.711366579898197 ], [ -93.848581309728971, 17.720708889565017 ], [ -93.864996030464312, 17.722186630068389 ], [ -93.869997079854571, 17.713536029649145 ], [ -93.880722220304321, 17.726277620422003 ], [ -93.876162600124744, 17.733298939608197 ], [ -93.883661600374822, 17.735533780051675 ], [ -93.869608510317008, 17.739323310079939 ], [ -93.877048779860829, 17.756563579939524 ], [ -93.891280169792594, 17.748080780284184 ], [ -93.91011941973035, 17.754691019680621 ], [ -93.922314629570309, 17.746328339595099 ], [ -93.940107259828665, 17.753169909637766 ], [ -93.935259459612737, 17.759096849643566 ], [ -93.956103819551672, 17.781720180037951 ], [ -93.950631399670897, 17.800412420382454 ], [ -93.963167880105743, 17.799502259566861 ], [ -93.956800970345469, 17.810640249749341 ], [ -93.967996170286185, 17.817871680206448 ], [ -93.958327780153496, 17.819728999963296 ], [ -93.964994690201166, 17.829967549923524 ], [ -93.957442720094036, 17.825315279903172 ], [ -93.955950029786521, 17.833395180252097 ], [ -93.967878860216274, 17.837046659657801 ], [ -93.967786169565272, 17.845252340409232 ], [ -93.984567259820565, 17.851574939823603 ], [ -93.987870820407579, 17.834358249845771 ], [ -93.994614679886297, 17.84602011008954 ], [ -93.995612309926557, 17.836618080114906 ], [ -94.016342950002141, 17.84449237959376 ], [ -94.025947430443026, 17.840380620476296 ], [ -94.023038679744602, 17.846257249889209 ], [ -94.029447509602335, 17.845669540418577 ], [ -94.037534430077415, 17.862658780349147 ], [ -94.033158480250364, 17.872557219739988 ], [ -94.062604549529226, 17.863087800090657 ], [ -94.083430750186906, 17.869868489970127 ], [ -94.079308820438172, 17.891045850313116 ], [ -94.088009920201969, 17.906480819785294 ], [ -94.091990120091936, 17.961931939948972 ], [ -94.088888430282708, 17.970620230018291 ], [ -94.080746280345892, 17.968339199709067 ], [ -94.073532689683148, 17.987770580045421 ], [ -94.068516319577157, 17.979592649927252 ], [ -94.061400310117151, 17.988124339557462 ], [ -94.066523630204443, 18.009396199652763 ], [ -94.08366307993019, 18.006125180312875 ], [ -94.074399370370799, 18.058947859767343 ], [ -94.097205419646173, 18.079729679906535 ], [ -94.081588260090285, 18.09991429022201 ], [ -94.100443569584726, 18.125915940323949 ], [ -94.097908019650248, 18.168358580167389 ], [ -94.106065719830227, 18.174212679958092 ], [ -94.120299649585576, 18.164959169997697 ], [ -94.127853020477716, 18.169877179870337 ], [ -94.125886075962967, 18.216453005749639 ], [ -93.849584885237121, 18.302971116437888 ], [ -93.847681709616367, 18.298150569587769 ], [ -93.846224447688215, 18.306102132532221 ], [ -93.585519819790576, 18.392095080166872 ], [ -93.439869567089147, 18.427237318977468 ], [ -93.232263623139303, 18.439900886291216 ], [ -93.213865990738711, 18.446966626967512 ], [ -93.20501046621709, 18.441211671359657 ], [ -93.210527471000347, 18.430471804551814 ], [ -93.1927587816825, 18.443638472767795 ], [ -93.194320774368052, 18.433358918987736 ], [ -93.186792798615031, 18.431162245947849 ], [ -93.183697123915692, 18.437675854668665 ], [ -93.190334379712439, 18.437878720089884 ], [ -93.189500080800045, 18.447556588065847 ], [ -93.19836290917543, 18.453165000037341 ], [ -93.189771979678341, 18.448594750776596 ], [ -93.185077686226464, 18.441256689162369 ], [ -93.099908083873942, 18.443207996713671 ], [ -93.035946188568488, 18.431912274927313 ], [ -92.897989698009567, 18.443151651867328 ], [ -92.82943511732806, 18.468301145405174 ], [ -92.773655792238074, 18.505149477999176 ], [ -92.722633949891318, 18.558842289608194 ], [ -92.691557095796895, 18.618041269968472 ], [ -92.67218036697804, 18.611360835650267 ], [ -92.631006321562339, 18.614352462784243 ], [ -92.467847520042938, 18.647277949717733 ] ] ] ] } },
{ "type": "Feature", "properties": { "fid": 28, "CVEGEO": "28", "CVE_ENT": "28", "NOMGEO": "Tamaulipas", "PibCalc25": 776020, "SUP": 80270.635958974148, "Long_Carret": 5651.484, "Municipios": 43, "UE": 148560, "Dens_Carret": 0.07041, "Dens_UE": 1.85074 }, "geometry": { "type": "MultiPolygon", "coordinates": [ [ [ [ -99.726600850455739, 27.677275000448393 ], [ -99.705499909818755, 27.655254880435063 ], [ -99.690503350220155, 27.669118199832244 ], [ -99.686536919781219, 27.66154121981587 ], [ -99.663782909977812, 27.657444029833645 ], [ -99.658123119587287, 27.64784743005017 ], [ -99.666292310391981, 27.636405940445051 ], [ -99.655467279634834, 27.629259650299847 ], [ -99.627165310325438, 27.629998459779525 ], [ -99.624264050107612, 27.644114520044319 ], [ -99.615856740114992, 27.637399340094277 ], [ -99.595904320339187, 27.639763770126116 ], [ -99.577106149896579, 27.618310780434076 ], [ -99.584235019872125, 27.603458599947324 ], [ -99.554831260135828, 27.614409940292596 ], [ -99.511549199803099, 27.56608201994894 ], [ -99.528187649628222, 27.498153220270861 ], [ -99.493427229816362, 27.497627980312732 ], [ -99.478765260365478, 27.4795065098143 ], [ -99.495336349311714, 27.446578310244888 ], [ -99.48762099949424, 27.411046200387155 ], [ -99.492280689668732, 27.380591800397223 ], [ -99.507860860164129, 27.353509780424094 ], [ -99.504498739749451, 27.338779769963125 ], [ -99.538132630206647, 27.316452020195342 ], [ -99.527903550396331, 27.304835690258809 ], [ -99.494603920002689, 27.303764220115099 ], [ -99.487590220209015, 27.294214309992469 ], [ -99.496566649597455, 27.272900510040731 ], [ -99.490896780488285, 27.26272470956739 ], [ -99.461951910202856, 27.268386910412179 ], [ -99.441832599923202, 27.250806649890531 ], [ -99.445369000255639, 27.223178550138879 ], [ -99.432609950049411, 27.209922170130778 ], [ -99.426217739575222, 27.176127290439389 ], [ -99.440021489666023, 27.151146460358149 ], [ -99.43103905996351, 27.125228090004271 ], [ -99.44254351021533, 27.106829660339098 ], [ -99.428661050012465, 27.091592749780325 ], [ -99.452707520451682, 27.064065000025529 ], [ -99.445692149765179, 27.021863849835096 ], [ -99.429849850376769, 27.01051858033674 ], [ -99.41541270990659, 27.017375680042612 ], [ -99.376469000236938, 26.976851680191917 ], [ -99.393757080320341, 26.960227020016934 ], [ -99.385020619979272, 26.939602659984622 ], [ -99.324220979655934, 26.91594540002751 ], [ -99.328763780501916, 26.879649719576665 ], [ -99.317141570031495, 26.865461819921148 ], [ -99.2945700297672, 26.864981599848416 ], [ -99.268019949992379, 26.842628779976422 ], [ -99.262017479634039, 26.814908770316556 ], [ -99.242493600034237, 26.78731329005538 ], [ -99.239619749980534, 26.745261769551735 ], [ -99.208603429625782, 26.724448939902885 ], [ -99.199976690250651, 26.655792820075884 ], [ -99.178165709891317, 26.620895709712272 ], [ -99.167313289552325, 26.560044109959467 ], [ -99.1715186202225, 26.543152059661971 ], [ -99.127750229948816, 26.525344919625226 ], [ -99.104311000394034, 26.49909074044556 ], [ -99.091649649635514, 26.475317649728044 ], [ -99.102935080424686, 26.441595679630908 ], [ -99.113588920326109, 26.432523709720652 ], [ -99.083986080094832, 26.397573119866351 ], [ -99.061818229571742, 26.397666920029305 ], [ -99.03728860044852, 26.41356837017273 ], [ -99.010774709682792, 26.392258629723759 ], [ -98.987793920124872, 26.391650060160341 ], [ -98.974386770229657, 26.401306770109183 ], [ -98.954576460250678, 26.39453917000581 ], [ -98.956107860254377, 26.377128689577937 ], [ -98.943241460332899, 26.369437280181398 ], [ -98.92672338045152, 26.394565429900357 ], [ -98.922226919940826, 26.378816710225934 ], [ -98.901346539504189, 26.371141710443286 ], [ -98.896133230449607, 26.353081090210953 ], [ -98.860831280459777, 26.366233480319213 ], [ -98.843590710289632, 26.358556459626481 ], [ -98.824212489801951, 26.370880659791261 ], [ -98.804601711575785, 26.367626633194185 ], [ -98.788518082445137, 26.330514682712753 ], [ -98.768600259531709, 26.325014380430918 ], [ -98.750717861812959, 26.331183112660412 ], [ -98.736072860035321, 26.308323490126053 ], [ -98.742082630268925, 26.3026679200632 ], [ -98.754980599807737, 26.307587849682758 ], [ -98.750919061820468, 26.296011622399337 ], [ -98.728101452093867, 26.299003372535687 ], [ -98.716680850465565, 26.286126060358871 ], [ -98.702459582087656, 26.287092222996939 ], [ -98.70161298017463, 26.277516779851869 ], [ -98.71965777070514, 26.272552511476736 ], [ -98.681121630009613, 26.262936050347371 ], [ -98.670564310476479, 26.237002629729449 ], [ -98.634577829619005, 26.242333059975515 ], [ -98.624412340192734, 26.25974043011319 ], [ -98.616258890285138, 26.246488680024502 ], [ -98.585729709728284, 26.257670689924321 ], [ -98.579422060290909, 26.253209940359604 ], [ -98.585109630239273, 26.244891770364962 ], [ -98.580093999557505, 26.235395770240785 ], [ -98.566262548915091, 26.24156142004896 ], [ -98.562664568749057, 26.224410490262674 ], [ -98.545740649885119, 26.236528090054467 ], [ -98.558348909284859, 26.244472879625498 ], [ -98.554243019634995, 26.247785630352233 ], [ -98.543482429706728, 26.243412430399495 ], [ -98.535388890259128, 26.225694119867292 ], [ -98.522336939519889, 26.235684650210164 ], [ -98.524553320135823, 26.221349049943235 ], [ -98.512803169527174, 26.227169969863652 ], [ -98.500573479097781, 26.222328831331758 ], [ -98.507001509110523, 26.209313819623542 ], [ -98.484928879882006, 26.212524230463391 ], [ -98.481401030402736, 26.200621850884975 ], [ -98.481815629099174, 26.219304369970413 ], [ -98.460647260317316, 26.226085940588085 ], [ -98.45449530979387, 26.216684769767237 ], [ -98.444102739698934, 26.22417774101336 ], [ -98.438561049306998, 26.211950880197023 ], [ -98.443931799981641, 26.200541369658435 ], [ -98.4027606000096, 26.181473546855592 ], [ -98.387320520069778, 26.158424936876155 ], [ -98.366374510348706, 26.157660508079605 ], [ -98.367221150147927, 26.168506508396501 ], [ -98.359825660476716, 26.172514647313427 ], [ -98.35209117045828, 26.15105553791172 ], [ -98.346221259819103, 26.16568882746661 ], [ -98.335692650191419, 26.165818577873164 ], [ -98.337934479933736, 26.149421457060129 ], [ -98.326494139934255, 26.142937507914198 ], [ -98.335614748652389, 26.138315028025698 ], [ -98.305338050325929, 26.102886339905627 ], [ -98.297737350200578, 26.103370320459749 ], [ -98.303608199637992, 26.109952720335777 ], [ -98.296866310411303, 26.120298450625178 ], [ -98.26629614989605, 26.120937121157979 ], [ -98.270508120300718, 26.106626571189917 ], [ -98.288374950420533, 26.104691540721969 ], [ -98.249549279716518, 26.072171479550303 ], [ -98.220208350070521, 26.07633527961984 ], [ -98.193635370502079, 26.053088979576064 ], [ -98.18707615045777, 26.064394309806868 ], [ -98.176850339988846, 26.060735429700827 ], [ -98.176585539604957, 26.075314879912249 ], [ -98.167863599648996, 26.063094650251486 ], [ -98.158023580147514, 26.063591679767224 ], [ -98.161738950404924, 26.053999080140873 ], [ -98.15079108958659, 26.058026459566744 ], [ -98.146865279718298, 26.049138979716577 ], [ -98.131870550217684, 26.074309830439571 ], [ -98.12974614960298, 26.063183200054741 ], [ -98.104626710332056, 26.067658710074895 ], [ -98.093584620068782, 26.058648820007427 ], [ -98.081331050460633, 26.071301689947678 ], [ -98.070083709724642, 26.05147079967945 ], [ -98.080179520041256, 26.04163378029509 ], [ -98.072949309945983, 26.036424000129859 ], [ -98.062206719730568, 26.046250629774189 ], [ -98.038713019573336, 26.041367289544748 ], [ -98.027930230361207, 26.066983679826485 ], [ -98.021053290208712, 26.058629679738527 ], [ -98.012045200360518, 26.066102180221158 ], [ -98.011887059537557, 26.056081580188302 ], [ -98.002602279758804, 26.064932449747708 ], [ -97.991879490466744, 26.058222939945246 ], [ -97.980197119571017, 26.067216979788491 ], [ -97.965874920295008, 26.051666080224656 ], [ -97.951074920173397, 26.062238029893702 ], [ -97.933550289773123, 26.052985720161306 ], [ -97.933642919517155, 26.065557019746048 ], [ -97.927085220293876, 26.054839259878442 ], [ -97.887092230069541, 26.066596750385202 ], [ -97.868976260411557, 26.056777740191414 ], [ -97.861396620158487, 26.070029250092094 ], [ -97.861001649514535, 26.05296142031365 ], [ -97.839202629942136, 26.053108540433598 ], [ -97.834261780472247, 26.045602219584318 ], [ -97.819285709905742, 26.056584310180291 ], [ -97.812411179554914, 26.044065580426967 ], [ -97.811267369810551, 26.055256150080425 ], [ -97.801092709643513, 26.060210169595027 ], [ -97.788821850411495, 26.049447120368221 ], [ -97.797284520183922, 26.039348380347022 ], [ -97.777898849573504, 26.029208060118272 ], [ -97.769298890287757, 26.035941090274257 ], [ -97.776784400361819, 26.044317740341867 ], [ -97.768035490017596, 26.047258909621725 ], [ -97.761538619788098, 26.025561340125147 ], [ -97.721385400452505, 26.031270310028891 ], [ -97.720455459944901, 26.023023120446236 ], [ -97.709496370079819, 26.026183199617311 ], [ -97.707120079775748, 26.037734570099946 ], [ -97.691559879782432, 26.018817829743632 ], [ -97.693270690325079, 26.032358459721294 ], [ -97.675656120206284, 26.025824949776727 ], [ -97.66261400027841, 26.038076479993787 ], [ -97.668137289593247, 26.019425309923161 ], [ -97.651618920359653, 26.015868259940977 ], [ -97.646388710467022, 26.027387569833468 ], [ -97.639920950481553, 26.02395082987983 ], [ -97.637770939519953, 26.013755660062262 ], [ -97.649294979774538, 26.010443680006617 ], [ -97.635667849626856, 26.000139620360812 ], [ -97.627133819551801, 26.006113049805656 ], [ -97.627318279827946, 25.996540309840331 ], [ -97.618361060294816, 26.002315280193184 ], [ -97.620483679850125, 25.992166910028327 ], [ -97.631036750042327, 25.99645641975572 ], [ -97.634449630243168, 25.990036770203094 ], [ -97.607907619653488, 25.976810519908881 ], [ -97.610603340331039, 25.9659616602817 ], [ -97.602095199943477, 25.957355460267046 ], [ -97.582121520226337, 25.962378250343981 ], [ -97.578117049862016, 25.94209361995313 ], [ -97.574467459702277, 25.953947029588573 ], [ -97.567907580184198, 25.952513860297241 ], [ -97.566397650288934, 25.944740970305965 ], [ -97.583274229618681, 25.933216480107166 ], [ -97.566972119964419, 25.933724049579155 ], [ -97.561724049507859, 25.925677800019812 ], [ -97.552345950342215, 25.937183780073852 ], [ -97.543675910481412, 25.923361119778967 ], [ -97.537314449559261, 25.930809549986737 ], [ -97.543052149816944, 25.920112820260073 ], [ -97.530005550155551, 25.919866119812387 ], [ -97.53325758040252, 25.908443380118275 ], [ -97.521271630225385, 25.886323749764788 ], [ -97.498190220478705, 25.899162680339774 ], [ -97.497150220283672, 25.879867429815679 ], [ -97.468989419708066, 25.888918749642595 ], [ -97.470577880263789, 25.875358220129684 ], [ -97.455517460121044, 25.88411925031599 ], [ -97.456744599864692, 25.868646229713558 ], [ -97.444612689308556, 25.867806580324562 ], [ -97.454056578641982, 25.854280850217059 ], [ -97.445081420139829, 25.856372080425601 ], [ -97.444049879992662, 25.848613630216494 ], [ -97.424451799904546, 25.840440029861249 ], [ -97.412369369914629, 25.841136979684332 ], [ -97.409454719990151, 25.862269949658462 ], [ -97.407893369966175, 25.845215059884119 ], [ -97.398657149965672, 25.850336510264707 ], [ -97.406150600151733, 25.837895969700348 ], [ -97.372630779539236, 25.84012515012963 ], [ -97.364211890324057, 25.850867149832339 ], [ -97.376186249934975, 25.855592939802371 ], [ -97.356659060147493, 25.86735052014377 ], [ -97.359434429996071, 25.879804480155926 ], [ -97.374172939527242, 25.88027737997303 ], [ -97.356401280055422, 25.88776195015144 ], [ -97.366496000001078, 25.890545219786755 ], [ -97.366015620320411, 25.902353020145402 ], [ -97.375031880017573, 25.908292489871151 ], [ -97.34791539967641, 25.931310310218638 ], [ -97.326095909908744, 25.917544080339596 ], [ -97.318276919829728, 25.93114811000974 ], [ -97.304830110268327, 25.928016859974125 ], [ -97.303204710327137, 25.936980569812512 ], [ -97.276822000216285, 25.935197629849242 ], [ -97.278064939845322, 25.947040429546902 ], [ -97.289252830141706, 25.954010369625163 ], [ -97.283965679990999, 25.959327999717814 ], [ -97.247494370325143, 25.948030549722723 ], [ -97.208631659940082, 25.963870319875973 ], [ -97.188624680286537, 25.95372185015048 ], [ -97.176217650098138, 25.96564553979271 ], [ -97.158539649510118, 25.961752999786228 ], [ -97.158771519657719, 25.948814630077447 ], [ -97.146373749877014, 25.954886910206529 ], [ -97.150096403035164, 25.835951536286689 ], [ -97.182335650250891, 25.678789725008816 ], [ -97.200985843327956, 25.628339261083241 ], [ -97.406390322649315, 25.275604280627409 ], [ -97.420199514722029, 25.243694423581719 ], [ -97.41196212958468, 25.234094568615454 ], [ -97.427777432657834, 25.234445879848071 ], [ -97.413026614281151, 25.230621759583066 ], [ -97.425433796796767, 25.23336567195177 ], [ -97.441462987423918, 25.210883057897625 ], [ -97.507710288198481, 25.064490193571899 ], [ -97.572077150424107, 24.887685158658989 ], [ -97.580641313797955, 24.844025101600497 ], [ -97.586254060471532, 24.843283999831037 ], [ -97.581231637659997, 24.841996944891402 ], [ -97.647875138633424, 24.623605040801731 ], [ -97.686917381373433, 24.450560993743547 ], [ -97.727338366562165, 24.092030891547882 ], [ -97.737441367171911, 23.942890490902137 ], [ -97.731777060000766, 23.771697539452166 ], [ -97.768528494246837, 23.3776873709994 ], [ -97.760365415646447, 23.055435476913765 ], [ -97.765859571824436, 22.894990416770955 ], [ -97.788854503166078, 22.790604853856841 ], [ -97.844974911878396, 22.660258895096412 ], [ -97.859326013730623, 22.566409720892906 ], [ -97.854843374495445, 22.504111098764486 ], [ -97.850327155584978, 22.493010627401421 ], [ -97.833531161763233, 22.493042468092696 ], [ -97.858612891738687, 22.48951036371097 ], [ -97.857464030737887, 22.482175318357719 ], [ -97.834385569528195, 22.482213057861031 ], [ -97.856766297226244, 22.481791644702461 ], [ -97.858298737411076, 22.476158005803175 ], [ -97.845241207011114, 22.405372287120759 ], [ -97.811780021397567, 22.306893763567949 ], [ -97.783285231782799, 22.264777121421972 ], [ -97.772952706958122, 22.266863126648172 ], [ -97.832112508997682, 22.238102710657035 ], [ -97.844888290340791, 22.206965830154367 ], [ -97.894962461136643, 22.222378437528597 ], [ -97.917281829103203, 22.23913054040522 ], [ -97.916790429405523, 22.252593091088404 ], [ -97.934212679975815, 22.254181621016954 ], [ -97.931660649629947, 22.271046571236948 ], [ -97.956707617373667, 22.293892371396112 ], [ -97.982707829052003, 22.302613510497761 ], [ -97.992664150323165, 22.292774710443322 ], [ -98.000324048998365, 22.297432490641039 ], [ -97.99894939881365, 22.314326751074177 ], [ -97.983979908705336, 22.304671259674915 ], [ -97.970509738734776, 22.32805022090719 ], [ -97.990020249058347, 22.350863820170428 ], [ -98.02847211016531, 22.358392090579937 ], [ -98.072781458775012, 22.347161489949499 ], [ -98.086015309069168, 22.370153659706347 ], [ -98.106213119072663, 22.366712310808438 ], [ -98.113535969588455, 22.39530328093262 ], [ -98.187485489359034, 22.423868510135204 ], [ -98.189743199732902, 22.441790519603234 ], [ -98.199884678793907, 22.449035879588632 ], [ -98.194995219118624, 22.469558970579712 ], [ -98.207002479165467, 22.46402383098771 ], [ -98.21984364877828, 22.471750910346216 ], [ -98.232365139014021, 22.461330980826339 ], [ -98.247931428889899, 22.471656630015914 ], [ -98.256634170236381, 22.45340615052228 ], [ -98.272936889849333, 22.447291050912522 ], [ -98.287369319304091, 22.467028171063181 ], [ -98.301007819888028, 22.46122682976231 ], [ -98.316822980055093, 22.468562339681352 ], [ -98.312215180439253, 22.445219199581853 ], [ -98.327361450441089, 22.426469579737542 ], [ -98.312710999555918, 22.414272769920942 ], [ -98.318781200014101, 22.390739680153345 ], [ -98.327693979921335, 22.398680170421077 ], [ -98.35227251966819, 22.38870331981861 ], [ -98.355225350376031, 22.407445629957131 ], [ -98.374577880356384, 22.389618079656692 ], [ -98.387809199619525, 22.389284380142179 ], [ -98.382459619630325, 22.415923769888511 ], [ -98.388643889569494, 22.424293029871826 ], [ -98.409543420122958, 22.399926689678143 ], [ -98.419046279542485, 22.412737690362167 ], [ -98.433117260134665, 22.413578310139144 ], [ -98.433766089549167, 22.432864460192491 ], [ -98.460959119690827, 22.41219191986319 ], [ -98.466807580459189, 22.428801740062234 ], [ -98.490369230003665, 22.427765049879305 ], [ -98.492138279899081, 22.419474149667476 ], [ -98.505040110070681, 22.429471540361916 ], [ -98.509597149883817, 22.416387950377874 ], [ -98.525361720206106, 22.406780719757197 ], [ -98.568512819827944, 22.401578429649877 ], [ -98.574935519903235, 22.393945489706283 ], [ -98.613752119972929, 22.408925050329611 ], [ -98.626901229772898, 22.402160979981339 ], [ -98.638155999615677, 22.414524030146389 ], [ -98.66578003006579, 22.403725020146325 ], [ -98.677099199595318, 22.408927220218459 ], [ -98.700819910215046, 22.402572690297859 ], [ -98.731507180048737, 22.381256080026958 ], [ -98.745939570085767, 22.380865349796458 ], [ -98.758934780055526, 22.366312740289697 ], [ -98.821467319733387, 22.356255800141618 ], [ -98.849877059749545, 22.368126919616746 ], [ -98.872289490001975, 22.36741298000867 ], [ -98.889997249592014, 22.355093510383441 ], [ -98.91228263002607, 22.37379792039463 ], [ -98.925544860418654, 22.371746779786733 ], [ -98.931972719781072, 22.392775140074729 ], [ -99.060399449537499, 22.415268520389816 ], [ -99.120567050066754, 22.40663648035466 ], [ -99.236838750213465, 22.41286200008102 ], [ -99.2631485402583, 22.469791229906772 ], [ -99.288653379949878, 22.555824169664927 ], [ -99.31403440017678, 22.609898169743357 ], [ -99.328590050254391, 22.608702399888919 ], [ -99.330107520052891, 22.614844689562386 ], [ -99.321387859826572, 22.616730449646621 ], [ -99.329617679656209, 22.634887779649294 ], [ -99.373200480067609, 22.629077679622618 ], [ -99.385553110077439, 22.670268459766419 ], [ -99.442052880321299, 22.663615710196158 ], [ -99.477126830082241, 22.740637219807684 ], [ -99.49678850962232, 22.748497949591506 ], [ -99.544327380444727, 22.74414014956519 ], [ -99.494536369549053, 22.620868630419849 ], [ -99.534691910035946, 22.612764650033061 ], [ -99.560638290151545, 22.641220490113643 ], [ -99.682535459728797, 22.681124709752421 ], [ -99.724085169803587, 22.659608400373365 ], [ -99.754778579666137, 22.656610649989958 ], [ -99.785036940406911, 22.668508980215847 ], [ -99.805485849609639, 22.657773139593893 ], [ -99.814028980120824, 22.660765780447612 ], [ -99.847923570269955, 22.678435110238606 ], [ -99.842819000471025, 22.730557200035712 ], [ -99.882396980274635, 22.749862310203209 ], [ -99.956958139704099, 22.751666520119251 ], [ -100.022343260255028, 22.725924550364418 ], [ -100.094059939550192, 22.751265170125407 ], [ -100.101920399600971, 22.762792749659035 ], [ -100.029384200445151, 22.824393549616175 ], [ -100.044239080387911, 22.917892400350212 ], [ -100.110383629615939, 22.916714419707148 ], [ -100.110846950053585, 22.975718969993785 ], [ -100.089421019760394, 22.968757480186195 ], [ -100.097455310192572, 23.013090969898627 ], [ -100.071655780189957, 22.997357199803961 ], [ -100.06184234026739, 23.011979630333499 ], [ -100.062097419612996, 23.039843659869749 ], [ -100.023681020450482, 23.06047420029013 ], [ -100.012691580137229, 23.058893320238507 ], [ -100.011355120027261, 23.065359350084993 ], [ -100.069029110261866, 23.095941780315265 ], [ -100.068742968608035, 23.121156260089851 ], [ -100.115597260137733, 23.125989890282739 ], [ -100.110154999121974, 23.151069889702896 ], [ -100.11898962995204, 23.152427890246237 ], [ -100.118286169148718, 23.200545310865291 ], [ -100.109740198538802, 23.199717861165322 ], [ -100.078041120445207, 23.305983910190182 ], [ -100.144950220071436, 23.339515180163023 ], [ -100.080261430186042, 23.395748199580385 ], [ -99.982502480452652, 23.392367259803777 ], [ -99.921253400277351, 23.379191339635582 ], [ -99.961187630020063, 23.556889770306633 ], [ -99.860659980401138, 23.77446249004274 ], [ -99.769013890092708, 23.784488120452313 ], [ -99.683377739841362, 23.776648200170396 ], [ -99.619486320414751, 23.759662400350155 ], [ -99.602167479773584, 23.762870879987211 ], [ -99.576680849578295, 23.775462060039015 ], [ -99.493791079885696, 23.878692980077606 ], [ -99.456870718774283, 23.866063049737981 ], [ -99.486939860225434, 23.96050061994567 ], [ -99.520024859631931, 23.990578139621103 ], [ -99.54091206020756, 23.997271629867939 ], [ -99.541892710059756, 24.033649170173263 ], [ -99.570901710277539, 24.039366909645054 ], [ -99.657080630077132, 24.117996580381238 ], [ -99.647817829974244, 24.218095049909497 ], [ -99.594289740315986, 24.330913220389387 ], [ -99.589931110005068, 24.39614237038742 ], [ -99.636379320206018, 24.506670249647527 ], [ -99.719803859719079, 24.483710430066385 ], [ -99.732977770041188, 24.553990780154859 ], [ -99.704685680479614, 24.575869170150892 ], [ -99.609448579988126, 24.622490079841846 ], [ -99.576076309757482, 24.623597120130025 ], [ -99.557206109775024, 24.608714800071624 ], [ -99.546220520333563, 24.613074770439713 ], [ -99.545063020033595, 24.626516600401054 ], [ -99.537935689941264, 24.622428819989246 ], [ -99.499452279600646, 24.641257950251184 ], [ -99.500726060128827, 24.679171260108351 ], [ -99.47773549027805, 24.712620969601311 ], [ -99.448076550369592, 24.73220643043264 ], [ -99.430728020465708, 24.725758340351643 ], [ -99.422943819572836, 24.736750369570732 ], [ -99.389412429672248, 24.739792569719718 ], [ -99.364376689768477, 24.77175545975242 ], [ -99.331665289968498, 24.776243110077441 ], [ -99.317867770193445, 24.789830569710503 ], [ -99.297195619707864, 24.794116910355019 ], [ -99.294928489705924, 24.804143710011857 ], [ -99.212885480381303, 24.771674849553772 ], [ -99.1886531203114, 24.780679600145877 ], [ -99.181971259886993, 24.776041059963351 ], [ -99.207433349876794, 24.86139215000582 ], [ -99.158942910338766, 24.915988169963416 ], [ -99.180949540409415, 25.011541550021313 ], [ -99.164904749619993, 25.029511400189936 ], [ -99.156516509692082, 25.027847829752709 ], [ -99.166977579765103, 25.046289459973451 ], [ -99.160591940105121, 25.055277309927686 ], [ -99.135092799574053, 25.050380019928919 ], [ -99.0976131100104, 25.063121119729619 ], [ -99.097695220325491, 25.078036339693167 ], [ -99.081944450188274, 25.073711799695253 ], [ -99.071458460272027, 25.096112110039162 ], [ -99.077869249596887, 25.101433549986009 ], [ -99.052468139662821, 25.127132629854291 ], [ -99.02880203037742, 25.110354910235539 ], [ -99.02952247980798, 25.096392820132252 ], [ -99.014182180228602, 25.080607120225583 ], [ -99.019055889692766, 25.069925309722031 ], [ -98.934169940242427, 25.072763180052508 ], [ -98.934281600291825, 25.080162980222234 ], [ -98.929027580457955, 25.077270310009773 ], [ -98.423131659943095, 25.447492909697264 ], [ -98.421576080165366, 25.489355539944331 ], [ -98.58175157963764, 25.489361740021863 ], [ -98.585126060300311, 26.017917599805585 ], [ -98.823226549809377, 26.0476486800058 ], [ -98.900751950201553, 25.968322740139211 ], [ -99.02387220048044, 26.104102449996624 ], [ -99.025032479807962, 26.093429489839409 ], [ -99.04499206028747, 26.098705139775319 ], [ -99.062539340231737, 26.090719089713307 ], [ -99.062535350337996, 26.080135430051772 ], [ -99.076542079955729, 26.071864019890015 ], [ -99.093331619807174, 26.070509429773569 ], [ -99.097668860321662, 26.080746769659829 ], [ -99.114734180426396, 26.075966889934296 ], [ -99.119892369633803, 26.066513890189409 ], [ -99.130906660435073, 26.068816399611958 ], [ -99.126311820047775, 26.054022889646863 ], [ -99.160077480202403, 26.061229549987143 ], [ -99.197835969980417, 26.258682319654493 ], [ -99.260001570208132, 26.252849980086538 ], [ -99.364150259534284, 26.329270149785014 ], [ -99.401236119655394, 26.30479914019411 ], [ -99.430946580081113, 26.351301139674714 ], [ -99.409832149588212, 26.442836800399359 ], [ -99.396824819506733, 26.596565539678171 ], [ -99.538335249764856, 26.664595619762142 ], [ -99.659164460340463, 26.670365139667151 ], [ -99.663196620320647, 26.682911579860015 ], [ -99.657194829682282, 26.695117979877438 ], [ -99.618581459591653, 26.726470540209096 ], [ -99.616143580040003, 26.75436350980717 ], [ -99.622852479904097, 26.769227769672074 ], [ -99.61117014985021, 26.782489969637442 ], [ -99.61285399959911, 26.791630150162742 ], [ -99.580842820270689, 26.830112549967879 ], [ -99.591046630184181, 26.862548049732435 ], [ -99.611219049705056, 26.873475849927146 ], [ -99.627052569854087, 26.870457830402881 ], [ -99.630030120362974, 26.89029042043375 ], [ -99.644333489944216, 26.885567650388577 ], [ -99.661390519524915, 26.900838520426117 ], [ -99.687222909581948, 26.894546999553043 ], [ -99.694020419535647, 26.909299340282899 ], [ -99.697883970141817, 26.8985668600777 ], [ -99.70992998007884, 26.905879000163871 ], [ -99.710442600337217, 26.896752400225154 ], [ -99.721102290334471, 26.896503740132339 ], [ -99.723996679518251, 26.906125949770953 ], [ -99.744346320495794, 26.912156369605203 ], [ -99.747661369668705, 26.900243819582936 ], [ -99.766668890450177, 26.889841909848808 ], [ -99.770131489628866, 26.928418219766584 ], [ -99.734168120343256, 26.920612859671973 ], [ -99.650052829523958, 27.065857890223636 ], [ -99.658911659749123, 27.088189080172068 ], [ -99.678918750181111, 27.102448289763778 ], [ -99.74767041949444, 27.277246999930309 ], [ -99.760378819922153, 27.436958719864993 ], [ -99.919153629515051, 27.491515180426362 ], [ -99.926418279851006, 27.549156999933942 ], [ -99.726600850455739, 27.677275000448393 ] ] ] ] } },
{ "type": "Feature", "properties": { "fid": 29, "CVEGEO": "29", "CVE_ENT": "29", "NOMGEO": "Tlaxcala", "PibCalc25": 148787, "SUP": 3996.6341836084252, "Long_Carret": 1561.559, "Municipios": 60, "UE": 99, "Dens_Carret": 0.39072, "Dens_UE": 0.0247 }, "geometry": { "type": "MultiPolygon", "coordinates": [ [ [ [ -98.056251219856406, 19.726022660342601 ], [ -98.03638186036882, 19.685522919955243 ], [ -98.042212020010624, 19.640224709839476 ], [ -97.980678259466245, 19.628541632359372 ], [ -97.950532751254684, 19.602838175504829 ], [ -97.946706390889105, 19.585630222512087 ], [ -97.916147572874905, 19.594016027589362 ], [ -97.907924556722577, 19.579355891136853 ], [ -97.871812589548441, 19.561767646655564 ], [ -97.871680979603212, 19.53215217022705 ], [ -97.887515220108156, 19.517635429836059 ], [ -97.889748259933839, 19.504579090129173 ], [ -97.873987479648122, 19.502926600393931 ], [ -97.84873908976013, 19.482781910031377 ], [ -97.847353220101454, 19.474003089746997 ], [ -97.862271489811221, 19.456175520289488 ], [ -97.794538679820462, 19.498374599597394 ], [ -97.79685926006664, 19.472442849585132 ], [ -97.778045749699288, 19.472877400305158 ], [ -97.770711230345597, 19.456614199947282 ], [ -97.754801449820235, 19.457542879882954 ], [ -97.744694150135999, 19.445041629838954 ], [ -97.747278740379627, 19.436333970289379 ], [ -97.724525119755469, 19.431636949930315 ], [ -97.705454850148854, 19.393641370077134 ], [ -97.681301719637631, 19.388303350034121 ], [ -97.673858819785281, 19.367471460382738 ], [ -97.657979419655717, 19.363674059600815 ], [ -97.653631149530327, 19.353799970043998 ], [ -97.640290319577005, 19.360751460081367 ], [ -97.63144614974, 19.355395430032178 ], [ -97.638711719531329, 19.338263121073606 ], [ -97.625450368979827, 19.326622369645385 ], [ -97.633122289216857, 19.316157980844391 ], [ -97.63894874497592, 19.319050000980905 ], [ -97.646088880379864, 19.306409320128679 ], [ -97.658044688601976, 19.310664520397356 ], [ -97.66952020002779, 19.292134220158125 ], [ -97.690933250163084, 19.28588812029686 ], [ -97.719642950265722, 19.304753229904939 ], [ -97.738332739890865, 19.287099629600927 ], [ -97.745091819945728, 19.305259940344946 ], [ -97.771385520095862, 19.283752649950891 ], [ -97.800471430042236, 19.301583379848267 ], [ -97.839270430219287, 19.301376170445202 ], [ -97.83842866046524, 19.287264400347397 ], [ -97.859716979901563, 19.287199519942838 ], [ -97.870287049105244, 19.27058597956124 ], [ -97.854051819004354, 19.257328290850818 ], [ -97.865135580160214, 19.253949379576859 ], [ -97.870494709754084, 19.240060970334358 ], [ -97.860383370095974, 19.244077370170604 ], [ -97.850988289891646, 19.222934229962945 ], [ -97.893221029928313, 19.200307309791341 ], [ -97.889839060051784, 19.186956740036244 ], [ -97.928202650326298, 19.164213420340346 ], [ -97.998623419662351, 19.198324739610108 ], [ -98.031686259926289, 19.230938380307713 ], [ -98.041530599635905, 19.210231720011624 ], [ -98.100318738807971, 19.163366659437585 ], [ -98.110159317264106, 19.143212050778871 ], [ -98.166175774440305, 19.105071860228456 ], [ -98.184854578967091, 19.115515681100831 ], [ -98.204347820116055, 19.114928920398089 ], [ -98.191638657906083, 19.121936970258091 ], [ -98.197142629261805, 19.127497081004805 ], [ -98.190706689378629, 19.13998573997198 ], [ -98.20804022009942, 19.132699479875559 ], [ -98.223038889351784, 19.136637599710486 ], [ -98.230241230336446, 19.156728620771212 ], [ -98.269702799395773, 19.162389880154969 ], [ -98.30715593871129, 19.189203940932206 ], [ -98.323929289578828, 19.168661879863311 ], [ -98.342710289655614, 19.177939740142371 ], [ -98.330680969666801, 19.200150049766052 ], [ -98.368915049957522, 19.226121999764825 ], [ -98.364546339617192, 19.233125250128943 ], [ -98.380403457616353, 19.261715620616659 ], [ -98.410090829869759, 19.291339261035496 ], [ -98.407721370037422, 19.315931710165568 ], [ -98.428352779831002, 19.327579399987346 ], [ -98.441272999896427, 19.325251140265699 ], [ -98.4702777103752, 19.360830910049231 ], [ -98.523192140333762, 19.4608686796638 ], [ -98.5702761396429, 19.466769349963982 ], [ -98.591275649901661, 19.449214199681176 ], [ -98.629406580120829, 19.457017950080978 ], [ -98.634114720293823, 19.467848169906304 ], [ -98.653226550455784, 19.465986230093662 ], [ -98.681912399363767, 19.518010710098725 ], [ -98.708398578952597, 19.547599689782384 ], [ -98.681379949838899, 19.59828494022041 ], [ -98.653308480037865, 19.607834080179234 ], [ -98.634686629593759, 19.597758109691632 ], [ -98.609836079555606, 19.602014309834232 ], [ -98.579939980472957, 19.637416339898181 ], [ -98.566357800271987, 19.641119660281134 ], [ -98.563719510185038, 19.627148819984139 ], [ -98.555610460229175, 19.6281023698754 ], [ -98.550399679697833, 19.61857817030333 ], [ -98.535575779605395, 19.634418880175026 ], [ -98.51923880022342, 19.602399289847934 ], [ -98.491613848673907, 19.607367829650045 ], [ -98.490195429873808, 19.619953319700155 ], [ -98.441423649376162, 19.612580570590023 ], [ -98.412666539181089, 19.617499089628954 ], [ -98.381696849779075, 19.609361859809933 ], [ -98.323803140256814, 19.685297650318141 ], [ -98.320949179971194, 19.701010889662513 ], [ -98.330046740449077, 19.699037459700126 ], [ -98.331667199769569, 19.722319970104692 ], [ -98.311086890016611, 19.727726449764994 ], [ -98.279672400105625, 19.716881489836865 ], [ -98.281660919977114, 19.726259980060846 ], [ -98.255318920282079, 19.718829020362879 ], [ -98.252411309563556, 19.693125800436604 ], [ -98.241067279768927, 19.67583614977011 ], [ -98.22808151991822, 19.680419450176352 ], [ -98.228024290160008, 19.674451310407793 ], [ -98.189819939900843, 19.671012490159335 ], [ -98.187368520120444, 19.679732399876674 ], [ -98.165564309810335, 19.667475859870436 ], [ -98.143730490174931, 19.683648829729929 ], [ -98.117735879806446, 19.688263339742313 ], [ -98.101007919522971, 19.668049890264225 ], [ -98.082807399882313, 19.70075579979369 ], [ -98.064396379576252, 19.70901007999943 ], [ -98.065971569756911, 19.728076950397643 ], [ -98.056251219856406, 19.726022660342601 ] ] ] ] } },
{ "type": "Feature", "properties": { "fid": 30, "CVEGEO": "30", "CVE_ENT": "30", "NOMGEO": "Veracruz de Ignacio de la Llave", "PibCalc25": 1098909, "SUP": 71829.821625678509, "Long_Carret": 10805.967, "Municipios": 212, "UE": 354715, "Dens_Carret": 0.15044, "Dens_UE": 4.93827 }, "geometry": { "type": "MultiPolygon", "coordinates": [ [ [ [ -96.090983199263121, 19.175454924903281 ], [ -96.092950152425431, 19.176180610266044 ], [ -96.092127758694872, 19.177245710184515 ], [ -96.090983199263121, 19.175454924903281 ] ] ], [ [ [ -97.221317646448085, 21.476608006076727 ], [ -97.225036791656407, 21.468736863375632 ], [ -97.230402817881128, 21.468645691975215 ], [ -97.228495005418637, 21.472673048017622 ], [ -97.221317646448085, 21.476608006076727 ] ] ], [ [ [ -98.208827769124184, 22.464762369999214 ], [ -98.192562219421106, 22.467055111261491 ], [ -98.199884678793936, 22.449035879588664 ], [ -98.189743199732931, 22.441790519603252 ], [ -98.187485489359062, 22.423868510135236 ], [ -98.113535969588483, 22.395303280932673 ], [ -98.106213119072677, 22.366712310808452 ], [ -98.086015309069211, 22.370153659706371 ], [ -98.074263309843147, 22.34778120092 ], [ -98.028472110165339, 22.358392090579962 ], [ -97.990020249058389, 22.350863820170474 ], [ -97.970509738734805, 22.32805022090724 ], [ -97.983979908705351, 22.304671259674926 ], [ -97.998949398813679, 22.314326751074194 ], [ -98.00032404899838, 22.297432490641071 ], [ -97.992664150323193, 22.292774710443375 ], [ -97.982707829052032, 22.302613510497778 ], [ -97.956707617373695, 22.293892371396133 ], [ -97.93166064962999, 22.27104657123698 ], [ -97.93459508853168, 22.254594050705521 ], [ -97.916790429405552, 22.252593091088418 ], [ -97.917939659671873, 22.239985831005022 ], [ -97.894962461136686, 22.222378437528622 ], [ -97.844888290340805, 22.206965830154399 ], [ -97.824815367668748, 22.244145021041057 ], [ -97.792414829721451, 22.260350600572139 ], [ -97.774347709770609, 22.263916050439978 ], [ -97.7904148898306, 22.259891920153706 ], [ -97.793709369823404, 22.249701509725909 ], [ -97.785252419843545, 22.166325260094393 ], [ -97.751949690413994, 22.062105060285123 ], [ -97.698065879997515, 21.956483630444541 ], [ -97.564334429901734, 21.770793819691065 ], [ -97.442317970168247, 21.658918319576713 ], [ -97.343588200102985, 21.587690570163467 ], [ -97.327904399890656, 21.567165199562506 ], [ -97.330478119958428, 21.515979079681575 ], [ -97.350586650279809, 21.456606250005922 ], [ -97.414437800358641, 21.325390949990553 ], [ -97.42024157969054, 21.230897140346233 ], [ -97.398139999829269, 21.162370919974283 ], [ -97.325469889876771, 21.017160140380835 ], [ -97.32628122014971, 21.005664080318887 ], [ -97.301651050175437, 20.974069849916901 ], [ -97.30563345967839, 20.966699690437903 ], [ -97.297126890420174, 20.94640167999005 ], [ -97.228387090137261, 20.830278090293429 ], [ -97.20517304998917, 20.77613155034603 ], [ -97.193688200012659, 20.73886530979766 ], [ -97.201178449554263, 20.724557890388731 ], [ -97.177467519887315, 20.662087890136579 ], [ -97.112386339591254, 20.578938829651179 ], [ -96.985731849565269, 20.46382208031709 ], [ -96.924110379728077, 20.381986379861431 ], [ -96.710188660213134, 20.165220750449521 ], [ -96.574329859548854, 20.00520757970876 ], [ -96.57411466029528, 19.991902850244422 ], [ -96.551711120100322, 19.954508030273217 ], [ -96.449495649875516, 19.849204179766812 ], [ -96.401071259587141, 19.725334339744531 ], [ -96.40627904005197, 19.700439191990196 ], [ -96.391086249563187, 19.677265305936245 ], [ -96.397597170044776, 19.672832909617988 ], [ -96.39691977029787, 19.649789970407994 ], [ -96.371652717465238, 19.601436118631437 ], [ -96.379044434652513, 19.589579206293735 ], [ -96.375619280189639, 19.566444800444401 ], [ -96.357497303259606, 19.532445788108532 ], [ -96.312635438572215, 19.478656504696708 ], [ -96.308672320387743, 19.462556689924494 ], [ -96.319346880290865, 19.452794460407429 ], [ -96.321736230346502, 19.414344120035963 ], [ -96.306368554682393, 19.372055710437138 ], [ -96.310761812965978, 19.3567627634731 ], [ -96.303384711258801, 19.33639710688005 ], [ -96.252079988468822, 19.282872493012661 ], [ -96.189351806704622, 19.25131421929612 ], [ -96.164714866529337, 19.246617162850875 ], [ -96.153776231144121, 19.229410030562509 ], [ -96.157990511486105, 19.226197818673384 ], [ -96.164406985421095, 19.24546669378535 ], [ -96.171563928042417, 19.24694148436695 ], [ -96.164959537530905, 19.219419104132683 ], [ -96.123502880253966, 19.2138726897278 ], [ -96.120329690153554, 19.203595350341459 ], [ -96.135386987119446, 19.214118862029398 ], [ -96.140275970128869, 19.210057659730719 ], [ -96.126005340429515, 19.201782650026246 ], [ -96.127948612147762, 19.195400224340617 ], [ -96.121259999920738, 19.200774339578473 ], [ -96.123610869518714, 19.179625387896458 ], [ -96.092712780068837, 19.151529510328675 ], [ -96.105044651237392, 19.123694017413111 ], [ -96.095809907098385, 19.105018340943406 ], [ -96.099439939665643, 19.097391889555155 ], [ -96.082602369365304, 19.077673429624745 ], [ -96.031465077183285, 19.056693185696915 ], [ -96.007283805075843, 19.057271395144831 ], [ -95.992979725026515, 19.064337531120085 ], [ -95.991930394888755, 19.063025125777717 ], [ -95.981449788917203, 19.066133525748711 ], [ -95.978159903356257, 19.065329741126451 ], [ -95.969840711570214, 19.050238009305229 ], [ -95.959620797724185, 18.961619728191234 ], [ -95.92821364954797, 18.886707949955465 ], [ -95.86226857026756, 18.832503510025937 ], [ -95.782371815961184, 18.799663602390343 ], [ -95.750376258777735, 18.795411525670435 ], [ -95.720246759294938, 18.768836297704169 ], [ -95.644808917758112, 18.735808054104147 ], [ -95.494938567052941, 18.712862221334472 ], [ -95.288254719555638, 18.716673969713863 ], [ -95.263240408988565, 18.705713724056814 ], [ -95.214926161782415, 18.703216850594089 ], [ -95.188980400401604, 18.709737860031435 ], [ -95.167596459775609, 18.687617889645612 ], [ -95.130735779743972, 18.674294949740204 ], [ -95.121635979611867, 18.652491889973433 ], [ -95.079532130910806, 18.641907458126131 ], [ -95.080956118552336, 18.630811198884448 ], [ -95.04946131493864, 18.599747825704601 ], [ -95.050587273130645, 18.583937006582602 ], [ -95.033812780349265, 18.572341909914812 ], [ -94.987954820327019, 18.554447890153419 ], [ -94.816573720200182, 18.538575880303956 ], [ -94.787494089885769, 18.505685599584798 ], [ -94.773699689661484, 18.449205429983358 ], [ -94.743793030129098, 18.421747140078388 ], [ -94.736529339667129, 18.393889370309825 ], [ -94.663983799621761, 18.338389650325116 ], [ -94.657114279578551, 18.311614080372394 ], [ -94.623101740207261, 18.287129419904502 ], [ -94.624359310324593, 18.253494969772056 ], [ -94.606998619748651, 18.204038920089598 ], [ -94.587780110123134, 18.185619379851204 ], [ -94.539794579710758, 18.161206120257535 ], [ -94.475517570347591, 18.150575920286006 ], [ -94.419971519587193, 18.156813859878969 ], [ -94.415743819753857, 18.166434659951072 ], [ -94.415614119835297, 18.158230340123193 ], [ -94.40761497014725, 18.159676770253519 ], [ -94.412704089977069, 18.166258369590523 ], [ -94.412449149757421, 18.166598110156713 ], [ -94.406112969670133, 18.159523940272877 ], [ -94.372975909578315, 18.161415480286259 ], [ -94.130025169589615, 18.21285119978344 ], [ -94.126918780209394, 18.168250029965201 ], [ -94.104678860000547, 18.173950030110824 ], [ -94.094680180365188, 18.160669969672643 ], [ -94.100443569584769, 18.125915940323996 ], [ -94.081108249817888, 18.095772540373609 ], [ -94.097159489945923, 18.078627579820974 ], [ -94.074358119719463, 18.058593090111838 ], [ -94.08374866044727, 18.006464089666359 ], [ -94.066523630204486, 18.009396199652805 ], [ -94.061400310117179, 17.988124339557505 ], [ -94.068516319577185, 17.979592649927309 ], [ -94.073532689683176, 17.987770580045478 ], [ -94.080746280345934, 17.968339199709099 ], [ -94.088888430282736, 17.970620230018326 ], [ -94.091990120091978, 17.961931939949011 ], [ -94.088009920202012, 17.90648081978533 ], [ -94.0793088204382, 17.891045850313169 ], [ -94.08343075018692, 17.869868489970145 ], [ -94.062604549529254, 17.863087800090685 ], [ -94.033158480250393, 17.872557219740003 ], [ -94.037534430077443, 17.862658780349189 ], [ -94.029447509602349, 17.845669540418626 ], [ -94.02303867974463, 17.846257249889245 ], [ -94.025947430443054, 17.840380620476342 ], [ -94.016342950002169, 17.844492379593774 ], [ -93.995612309926585, 17.836618080114913 ], [ -93.994614679886311, 17.846020110089562 ], [ -93.987870820407608, 17.834358249845771 ], [ -93.984567259820594, 17.851574939823617 ], [ -93.967786169565301, 17.845252340409246 ], [ -93.967878860216288, 17.837046659657855 ], [ -93.955950029786536, 17.83339518025214 ], [ -93.957442720094079, 17.825315279903247 ], [ -93.964994690201195, 17.829967549923541 ], [ -93.958327780153525, 17.819728999963331 ], [ -93.967996170286213, 17.817871680206483 ], [ -93.956800970345498, 17.810640249749365 ], [ -93.963167880105786, 17.799502259566903 ], [ -93.950631399670925, 17.800412420382514 ], [ -93.9561038195517, 17.781720180037969 ], [ -93.935259459612766, 17.759096849643594 ], [ -93.940107259828693, 17.753169909637784 ], [ -93.922314629570337, 17.746328339595117 ], [ -93.910119419730364, 17.754691019680653 ], [ -93.891280169792623, 17.748080780284237 ], [ -93.877048779860857, 17.756563579939581 ], [ -93.869608510317036, 17.739323310079989 ], [ -93.883661600374865, 17.735533780051735 ], [ -93.876162600124772, 17.73329893960824 ], [ -93.880722220304349, 17.726277620422021 ], [ -93.869997079854599, 17.713536029649205 ], [ -93.864996030464354, 17.722186630068439 ], [ -93.848581309728999, 17.720708889565071 ], [ -93.843020089786918, 17.711366579898236 ], [ -93.826586430269685, 17.71919162039352 ], [ -93.822340680419018, 17.699576510270504 ], [ -93.806989080243781, 17.705919029683983 ], [ -93.805154659656026, 17.689355509766262 ], [ -93.77256987974144, 17.69270898025141 ], [ -93.765041260180368, 17.674573250330905 ], [ -93.759768080106696, 17.685116709568081 ], [ -93.751788889660176, 17.68398655005165 ], [ -93.756719140254717, 17.676872459637703 ], [ -93.738510860126269, 17.679370150391609 ], [ -93.746582659599341, 17.660114710001775 ], [ -93.732691950255415, 17.649162220373505 ], [ -93.729991739781042, 17.641289740316751 ], [ -93.737987549580922, 17.634950479699459 ], [ -93.735280220242601, 17.630081879650291 ], [ -93.731024689775239, 17.635833340248873 ], [ -93.732882600466226, 17.625760230081735 ], [ -93.714728170137107, 17.620853080387622 ], [ -93.719170419889565, 17.633463520122522 ], [ -93.713183599815238, 17.630670030197738 ], [ -93.709691339585262, 17.611632980246934 ], [ -93.699657449586212, 17.613685620106835 ], [ -93.699464169926543, 17.596023889920325 ], [ -93.677610319839715, 17.585869519817955 ], [ -93.677310279548735, 17.575766750354386 ], [ -93.659169279773195, 17.565486340276912 ], [ -93.656712289955919, 17.555342570186941 ], [ -93.613601120102814, 17.552511280957248 ], [ -93.627263250076751, 17.531682220046729 ], [ -93.625020770042596, 17.514637080427566 ], [ -93.637341079868605, 17.509813630153115 ], [ -93.626071550146136, 17.50442128004757 ], [ -93.624104850349909, 17.493457229571739 ], [ -93.639342519902812, 17.459585200359136 ], [ -93.647712420219079, 17.461744089572782 ], [ -93.650414029562086, 17.458854659745349 ], [ -93.63659739965226, 17.455276879639953 ], [ -93.645179880404527, 17.442401580346694 ], [ -93.638206320331108, 17.436086259630308 ], [ -93.649309749707626, 17.43247138035299 ], [ -93.657579290021644, 17.416906740021513 ], [ -93.67299630979349, 17.419918310031971 ], [ -93.694920219733504, 17.387804370193411 ], [ -93.685747179685919, 17.372367569672811 ], [ -93.634958550308482, 17.337701859915548 ], [ -93.645198339837563, 17.330685710367295 ], [ -93.641502890306654, 17.317953140442949 ], [ -93.62743197029225, 17.312843150060679 ], [ -93.624386679675723, 17.322481309597087 ], [ -93.607939816028775, 17.314930020678514 ], [ -93.638132333843259, 17.290948363005768 ], [ -93.664411458491386, 17.286193385205525 ], [ -93.66269436499779, 17.256276901944787 ], [ -93.762976481424133, 17.239344492354036 ], [ -93.772450197735722, 17.245823558744075 ], [ -93.788609504555211, 17.232327341654415 ], [ -93.801448682639574, 17.240379502756994 ], [ -93.826630169820731, 17.190494030361901 ], [ -93.827137689853174, 17.172503480762249 ], [ -93.860915770332781, 17.16374114008601 ], [ -93.867426770742412, 17.136964912862982 ], [ -94.922814780048398, 17.193788430263126 ], [ -94.923016719672319, 17.204130229677752 ], [ -94.911214110386325, 17.213705580463291 ], [ -94.909567660414439, 17.24278147994514 ], [ -94.895429029803338, 17.256378399735389 ], [ -94.909654720454625, 17.267976919706229 ], [ -94.901348689974583, 17.287452749954696 ], [ -94.913091060074166, 17.286234780078757 ], [ -94.914765820308503, 17.292577060013485 ], [ -94.889003770249033, 17.300078379881128 ], [ -94.890781550443094, 17.31105600005646 ], [ -94.927158079759906, 17.325141199831592 ], [ -94.950979680113221, 17.315649430282591 ], [ -94.966509179778257, 17.334367660125068 ], [ -95.076567399749521, 17.372933710403295 ], [ -95.253047979758023, 17.607806319592882 ], [ -95.264753250008255, 17.601563351314699 ], [ -95.278845400347194, 17.613242799886187 ], [ -95.270219620457354, 17.61573807997684 ], [ -95.271258049624009, 17.624734600204725 ], [ -95.248411230317927, 17.62558227984967 ], [ -95.259001110039549, 17.629010749947984 ], [ -95.24822562954931, 17.645978060314103 ], [ -95.241933419578743, 17.634957999575605 ], [ -95.21844762012779, 17.63932824963905 ], [ -95.207079999782991, 17.654349799573698 ], [ -95.201203089507231, 17.647411970992081 ], [ -95.195123170316151, 17.654853520188002 ], [ -95.188131600108221, 17.650701459594419 ], [ -95.182435349980622, 17.691062630179012 ], [ -95.238913000067924, 17.739264120309812 ], [ -95.258672999775399, 17.728543230275687 ], [ -95.269026050260095, 17.740934060194469 ], [ -95.265554029937775, 17.717536219580769 ], [ -95.279195479572451, 17.721894019690396 ], [ -95.292244180400658, 17.712422250690096 ], [ -95.297808519972321, 17.72214141999299 ], [ -95.309970510169492, 17.708555150618011 ], [ -95.306610780292417, 17.697155630390533 ], [ -95.316647980444188, 17.697577800079529 ], [ -95.333807519969426, 17.675183150199196 ], [ -95.343758750027263, 17.683659831198511 ], [ -95.351742449656555, 17.67184032041764 ], [ -95.367890739774083, 17.673656249612055 ], [ -95.386807689872754, 17.66385728970641 ], [ -95.407162170120657, 17.643332089712132 ], [ -95.413033509693065, 17.651861090373899 ], [ -95.418501649824293, 17.644044050066238 ], [ -95.425489949510194, 17.647472490424953 ], [ -95.426827799682727, 17.636570349832837 ], [ -95.446107380384348, 17.621759800930615 ], [ -95.456077800014697, 17.623087769817847 ], [ -95.454458920179604, 17.611102720037792 ], [ -95.47314134006065, 17.609113020391092 ], [ -95.463016450137587, 17.596393910060158 ], [ -95.479344140330625, 17.587829400158931 ], [ -95.48417995019966, 17.6018994813635 ], [ -95.506317230325138, 17.590770550090305 ], [ -95.503677460191014, 17.583773030479705 ], [ -95.514021230283916, 17.585453829608703 ], [ -95.521266199960309, 17.577039979653517 ], [ -95.517402310176294, 17.569618000031362 ], [ -95.524793220149448, 17.576024221271211 ], [ -95.531105660004954, 17.570611059811796 ], [ -95.525101920080118, 17.562109540072548 ], [ -95.531462710023959, 17.556162749885083 ], [ -95.555547139849736, 17.558641540358078 ], [ -95.559427620309279, 17.547035480519103 ], [ -95.568815119818197, 17.551239030186299 ], [ -95.585333850163551, 17.535026600057755 ], [ -95.598752260015004, 17.534614969763282 ], [ -95.605119780105625, 17.549012659858391 ], [ -95.607089480419049, 17.539818149919071 ], [ -95.645044510285985, 17.546714320152603 ], [ -95.653591880341125, 17.560487939957696 ], [ -95.648470799996787, 17.539889089931204 ], [ -95.685154220101481, 17.537531739864455 ], [ -95.70210192026164, 17.518491679820357 ], [ -95.706575650394427, 17.534019370115853 ], [ -95.72514937015336, 17.536226080124703 ], [ -95.726896880260298, 17.578029049749137 ], [ -95.771555570051802, 17.588686450180234 ], [ -95.771480380094289, 17.599698049676274 ], [ -95.781751249906932, 17.603028260036396 ], [ -95.792983849717373, 17.601434380148024 ], [ -95.791852579957876, 17.586363289902362 ], [ -95.807549569845833, 17.591841580113947 ], [ -95.803485779952297, 17.607100290328944 ], [ -95.773658459943974, 17.605850399676243 ], [ -95.781114339871351, 17.638876879784828 ], [ -95.80330559968651, 17.629365749579339 ], [ -95.808006319857952, 17.646800479920604 ], [ -95.830633540348842, 17.652625030406412 ], [ -95.844041540164042, 17.673120650074015 ], [ -95.867511629770462, 17.684839339904688 ], [ -95.871018349761485, 17.702168919626047 ], [ -95.895293290288535, 17.704493949828745 ], [ -95.894020429298251, 17.712319980832923 ], [ -95.873396288989412, 17.71713383122847 ], [ -95.872809718806309, 17.727409051067973 ], [ -95.892634109949384, 17.72071682044233 ], [ -95.90286379876413, 17.734103719964327 ], [ -95.89292430938886, 17.765141321116083 ], [ -95.866390400357417, 17.774352829908501 ], [ -95.868955630210138, 17.796624939816382 ], [ -95.855785659863841, 17.805556800123743 ], [ -95.849336419722547, 17.825847919780802 ], [ -95.858815569974368, 17.844783490034647 ], [ -95.850204649735375, 17.844534319660543 ], [ -95.799924719594202, 17.950012570039664 ], [ -95.833166939515024, 18.129026830420646 ], [ -95.907161460041465, 18.135644489573814 ], [ -95.914646799896673, 18.152200480314715 ], [ -95.922132019640244, 18.150803969610475 ], [ -95.92219530990657, 18.14105695032859 ], [ -95.925737650004109, 18.146430779562419 ], [ -95.933341720057541, 18.141667540269165 ], [ -95.937254829648325, 18.156632740381283 ], [ -95.953459460007778, 18.159865119605911 ], [ -95.981537369531793, 18.142953219724021 ], [ -95.99106746036702, 18.151938880902829 ], [ -96.025689979260449, 18.133460980000823 ], [ -96.046873709079961, 18.136564539682336 ], [ -96.051388999601286, 18.126738251223124 ], [ -96.056978819602051, 18.134019971337139 ], [ -96.066383088562233, 18.131588581153455 ], [ -96.0842263993366, 18.162534320509888 ], [ -96.09918360027001, 18.166843310324325 ], [ -96.114316479960763, 18.1640713197033 ], [ -96.124128218901362, 18.14037752061499 ], [ -96.136715079176895, 18.134035630370004 ], [ -96.143625518863786, 18.140148970538917 ], [ -96.154225938943824, 18.131804889550445 ], [ -96.179666048537115, 18.140566051248456 ], [ -96.188282050117124, 18.151302941169131 ], [ -96.182810000426244, 18.157817680317162 ], [ -96.187195679596172, 18.166748890919465 ], [ -96.170235279182052, 18.169802451063543 ], [ -96.170691029786653, 18.186383981052014 ], [ -96.217478089179352, 18.161967400508331 ], [ -96.231003050338131, 18.189726779572915 ], [ -96.267993548719105, 18.224451630353791 ], [ -96.266818058902828, 18.245662060926893 ], [ -96.2882367094508, 18.259761421288967 ], [ -96.269163920391719, 18.273984180496509 ], [ -96.278576148785362, 18.283818399614745 ], [ -96.270763749232643, 18.297823350494827 ], [ -96.30994785986708, 18.322353339713025 ], [ -96.305609920369093, 18.329029829738001 ], [ -96.314992749541005, 18.331389379861168 ], [ -96.31732790976983, 18.364537250358051 ], [ -96.335053310426957, 18.372517339682652 ], [ -96.331068090362734, 18.379228379979047 ], [ -96.34534280047842, 18.379695459696936 ], [ -96.344554049550837, 18.398507659661874 ], [ -96.352587769813013, 18.410247340321543 ], [ -96.36173145979906, 18.407075679999895 ], [ -96.376195770300797, 18.424648550158814 ], [ -96.389248080222103, 18.428376519640377 ], [ -96.389337309962357, 18.44048074987391 ], [ -96.40298454027679, 18.439919400386064 ], [ -96.404597110360129, 18.467777970198423 ], [ -96.418022569984473, 18.470482079551214 ], [ -96.411185510308172, 18.476921059694753 ], [ -96.420761979776785, 18.510457800165842 ], [ -96.447100540041518, 18.53667503040894 ], [ -96.461070550035174, 18.573043619670745 ], [ -96.499930630263265, 18.589529860363736 ], [ -96.517328649562359, 18.581578399544068 ], [ -96.525474999660403, 18.587773600269912 ], [ -96.560947090028122, 18.58769862024322 ], [ -96.616681970286635, 18.619074059975969 ], [ -96.683021719715583, 18.669688059993288 ], [ -96.681096290411546, 18.647949020382189 ], [ -96.688696970360724, 18.638792829584069 ], [ -96.674968199982757, 18.624341170347023 ], [ -96.67246352028927, 18.607574120345888 ], [ -96.693828309192924, 18.591208850073677 ], [ -96.688758719596549, 18.581215740060141 ], [ -96.702148979723873, 18.581226709897525 ], [ -96.69094058003256, 18.567974379578637 ], [ -96.699630720027045, 18.553342890416094 ], [ -96.715604779773457, 18.573241490383374 ], [ -96.724221719670837, 18.558987539640999 ], [ -96.711826690432389, 18.548055480358581 ], [ -96.726899480428941, 18.529828999658513 ], [ -96.719027800424428, 18.522127680305051 ], [ -96.706168829688281, 18.526336689622113 ], [ -96.702867720315226, 18.510269020320276 ], [ -96.688022599991683, 18.51264169006458 ], [ -96.68154402023535, 18.503272769821436 ], [ -96.691078420276824, 18.489827920331265 ], [ -96.68254191040775, 18.475062169974038 ], [ -96.692883279857469, 18.457549319935225 ], [ -96.705323449572077, 18.456710570206109 ], [ -96.709707120378226, 18.429954169666281 ], [ -96.681037250178477, 18.412204430091986 ], [ -96.681439710261913, 18.385657030224618 ], [ -96.675046660196358, 18.384229540446331 ], [ -96.681615150347071, 18.375584079989377 ], [ -96.691831219968506, 18.38084977991036 ], [ -96.696249909809211, 18.364754480058476 ], [ -96.697723829856187, 18.382074059679514 ], [ -96.732326909814475, 18.373699800226724 ], [ -96.741037659667555, 18.382613059713883 ], [ -96.724919080405257, 18.408179820175093 ], [ -96.759085050098207, 18.408263659720522 ], [ -96.770898859623202, 18.422977820027878 ], [ -96.763185709954186, 18.427050679710803 ], [ -96.781011949751061, 18.429069510432516 ], [ -96.784818060084206, 18.444196259722663 ], [ -96.775423689650836, 18.448093229894226 ], [ -96.795795490155655, 18.48022327986402 ], [ -96.797011830098583, 18.511935180205537 ], [ -96.813446150121578, 18.517617910270886 ], [ -96.824038629717876, 18.511110579592405 ], [ -96.825095049911383, 18.498114750391668 ], [ -96.842357509797665, 18.493388780376016 ], [ -96.846327689771215, 18.50537832024996 ], [ -96.867300920191539, 18.514597020438149 ], [ -96.86653317025339, 18.526692029731418 ], [ -96.873513260389743, 18.52323168045827 ], [ -96.875927460439826, 18.535088849728727 ], [ -96.885882750433254, 18.533443620261487 ], [ -96.899250980415687, 18.548647950068634 ], [ -96.925944780029468, 18.534925539712663 ], [ -96.954334139964828, 18.553829369654505 ], [ -96.984818580302445, 18.531201940207801 ], [ -96.99891734035117, 18.531916460411033 ], [ -97.046378149943791, 18.499560220325613 ], [ -97.079967520169632, 18.454507780197851 ], [ -97.083471379680233, 18.483942749779459 ], [ -97.144563079550593, 18.570927860425886 ], [ -97.141442769920388, 18.596417909891009 ], [ -97.174405649877784, 18.606662220012431 ], [ -97.175960340389892, 18.616719880091271 ], [ -97.196918749935463, 18.62958115013291 ], [ -97.215241169849008, 18.625553629977695 ], [ -97.235429150210948, 18.643569479963382 ], [ -97.252271739809032, 18.626726400216008 ], [ -97.27185192005156, 18.627779150033994 ], [ -97.28186551043791, 18.65249328959462 ], [ -97.303202659997496, 18.67428562009124 ], [ -97.323178060302141, 18.664308519737073 ], [ -97.331025819670131, 18.683119019736665 ], [ -97.337261090418863, 18.678590779879222 ], [ -97.343974580006432, 18.685758999900784 ], [ -97.342195260217053, 18.705896570369369 ], [ -97.350025370172361, 18.717143109835003 ], [ -97.342149490019153, 18.725815920083431 ], [ -97.344238289872365, 18.749443919851917 ], [ -97.330058999898739, 18.765974399872267 ], [ -97.340185680090912, 18.778399370379326 ], [ -97.352850309587339, 18.77436127961338 ], [ -97.353031109647844, 18.79128491040397 ], [ -97.326345599676202, 18.810246480104574 ], [ -97.322667079599469, 18.835071920386657 ], [ -97.306091820055244, 18.843424849815964 ], [ -97.297311579793103, 18.867310290016018 ], [ -97.271373710086024, 18.890814429956691 ], [ -97.245802490422477, 18.893300630190993 ], [ -97.241815599992393, 18.902142709795559 ], [ -97.253346109851591, 18.928754650300295 ], [ -97.258258920457479, 18.977714219816036 ], [ -97.285125770358192, 18.999430850401094 ], [ -97.266625709971578, 19.030313200052991 ], [ -97.269652860041134, 19.063072180449058 ], [ -97.261399459661632, 19.096627260341133 ], [ -97.222321710339784, 19.123428029956653 ], [ -97.219568180058062, 19.136131969820667 ], [ -97.197197940487158, 19.146559109623521 ], [ -97.209632970236925, 19.15985088975609 ], [ -97.194589059946424, 19.171812580165778 ], [ -97.183682020033686, 19.162738220163618 ], [ -97.180633719733507, 19.16932956984542 ], [ -97.136525479725549, 19.160110319905879 ], [ -97.130731620067266, 19.167684249797368 ], [ -97.108723460356217, 19.168407880459142 ], [ -97.066692710037088, 19.159455320544836 ], [ -97.067980199087202, 19.148458999926579 ], [ -97.055633080156255, 19.134002170172504 ], [ -97.045839879930398, 19.128028940368289 ], [ -97.034456020253074, 19.137668259811136 ], [ -97.027051800091371, 19.13323620025572 ], [ -97.04213608961868, 19.151387000349121 ], [ -97.04138562032108, 19.174417219860683 ], [ -97.056154749963426, 19.197666579607674 ], [ -97.00123451005301, 19.236546019690159 ], [ -97.004409889984245, 19.256901049563975 ], [ -96.985560109721902, 19.279396819817194 ], [ -97.003459970423677, 19.296380029331218 ], [ -97.01475525999183, 19.29007516970616 ], [ -97.030990580382166, 19.297326770107912 ], [ -97.045511369640408, 19.32128262015495 ], [ -97.055691679903376, 19.311971349709328 ], [ -97.07118105043952, 19.3215166197981 ], [ -97.101998689722706, 19.303615450380562 ], [ -97.129359710281548, 19.308896679835403 ], [ -97.13675150957728, 19.322703969683729 ], [ -97.170205689996223, 19.329022350006195 ], [ -97.200273460142057, 19.309264750384092 ], [ -97.215605260361187, 19.323319719985399 ], [ -97.20472111964159, 19.329962019720316 ], [ -97.210206049882771, 19.35944164958067 ], [ -97.22386905992316, 19.356958710201095 ], [ -97.233621820212974, 19.371215580350324 ], [ -97.284968200200822, 19.391636739565499 ], [ -97.33775011043393, 19.392530720005702 ], [ -97.360453109610717, 19.376029320330197 ], [ -97.371699880318872, 19.403059140315523 ], [ -97.394102350138525, 19.407295570092344 ], [ -97.397356539331028, 19.419064230232642 ], [ -97.381543260192132, 19.432366830327975 ], [ -97.357276280147474, 19.432376719556398 ], [ -97.346892999814642, 19.450998630332155 ], [ -97.348258519518623, 19.484626970320427 ], [ -97.355729849985167, 19.492910249712686 ], [ -97.404555879934321, 19.49586628984941 ], [ -97.402109550139912, 19.515384850233026 ], [ -97.409589679983867, 19.537329340375258 ], [ -97.426646859980494, 19.541676020430703 ], [ -97.434278519976829, 19.588848459863446 ], [ -97.418467280259961, 19.62721655010224 ], [ -97.402747289850922, 19.615343019605195 ], [ -97.341161570333824, 19.675751749777984 ], [ -97.30393001988584, 19.671155540383534 ], [ -97.333140400305908, 19.716779819685431 ], [ -97.313783799584371, 19.735135400015157 ], [ -97.321939969806678, 19.734778180103589 ], [ -97.320003350366093, 19.769826140177219 ], [ -97.304559030421174, 19.870694690352131 ], [ -97.290474630336078, 19.886812109815228 ], [ -97.291822509948602, 19.900255980445344 ], [ -97.25580864965481, 19.93246008963898 ], [ -97.269249089851485, 19.947027280399766 ], [ -97.26066905962918, 19.977254429874538 ], [ -97.238168090243974, 19.988711169854422 ], [ -97.225099630084927, 20.009460250299593 ], [ -97.206927230000105, 20.014667819875861 ], [ -97.206151910442387, 20.056354919563024 ], [ -97.185498220383707, 20.062340280114217 ], [ -97.174025219793194, 20.092174139818848 ], [ -97.122408820090087, 20.136721479863084 ], [ -97.151363890157043, 20.137540340126645 ], [ -97.157529229707762, 20.149575449984845 ], [ -97.149991199920038, 20.160614260151263 ], [ -97.161008429947458, 20.160717050339567 ], [ -97.16441342967731, 20.151831549567355 ], [ -97.242392630206453, 20.174477509995128 ], [ -97.244041150097232, 20.18227859964118 ], [ -97.261931080047603, 20.177548969631548 ], [ -97.27054391991777, 20.187518979858975 ], [ -97.283191260437547, 20.181112059675428 ], [ -97.285281739720133, 20.190730709693725 ], [ -97.365512397951576, 20.215751200700048 ], [ -97.377795720082744, 20.223088549828219 ], [ -97.378238829994615, 20.249255660210466 ], [ -97.408168780074604, 20.232092060437949 ], [ -97.420805890408488, 20.242423110265005 ], [ -97.445276090446498, 20.246160659580013 ], [ -97.464293849739022, 20.22422722965295 ], [ -97.465059400406957, 20.18021839982098 ], [ -97.484798229948495, 20.173881339643682 ], [ -97.505384080039889, 20.153938149910317 ], [ -97.494838460210659, 20.137348279949947 ], [ -97.527394169747822, 20.114878940330996 ], [ -97.539592570373713, 20.116009250259765 ], [ -97.548156089944527, 20.10119482976771 ], [ -97.55763599973578, 20.107183249594826 ], [ -97.561295690465641, 20.086021909577173 ], [ -97.586028019987864, 20.079329919830684 ], [ -97.595711509977946, 20.096891540137214 ], [ -97.584235029910701, 20.094757149789292 ], [ -97.578651349617459, 20.102519880202255 ], [ -97.60273531001971, 20.119313820212767 ], [ -97.604489110117456, 20.166873619762391 ], [ -97.632802950054725, 20.183227019693717 ], [ -97.652440770138583, 20.163566149637763 ], [ -97.663318549971549, 20.169507319849963 ], [ -97.686830919746413, 20.165809369980551 ], [ -97.698718379573364, 20.182378420354237 ], [ -97.720506150051051, 20.189197279710068 ], [ -97.731461199845214, 20.181348449674928 ], [ -97.739256509729671, 20.189249020250148 ], [ -97.738596660401896, 20.202098909595236 ], [ -97.730700890096898, 20.20519982017975 ], [ -97.735111919714328, 20.242391939774055 ], [ -97.757297509523099, 20.279078999885016 ], [ -97.740894979850808, 20.274572719866569 ], [ -97.70840565019104, 20.285293229690804 ], [ -97.704274250095281, 20.303244180195705 ], [ -97.681397619535673, 20.302432420199491 ], [ -97.677308169874053, 20.312978689728102 ], [ -97.689857920208397, 20.320087309780668 ], [ -97.673125120184679, 20.336607290148581 ], [ -97.679344940249749, 20.349917879714155 ], [ -97.700689490438677, 20.319919030241685 ], [ -97.742876519925019, 20.351196769628043 ], [ -97.744449949801904, 20.380110150042242 ], [ -97.765641739282813, 20.381228349837773 ], [ -97.73459931999399, 20.451306340159618 ], [ -97.725830250462465, 20.458228920277442 ], [ -97.709187490082954, 20.455109370049883 ], [ -97.697723720276443, 20.432512659842686 ], [ -97.673051380459256, 20.418855370035473 ], [ -97.672075199842467, 20.408529399706094 ], [ -97.645410720061349, 20.408323629929974 ], [ -97.637554109798472, 20.417905550025949 ], [ -97.635365079570391, 20.452185550236152 ], [ -97.595883910209693, 20.463991550455841 ], [ -97.576045549740584, 20.490900170368135 ], [ -97.556057120381212, 20.484690029950112 ], [ -97.541043340150324, 20.489711619697054 ], [ -97.587953020229477, 20.561070259840868 ], [ -97.589952770247592, 20.556149679933522 ], [ -97.625435659802974, 20.563576939969671 ], [ -97.636664509851755, 20.553711720196638 ], [ -97.648196490223512, 20.56631219974399 ], [ -97.658965480139884, 20.545115940286596 ], [ -97.684771910025546, 20.554261200355146 ], [ -97.685171979618246, 20.573437340209384 ], [ -97.701903149644039, 20.571866320238637 ], [ -97.693419080177307, 20.60268068040158 ], [ -97.715393980312768, 20.609084799600186 ], [ -97.704468170285111, 20.629224249950987 ], [ -97.737326200419531, 20.646431280015786 ], [ -97.749511219737499, 20.643320459816316 ], [ -97.752101819877851, 20.657667400268085 ], [ -97.738078849554839, 20.663030250390044 ], [ -97.737067370229212, 20.679655310153979 ], [ -97.740701629670554, 20.68972791027802 ], [ -97.757537150404175, 20.693468180011337 ], [ -97.750638719557884, 20.707330080258828 ], [ -97.752967909676727, 20.73236991006539 ], [ -97.722819920271235, 20.749988540003486 ], [ -97.726353720207655, 20.75997732013548 ], [ -97.71895505001855, 20.762954379778677 ], [ -97.726509980426513, 20.771161459749248 ], [ -97.719184489595946, 20.775500660107024 ], [ -97.725982969920224, 20.791653650446985 ], [ -97.695179319828583, 20.800038849946993 ], [ -97.738914940350256, 20.801534630082752 ], [ -97.773001679969539, 20.827201379978771 ], [ -97.79039527983403, 20.816832879616108 ], [ -97.813767310232421, 20.820066079752202 ], [ -97.830253940197039, 20.807957170457986 ], [ -97.850118429587354, 20.816923829745765 ], [ -97.84108748009433, 20.83931194004321 ], [ -97.879119779919094, 20.834275879809788 ], [ -97.922446599808595, 20.716518779992086 ], [ -97.897425690276648, 20.7032138297591 ], [ -97.91408100035882, 20.688621460401308 ], [ -97.917834710152036, 20.671244549766506 ], [ -97.908767350364258, 20.667158630233867 ], [ -97.911844149934439, 20.653515119585844 ], [ -97.895145709695925, 20.622698449920911 ], [ -97.908757819557479, 20.608134149690663 ], [ -97.909685689860623, 20.586378109582601 ], [ -97.980816109832674, 20.540708860036478 ], [ -97.981526479742314, 20.52567944969573 ], [ -97.972630340445974, 20.523202429763234 ], [ -97.979333740493772, 20.514933369566787 ], [ -98.017271620376945, 20.525992380387073 ], [ -98.00830564969263, 20.532689819968695 ], [ -98.028728170137782, 20.589711600029577 ], [ -98.017709799551525, 20.601704910257101 ], [ -98.021009999740784, 20.626779999593069 ], [ -98.039979420010681, 20.631932430430723 ], [ -98.074902819975591, 20.67654785006625 ], [ -98.07195810953155, 20.657720630014936 ], [ -98.08718084969739, 20.622876770247142 ], [ -98.098214140023501, 20.624369460257284 ], [ -98.10059181967334, 20.61387778133987 ], [ -98.111786480071061, 20.615936750857742 ], [ -98.114976750405319, 20.600103860789986 ], [ -98.126905969761751, 20.597267200664881 ], [ -98.118723579983012, 20.594129310524639 ], [ -98.121642799598646, 20.586094380668271 ], [ -98.130187979612714, 20.590931250959958 ], [ -98.147736430001444, 20.562661800754043 ], [ -98.153718250004289, 20.565220831057278 ], [ -98.158043019533707, 20.542561280775409 ], [ -98.188344830463166, 20.523219940603823 ], [ -98.211600890394436, 20.528699850487957 ], [ -98.228448370177063, 20.52101122073476 ], [ -98.234102799630691, 20.50619505079991 ], [ -98.25577373962355, 20.499940121266903 ], [ -98.280463570061485, 20.469377050673319 ], [ -98.312138600230213, 20.449767650714854 ], [ -98.321013619627053, 20.418013800576723 ], [ -98.359819969998952, 20.399809740915735 ], [ -98.38614877974041, 20.402712910839472 ], [ -98.418294140354675, 20.380048690486763 ], [ -98.462080580474534, 20.331215739672448 ], [ -98.517401079579642, 20.336851680179365 ], [ -98.548617140279674, 20.35975378033914 ], [ -98.543064800397985, 20.375560340339373 ], [ -98.549689140349827, 20.435359170247636 ], [ -98.597285689972836, 20.495770860244154 ], [ -98.557606229748231, 20.509364770110821 ], [ -98.534665170058517, 20.530658179577429 ], [ -98.524492339634051, 20.548362230052692 ], [ -98.522978650467095, 20.581812600288693 ], [ -98.512248020130784, 20.594224349678548 ], [ -98.480180460113019, 20.588998890223159 ], [ -98.494846719914193, 20.6443405100391 ], [ -98.463274999955217, 20.667841349557683 ], [ -98.459883399997992, 20.696203350083128 ], [ -98.449216369696657, 20.700895719583134 ], [ -98.445903650058909, 20.694336710448685 ], [ -98.443349890180855, 20.709880969679109 ], [ -98.429280549885817, 20.716274600152019 ], [ -98.423646550371814, 20.747722150409299 ], [ -98.460341829630835, 20.7133121104285 ], [ -98.525051340170421, 20.681839109994822 ], [ -98.53339735013509, 20.662716910456577 ], [ -98.550179750171054, 20.6893925397668 ], [ -98.529072600236915, 20.703993919673618 ], [ -98.530159799710319, 20.718098319584751 ], [ -98.506438060314338, 20.73311914973625 ], [ -98.51449332021545, 20.732322379568632 ], [ -98.516653909616323, 20.742889680101833 ], [ -98.508138650311651, 20.744189399941348 ], [ -98.503610510230843, 20.732226689762587 ], [ -98.449728879873604, 20.751345709871604 ], [ -98.46434571964636, 20.77192597020651 ], [ -98.463230549762983, 20.78517710960708 ], [ -98.449641449931462, 20.806088579619409 ], [ -98.450553570063292, 20.821471860177869 ], [ -98.430638580319098, 20.847672430051396 ], [ -98.41371722026642, 20.84863645012048 ], [ -98.402909059673178, 20.858383880191923 ], [ -98.378910030466585, 20.85200990964276 ], [ -98.37112595010268, 20.862314449842692 ], [ -98.357510179829092, 20.856790119827185 ], [ -98.345145539797485, 20.864852540262138 ], [ -98.35287045903948, 20.836007139833505 ], [ -98.32719607903266, 20.829438229718058 ], [ -98.328646478633132, 20.820501349753879 ], [ -98.316536049134427, 20.81777047979584 ], [ -98.314837848808068, 20.809815479866739 ], [ -98.344665258567488, 20.797485339643185 ], [ -98.328522319315027, 20.784096819826239 ], [ -98.315315979077084, 20.788746829962768 ], [ -98.307830348965567, 20.801916109907808 ], [ -98.302876909258231, 20.79590076973443 ], [ -98.298446429428921, 20.801429260247012 ], [ -98.304478708898998, 20.782733460315633 ], [ -98.298810058993354, 20.777839849664421 ], [ -98.292022938740772, 20.785506749734488 ], [ -98.261595169502485, 20.785969230340175 ], [ -98.254041548933415, 20.794102889632899 ], [ -98.247749649452999, 20.789437000347899 ], [ -98.244886849343189, 20.802221600184431 ], [ -98.233652619286246, 20.797555570121546 ], [ -98.224705059102632, 20.8182352301131 ], [ -98.253765049255776, 20.821491720078352 ], [ -98.262322879372249, 20.846892539890547 ], [ -98.254642978648548, 20.848952200331993 ], [ -98.256222288797346, 20.858969279651856 ], [ -98.265503048710386, 20.866536230001159 ], [ -98.250966308710545, 20.897304690118997 ], [ -98.224862888814201, 20.906357250201836 ], [ -98.222704288564699, 20.918447979980435 ], [ -98.234263938903482, 20.915829909893894 ], [ -98.237386249702979, 20.934776249542047 ], [ -98.228236740478835, 20.958019650133235 ], [ -98.214384970347155, 20.956047540270887 ], [ -98.209539310003095, 20.967088579972504 ], [ -98.216919400362499, 20.973743020151453 ], [ -98.215007450077806, 20.989627310235832 ], [ -98.200619280216785, 20.994696319650696 ], [ -98.20158274988097, 21.012475980234637 ], [ -98.188998369554298, 21.018318770153236 ], [ -98.188271429561212, 21.031308149918139 ], [ -98.161157680462694, 21.019130630394049 ], [ -98.14735823004861, 21.078449679935847 ], [ -98.174861920084098, 21.106223889575809 ], [ -98.201694279576515, 21.106136510302086 ], [ -98.195152249710659, 21.12036319974419 ], [ -98.207417660455235, 21.128726050279116 ], [ -98.205053719891453, 21.138087910123168 ], [ -98.216824580095491, 21.151472349676553 ], [ -98.227350049560457, 21.150415939544665 ], [ -98.249110370467449, 21.129403320263261 ], [ -98.264668219991947, 21.141153250232882 ], [ -98.282173769820218, 21.136417380324524 ], [ -98.295922250323969, 21.153613260114685 ], [ -98.278579350179953, 21.172584719994784 ], [ -98.279131139871168, 21.192752550175822 ], [ -98.296150260449807, 21.187961540442057 ], [ -98.297903370336456, 21.177402490317654 ], [ -98.315855910368711, 21.186879620369933 ], [ -98.35075423016454, 21.157142679957268 ], [ -98.366241080168322, 21.16223505956172 ], [ -98.380219519820031, 21.155124740226274 ], [ -98.38680796996006, 21.16225914016491 ], [ -98.404544450120383, 21.152651890103513 ], [ -98.41643568998181, 21.15498188970864 ], [ -98.430107489648321, 21.172787740356082 ], [ -98.446766909853366, 21.179813150112906 ], [ -98.44667299989743, 21.199620000030791 ], [ -98.459626060296387, 21.204801750033596 ], [ -98.452892890414901, 21.210031949777996 ], [ -98.456947879945275, 21.214832999953959 ], [ -98.479656630331348, 21.223888460447455 ], [ -98.480814880306838, 21.230674650362477 ], [ -98.469257829992529, 21.234163979601686 ], [ -98.468359739682057, 21.24965114000894 ], [ -98.499009780261375, 21.252231139619816 ], [ -98.516543370445248, 21.244268950457855 ], [ -98.543981720263858, 21.263901230427287 ], [ -98.495566920444915, 21.329965770341925 ], [ -98.495617510158993, 21.340420219564034 ], [ -98.485177749991109, 21.350149859964667 ], [ -98.477878169939444, 21.343761219899253 ], [ -98.464835460229708, 21.347763320191895 ], [ -98.468697090137567, 21.387032620177887 ], [ -98.48109140004432, 21.388400820050212 ], [ -98.486417279638786, 21.398517649866083 ], [ -98.501207709531599, 21.385456510262554 ], [ -98.510537110028594, 21.401955480439344 ], [ -98.519187909861913, 21.401303599725466 ], [ -98.524641450322463, 21.440163940170944 ], [ -98.516913059706752, 21.460701710359569 ], [ -98.535599599920829, 21.492464879587271 ], [ -98.532255859617322, 21.501139519717928 ], [ -98.557451999691366, 21.521978280157349 ], [ -98.602247419761852, 21.540430820104337 ], [ -98.605400119774558, 21.566913200280759 ], [ -98.625746660236047, 21.585456050193326 ], [ -98.621127000280907, 21.627822150078508 ], [ -98.643630690206777, 21.631681709850199 ], [ -98.633221750107523, 21.653888170217176 ], [ -98.620561619953548, 21.653073280278619 ], [ -98.609470480240276, 21.667229089620285 ], [ -98.624961819724703, 21.673065350208656 ], [ -98.621996969811903, 21.682382570096014 ], [ -98.597787539865365, 21.668879879586324 ], [ -98.579200629871522, 21.671947780267356 ], [ -98.558255479984894, 21.687671859889392 ], [ -98.558837679774129, 21.703538970322018 ], [ -98.572212340223771, 21.70915954955283 ], [ -98.567434709516391, 21.71736773995265 ], [ -98.5438405704529, 21.723393879733841 ], [ -98.530741570287177, 21.697274540425841 ], [ -98.520531690135186, 21.710231459953331 ], [ -98.536795800078707, 21.71389047986062 ], [ -98.537410509927881, 21.72062425008458 ], [ -98.516674200426792, 21.716850509726878 ], [ -98.512664919990868, 21.726601739622343 ], [ -98.498946220424216, 21.727242779770688 ], [ -98.504218920032898, 21.738048090411962 ], [ -98.491485230423606, 21.735061060069075 ], [ -98.476924180180831, 21.745219259883982 ], [ -98.483725509756439, 21.752170679751963 ], [ -98.467596950017636, 21.77069814001759 ], [ -98.459447309716765, 21.762311340205741 ], [ -98.454700109981204, 21.766426690363591 ], [ -98.462365260443889, 21.791276399775398 ], [ -98.475522829796873, 21.801922050221837 ], [ -98.475038290364211, 21.814192050368394 ], [ -98.493118920398686, 21.813940319658339 ], [ -98.486320449607319, 21.836268510309342 ], [ -98.4950543195515, 21.83816726025702 ], [ -98.51448113965256, 21.823893429935005 ], [ -98.528858380261852, 21.863175120337377 ], [ -98.548033540360848, 21.860105090426906 ], [ -98.538202970033822, 21.90580821998854 ], [ -98.520200950461174, 21.896986339949031 ], [ -98.510797509832827, 21.908697049560242 ], [ -98.514890120117883, 21.917635710198574 ], [ -98.545874230448646, 21.917347940211062 ], [ -98.543847049652598, 21.932117460420084 ], [ -98.500452249599547, 21.923148520228736 ], [ -98.503145659961575, 21.93662642021857 ], [ -98.515597340205971, 21.951267829618143 ], [ -98.531576350314253, 21.949915739853584 ], [ -98.551280719592569, 21.933738430172269 ], [ -98.566019850101142, 21.937644420275621 ], [ -98.576471369557581, 21.94738611042067 ], [ -98.578839110248779, 21.966092250171915 ], [ -98.550665019529518, 21.960750060354989 ], [ -98.522000370397166, 21.979430679776261 ], [ -98.493203369684039, 21.960411600292858 ], [ -98.468805769764316, 21.964601319839577 ], [ -98.48147636995337, 21.990514030182414 ], [ -98.476286079673201, 21.999573060156163 ], [ -98.472333859669277, 21.987973909914331 ], [ -98.45954448045984, 21.995169059907091 ], [ -98.443548980365435, 22.032981750196527 ], [ -98.446414309547038, 22.042215339633593 ], [ -98.434649219503157, 22.051669020434158 ], [ -98.43945212025109, 22.075647089988614 ], [ -98.418825059510127, 22.098019220112697 ], [ -98.4387370599636, 22.11191494013088 ], [ -98.432016719622013, 22.12826538035204 ], [ -98.336545020013958, 22.187693250162912 ], [ -98.330413179901441, 22.201344450267914 ], [ -98.352261219529922, 22.222798779634548 ], [ -98.344615140278762, 22.222088739974993 ], [ -98.325967050247144, 22.243052799913723 ], [ -98.374555850274703, 22.236079400281191 ], [ -98.368136680031498, 22.255373109769501 ], [ -98.405093309597262, 22.256076289553604 ], [ -98.406418780137926, 22.269350980175204 ], [ -98.396378110250481, 22.276261910415791 ], [ -98.407557890092363, 22.284209520243461 ], [ -98.430371519842154, 22.274602919561477 ], [ -98.427700230470492, 22.283455229957784 ], [ -98.446659030070833, 22.305621279730374 ], [ -98.464516630346239, 22.303465739843549 ], [ -98.475908379789246, 22.288639799746225 ], [ -98.506120079678709, 22.31597440008488 ], [ -98.52555101966999, 22.318834849698089 ], [ -98.535214519993602, 22.337878309702045 ], [ -98.579290650299356, 22.348628109930619 ], [ -98.579315820465126, 22.377756939614791 ], [ -98.681546600080551, 22.371574859924017 ], [ -98.670888149607606, 22.405673479812378 ], [ -98.638155999615705, 22.414524030146406 ], [ -98.62690122977294, 22.402160979981424 ], [ -98.613752119972972, 22.408925050329657 ], [ -98.574935519903278, 22.393945489706297 ], [ -98.568512819827973, 22.401578429649916 ], [ -98.525361720206149, 22.406780719757215 ], [ -98.509597149883845, 22.416387950377921 ], [ -98.506388510191826, 22.429266719782667 ], [ -98.494275380131128, 22.427242650358135 ], [ -98.492138279899109, 22.419474149667522 ], [ -98.490369230003694, 22.427765049879305 ], [ -98.466807580459218, 22.428801740062259 ], [ -98.460959119690855, 22.412191919863222 ], [ -98.43717025983986, 22.433588309655796 ], [ -98.433117260134694, 22.413578310139179 ], [ -98.419046279542513, 22.412737690362182 ], [ -98.409543420122972, 22.399926689678193 ], [ -98.39207108023534, 22.423182230392435 ], [ -98.384745140413102, 22.422335199905181 ], [ -98.387809199619554, 22.389284380142197 ], [ -98.374577880356426, 22.389618079656742 ], [ -98.355225350376074, 22.40744562995717 ], [ -98.352272519668219, 22.388703319818664 ], [ -98.327693979921349, 22.398680170421123 ], [ -98.317578260090116, 22.390973979954765 ], [ -98.312710999555961, 22.414272769920981 ], [ -98.327361450441117, 22.426469579737567 ], [ -98.312215180439296, 22.445219199581903 ], [ -98.316822980055136, 22.468562339681391 ], [ -98.301007819888071, 22.461226829762357 ], [ -98.287369319304119, 22.467028171063234 ], [ -98.272936889849362, 22.447291050912543 ], [ -98.25663417023641, 22.453406150522326 ], [ -98.247931428889942, 22.471656630015975 ], [ -98.232365139014064, 22.461330980826371 ], [ -98.219843648778323, 22.471750910346234 ], [ -98.208827769124184, 22.464762369999214 ] ] ] ] } },
{ "type": "Feature", "properties": { "fid": 31, "CVEGEO": "31", "CVE_ENT": "31", "NOMGEO": "Yucatán", "PibCalc25": 401278, "SUP": 39761.000285994051, "Long_Carret": 5971.005, "Municipios": 106, "UE": 144576, "Dens_Carret": 0.15017, "Dens_UE": 3.63613 }, "geometry": { "type": "MultiPolygon", "coordinates": [ [ [ [ -92.224700001376348, 20.913699981512583 ], [ -92.238900001413541, 20.898499981304763 ], [ -92.245300001190998, 20.901799981078952 ], [ -92.224700001376348, 20.913699981512583 ] ] ], [ [ [ -92.200200001169378, 20.924599981898638 ], [ -92.201100001456652, 20.924099981342529 ], [ -92.201200001436902, 20.925199981768792 ], [ -92.200200001169378, 20.924599981898638 ] ] ], [ [ [ -92.197000001382719, 20.927499981692094 ], [ -92.199600001550721, 20.926199981615913 ], [ -92.197300000736234, 20.928799981510821 ], [ -92.197000001382719, 20.927499981692094 ] ] ], [ [ [ -92.200700000817008, 20.93459998193012 ], [ -92.205700001025846, 20.919399981099136 ], [ -92.215700000803906, 20.91389998129144 ], [ -92.200700000817008, 20.93459998193012 ] ] ], [ [ [ -92.302500001358567, 20.989399978888002 ], [ -92.307100001799455, 20.976399978369734 ], [ -92.324200000998815, 20.974199978095275 ], [ -92.312300000906674, 20.980899978587274 ], [ -92.324900001740559, 20.983899977971717 ], [ -92.302500001358567, 20.989399978888002 ] ] ], [ [ [ -92.079000001485255, 21.839299984805315 ], [ -92.081600001378646, 21.838399984153451 ], [ -92.080500001882982, 21.840299984504323 ], [ -92.079000001485255, 21.839299984805315 ] ] ], [ [ [ -88.285233376801258, 21.563947218147902 ], [ -88.283751279880221, 21.563098104085196 ], [ -88.285272713003877, 21.562800296975883 ], [ -88.285233376801258, 21.563947218147902 ] ] ], [ [ [ -88.143318157079349, 21.623977478845095 ], [ -87.953284089426376, 21.607662600451185 ], [ -87.811313405119904, 21.55216937589207 ], [ -87.6874104856103, 21.517100534632821 ], [ -87.534912909530121, 21.490222449965476 ], [ -87.533145279908481, 20.999602139939157 ], [ -87.744259480348219, 20.653787090595678 ], [ -87.9627420500439, 20.446706030192459 ], [ -87.995065450625248, 20.447316431246666 ], [ -87.992960030941049, 20.417992920304368 ], [ -88.034030061031373, 20.378940090269577 ], [ -88.047533280140854, 20.37881817089044 ], [ -88.047306600599796, 20.366308721412715 ], [ -88.136489600397752, 20.281371780308138 ], [ -88.264634200082511, 20.290342029584231 ], [ -88.266814949591804, 20.269120319855912 ], [ -88.308788430139657, 20.253510030103122 ], [ -88.351903370431174, 20.25902306026666 ], [ -88.409127742967101, 20.252097322780301 ], [ -88.402892003529374, 20.239488883991893 ], [ -88.415113803847206, 20.232970454384585 ], [ -88.443426183123108, 20.238149784308305 ], [ -88.519929952468658, 20.19232803335327 ], [ -88.502345249822667, 20.19007794957307 ], [ -88.50762119992244, 20.143391090063083 ], [ -88.576681550005404, 20.148078309740423 ], [ -88.587973520249207, 20.131451199633339 ], [ -88.616383630106824, 20.134460819644989 ], [ -88.61917314965244, 20.117171540033098 ], [ -88.639866400158894, 20.120356059713068 ], [ -88.690608909623649, 20.089856119857675 ], [ -88.690802109908148, 20.077029569767024 ], [ -88.684891830082108, 20.077414320321843 ], [ -88.70017617005405, 20.010356720341505 ], [ -88.722148199777351, 20.00512405961431 ], [ -88.72278249028048, 20.013199750066502 ], [ -88.735978910058975, 20.017576550198779 ], [ -88.736245569820184, 20.009661309889026 ], [ -88.742472080000667, 20.015087349940924 ], [ -88.783502579806324, 20.008180180391111 ], [ -88.790770800047497, 19.972020180309919 ], [ -88.798022380417081, 19.974930079820904 ], [ -88.798377650448998, 19.952523020233606 ], [ -88.805639509974981, 19.953830739689685 ], [ -88.810176220466246, 19.94494667971237 ], [ -88.816503290336385, 19.904473520415355 ], [ -88.827282739684989, 19.910920370133379 ], [ -88.829436720268674, 19.906014600216405 ], [ -88.820414050206637, 19.890473150092316 ], [ -88.825926339722187, 19.879925579709106 ], [ -88.880191540115121, 19.878124880218241 ], [ -88.879124830390197, 19.862393230298402 ], [ -88.900488020167657, 19.861114020317192 ], [ -88.897585430208792, 19.836862539809271 ], [ -88.911103970423923, 19.800937579952873 ], [ -88.920294139941888, 19.803973909774442 ], [ -88.929512460381972, 19.790948549743685 ], [ -88.945433749586812, 19.791946320019779 ], [ -88.94385214006121, 19.813442779761939 ], [ -88.958076800333131, 19.810466540444949 ], [ -88.956386719719035, 19.816823549853797 ], [ -88.974451769601671, 19.818100830317157 ], [ -88.98440498042325, 19.798160260377589 ], [ -88.99946796983096, 19.797994380381045 ], [ -89.004087429919494, 19.772007400012686 ], [ -89.025162979667343, 19.776709679597793 ], [ -89.048827059716785, 19.721493320330552 ], [ -88.994741279800238, 19.727439600081219 ], [ -88.997529380192887, 19.704883890224092 ], [ -89.030523629818674, 19.708831749732028 ], [ -89.036200459608239, 19.678039520365541 ], [ -89.123398519909827, 19.703424149705725 ], [ -89.133640600383472, 19.614632029677875 ], [ -89.108391679904116, 19.612338490239409 ], [ -89.109024460257132, 19.582349380296378 ], [ -89.149520650465021, 19.581249339716987 ], [ -89.14486168990787, 19.637398719799904 ], [ -89.18920314032934, 19.644005940450189 ], [ -89.190249629706315, 19.633317739978221 ], [ -89.222868740324557, 19.636656970169497 ], [ -89.219556570378174, 19.60802224981191 ], [ -89.2965618203677, 19.551174089774811 ], [ -89.4124785196164, 19.649376289625518 ], [ -89.448112989982434, 19.698353510791698 ], [ -89.468295480260991, 19.700161290127951 ], [ -89.491661820350217, 19.742228450176267 ], [ -89.479149430373909, 19.740645550245286 ], [ -89.475909460316601, 19.771220201300324 ], [ -89.525672369875565, 19.775554649880032 ], [ -89.587499749731137, 19.874420050004328 ], [ -89.586810339795477, 19.920460029781278 ], [ -89.597445880236293, 19.921122340897103 ], [ -89.595841749412173, 19.937422049666235 ], [ -89.604670078716367, 19.938284969463982 ], [ -89.598703889618832, 19.998197379589378 ], [ -89.748474169710377, 20.179269720789605 ], [ -89.793974780132586, 20.136171941562818 ], [ -89.802870859953103, 20.164906602146015 ], [ -89.802505279482062, 20.201605080952135 ], [ -89.846164908516798, 20.209686980862259 ], [ -89.840678168757861, 20.251027510123649 ], [ -89.875660689983661, 20.2531019507983 ], [ -89.872382309929421, 20.287628090379481 ], [ -89.837963880093781, 20.287175880222652 ], [ -90.004173680051437, 20.487021880063196 ], [ -90.005624720381988, 20.477367200479083 ], [ -90.04168845008877, 20.46645149002326 ], [ -90.067210651853642, 20.425225889258879 ], [ -90.100973511808832, 20.425251769773705 ], [ -90.13157125026342, 20.443077579306834 ], [ -90.186297570053696, 20.436932319025779 ], [ -90.18478790015412, 20.46104613910806 ], [ -90.234207990094006, 20.47046661936945 ], [ -90.223766654488443, 20.519164969160784 ], [ -90.23250803027463, 20.519894049891594 ], [ -90.22924097030365, 20.543562889921418 ], [ -90.33523610988351, 20.541312309971708 ], [ -90.335236110451746, 20.576347709758746 ], [ -90.341138110092572, 20.553701119633885 ], [ -90.386648780203132, 20.555585800186332 ], [ -90.379356999588566, 20.848327289654645 ], [ -90.406985957582222, 20.848619982036677 ], [ -90.366921494154212, 20.959440573178156 ], [ -90.338404787384562, 21.005419549169993 ], [ -90.310456380267198, 21.028689943599034 ], [ -90.094612320417667, 21.155552769609553 ], [ -90.049417288819015, 21.164453089641601 ], [ -90.048397966398042, 21.159694531668862 ], [ -90.046466140221355, 21.159444420278042 ], [ -90.049292700233195, 21.166301700050418 ], [ -89.99662634084217, 21.176243054751705 ], [ -89.89771033372935, 21.232180254739355 ], [ -89.845127539524071, 21.250811680308921 ], [ -89.666769128033053, 21.287506488099741 ], [ -89.670518465571547, 21.338373266557749 ], [ -89.676233509501458, 21.341446140188463 ], [ -89.671215910686527, 21.344826354662764 ], [ -89.68110865307159, 21.349192217846532 ], [ -89.670730632764545, 21.345676564048908 ], [ -89.664652775836117, 21.288733326045449 ], [ -89.64570282664296, 21.289550137579855 ], [ -89.30959373372832, 21.343804808418358 ], [ -89.11002205962248, 21.357824291312873 ], [ -88.879874370150318, 21.397785079587166 ], [ -88.840622292624928, 21.397873660230303 ], [ -88.798017417828163, 21.412765373621461 ], [ -88.804860958170494, 21.415480123708047 ], [ -88.796531852406417, 21.419992050392711 ], [ -88.738718539709922, 21.430725259856175 ], [ -88.694739200246929, 21.451073250458549 ], [ -88.629120819970751, 21.514888089889656 ], [ -88.606322852472232, 21.524817343393686 ], [ -88.528461368361462, 21.53344919333572 ], [ -88.397550969780539, 21.565389570006335 ], [ -88.358620220381312, 21.563963150307 ], [ -88.320974727624503, 21.550331373263585 ], [ -88.281062889578294, 21.553905350064827 ], [ -88.27828695001557, 21.560947200356193 ], [ -88.269908370345433, 21.555657349647454 ], [ -88.243341679989555, 21.562870770400909 ], [ -88.232266121351657, 21.582138655896983 ], [ -88.176193695029042, 21.608111080769621 ], [ -88.177588549760017, 21.613342199602911 ], [ -88.143318157079349, 21.623977478845095 ] ] ], [ [ [ -91.385900000798898, 22.11149999488261 ], [ -91.387500000708471, 22.111599995325573 ], [ -91.38600000022663, 22.112299994818382 ], [ -91.385900000798898, 22.11149999488261 ] ] ], [ [ [ -91.382800000949402, 22.117399995429736 ], [ -91.381600000512009, 22.115699995031306 ], [ -91.383900000809177, 22.116099994632425 ], [ -91.382800000949402, 22.117399995429736 ] ] ], [ [ [ -91.407900000434168, 22.119099994493073 ], [ -91.409100000602805, 22.117799994397874 ], [ -91.409200000201935, 22.119099994572633 ], [ -91.407900000434168, 22.119099994493073 ] ] ], [ [ [ -91.405600000579369, 22.11779999503306 ], [ -91.405000001146618, 22.118899994601101 ], [ -91.404500000421592, 22.117599994422854 ], [ -91.405600000579369, 22.11779999503306 ] ] ], [ [ [ -91.388100000602364, 22.122799995144426 ], [ -91.389400001014153, 22.122199995019908 ], [ -91.389600000497978, 22.123599995223081 ], [ -91.388100000602364, 22.122799995144426 ] ] ], [ [ [ -89.66263003161653, 22.371536708951027 ], [ -89.664034139487995, 22.368973289862367 ], [ -89.663901537431911, 22.371354205666638 ], [ -89.66263003161653, 22.371536708951027 ] ] ], [ [ [ -89.665697916248121, 22.372751892835218 ], [ -89.671697329328779, 22.367675716512593 ], [ -89.674004098865296, 22.367957013931438 ], [ -89.665697916248121, 22.372751892835218 ] ] ], [ [ [ -89.666928834981945, 22.380390386085807 ], [ -89.6685818636753, 22.379896085811822 ], [ -89.667996256981226, 22.380620609154978 ], [ -89.666928834981945, 22.380390386085807 ] ] ], [ [ [ -89.678561737152222, 22.381495435364709 ], [ -89.674605164512869, 22.376886364146348 ], [ -89.680152637515619, 22.380314132792414 ], [ -89.678561737152222, 22.381495435364709 ] ] ], [ [ [ -89.679120142802503, 22.382156081102611 ], [ -89.681919013046297, 22.380932567585685 ], [ -89.680026018223231, 22.383711284721883 ], [ -89.679120142802503, 22.382156081102611 ] ] ], [ [ [ -89.678238786413317, 22.389829744473207 ], [ -89.679168079113879, 22.387493345501845 ], [ -89.679637516364835, 22.3901225773619 ], [ -89.678238786413317, 22.389829744473207 ] ] ], [ [ [ -89.674163578726706, 22.38974438088081 ], [ -89.675902957206119, 22.388738584059364 ], [ -89.675568755847024, 22.390387337928257 ], [ -89.674163578726706, 22.38974438088081 ] ] ], [ [ [ -89.728482399119855, 22.428486076251247 ], [ -89.72535404656918, 22.424675864646769 ], [ -89.729286509226128, 22.424548312798787 ], [ -89.728482399119855, 22.428486076251247 ] ] ], [ [ [ -89.720025451777829, 22.42862323205873 ], [ -89.720919167174387, 22.427790499954163 ], [ -89.720698437345263, 22.428496123562802 ], [ -89.720025451777829, 22.42862323205873 ] ] ], [ [ [ -89.719896979358936, 22.431335824231819 ], [ -89.716155256448999, 22.430434505954459 ], [ -89.720231734500004, 22.430518760693978 ], [ -89.719896979358936, 22.431335824231819 ] ] ], [ [ [ -89.72747885807253, 22.433576214593892 ], [ -89.728546270123786, 22.433024887001942 ], [ -89.728503875882311, 22.433484375735599 ], [ -89.72747885807253, 22.433576214593892 ] ] ], [ [ [ -89.738246475355908, 22.434607418313945 ], [ -89.727016101313893, 22.428948534147683 ], [ -89.728648894413993, 22.428789449675541 ], [ -89.731702796757858, 22.424693553069869 ], [ -89.738246475355908, 22.434607418313945 ] ] ], [ [ [ -89.743812229528515, 22.435035140301011 ], [ -89.739024004875688, 22.436341276022372 ], [ -89.739590294317011, 22.43301132364067 ], [ -89.743812229528515, 22.435035140301011 ] ] ], [ [ [ -89.731521619269756, 22.440835888188921 ], [ -89.733031024298782, 22.439148121665212 ], [ -89.733454227102186, 22.440295629595727 ], [ -89.731521619269756, 22.440835888188921 ] ] ], [ [ [ -89.729370403937367, 22.440073821242759 ], [ -89.725433518722795, 22.442688990791709 ], [ -89.726960776382938, 22.439628552739414 ], [ -89.729370403937367, 22.440073821242759 ] ] ], [ [ [ -89.723168300584177, 22.445314475156781 ], [ -89.725890625328049, 22.444142987931809 ], [ -89.725562136136716, 22.445678980525258 ], [ -89.723168300584177, 22.445314475156781 ] ] ], [ [ [ -89.740113097143592, 22.472595561726369 ], [ -89.744766551714818, 22.47206205122157 ], [ -89.743999393029299, 22.475882323414798 ], [ -89.740113097143592, 22.472595561726369 ] ] ], [ [ [ -89.755546288383073, 22.484164104163931 ], [ -89.738714779812113, 22.448936214447158 ], [ -89.738666590119621, 22.440218239852562 ], [ -89.747419695921948, 22.442833226467624 ], [ -89.745598318824591, 22.454119236813451 ], [ -89.759253668156006, 22.470188226029681 ], [ -89.755546288383073, 22.484164104163931 ] ] ], [ [ [ -89.748534755472292, 22.4867663488393 ], [ -89.7511484619246, 22.484443007495528 ], [ -89.751621420116649, 22.486348982245186 ], [ -89.748534755472292, 22.4867663488393 ] ] ], [ [ [ -89.749537729795264, 22.49136636031988 ], [ -89.754094622923404, 22.493295873794864 ], [ -89.749771656208196, 22.494458712789999 ], [ -89.749537729795264, 22.49136636031988 ] ] ], [ [ [ -89.73202798857109, 22.499774698431004 ], [ -89.728676196721267, 22.494836376369271 ], [ -89.724614700636309, 22.500104015316751 ], [ -89.72852284007773, 22.490527175168364 ], [ -89.73202798857109, 22.499774698431004 ] ] ], [ [ [ -89.757801770482018, 22.508955659548405 ], [ -89.760927895928631, 22.506017484115411 ], [ -89.76117742368551, 22.508645414247081 ], [ -89.757801770482018, 22.508955659548405 ] ] ], [ [ [ -89.774051732143846, 22.51209085508566 ], [ -89.756981797921284, 22.491017263167453 ], [ -89.758610326902158, 22.479962325926561 ], [ -89.784489964528603, 22.50545795321683 ], [ -89.774051732143846, 22.51209085508566 ] ] ], [ [ [ -89.7363413537974, 22.511842541427207 ], [ -89.738478672174168, 22.507588928586465 ], [ -89.739127808018637, 22.510678223601087 ], [ -89.7363413537974, 22.511842541427207 ] ] ], [ [ [ -89.717158580925954, 22.511318396075417 ], [ -89.720159027807611, 22.50699493212354 ], [ -89.720226068437853, 22.510695152534598 ], [ -89.717158580925954, 22.511318396075417 ] ] ], [ [ [ -89.731300139997458, 22.518906750863241 ], [ -89.731170883336844, 22.512435473768967 ], [ -89.735674845194382, 22.517615873229332 ], [ -89.731300139997458, 22.518906750863241 ] ] ], [ [ [ -89.750098971380595, 22.520052934537844 ], [ -89.753288585100165, 22.518667293909914 ], [ -89.753841100354407, 22.522809562659877 ], [ -89.750098971380595, 22.520052934537844 ] ] ], [ [ [ -89.743505680400489, 22.522985799874871 ], [ -89.74176284369311, 22.513746314267845 ], [ -89.750508903087976, 22.506125094607984 ], [ -89.743505680400489, 22.522985799874871 ] ] ], [ [ [ -89.750870266832038, 22.528709551793657 ], [ -89.751343428478023, 22.52413626766312 ], [ -89.751985334496695, 22.528436618495391 ], [ -89.750870266832038, 22.528709551793657 ] ] ], [ [ [ -89.738323541768281, 22.531059315677567 ], [ -89.740494866662701, 22.530026772222861 ], [ -89.739357708121517, 22.531804621716716 ], [ -89.738323541768281, 22.531059315677567 ] ] ], [ [ [ -89.742580077022197, 22.53228086095816 ], [ -89.737064227190359, 22.524910680213761 ], [ -89.73700810225445, 22.521651620434632 ], [ -89.740272282627018, 22.522484082686919 ], [ -89.742580077022197, 22.53228086095816 ] ] ], [ [ [ -89.741442630784078, 22.538461686831056 ], [ -89.742476695219068, 22.534988048710549 ], [ -89.743019731819274, 22.538948824990936 ], [ -89.741442630784078, 22.538461686831056 ] ] ], [ [ [ -89.741112302325561, 22.541000335042238 ], [ -89.735706353849636, 22.538834171499943 ], [ -89.737403410859315, 22.536474106765692 ], [ -89.741112302325561, 22.541000335042238 ] ] ], [ [ [ -89.763311401491251, 22.562941144962284 ], [ -89.760337063177857, 22.561751016828804 ], [ -89.760072719577309, 22.561023820291879 ], [ -89.76324544926446, 22.561156241293386 ], [ -89.763311401491251, 22.562941144962284 ] ] ], [ [ [ -89.764178593095679, 22.562754566438905 ], [ -89.776275242760164, 22.560706397757972 ], [ -89.778059697057174, 22.562623725040581 ], [ -89.774952821887311, 22.563813295232968 ], [ -89.764178593095679, 22.562754566438905 ] ] ], [ [ [ -89.778232587095786, 22.561236806755876 ], [ -89.78074408106724, 22.56262537324886 ], [ -89.780280808474245, 22.566657861594948 ], [ -89.778232587095786, 22.561236806755876 ] ] ], [ [ [ -89.775572629617855, 22.566899275625889 ], [ -89.777423295185642, 22.566965602856946 ], [ -89.776629901248228, 22.568750403618555 ], [ -89.775572629617855, 22.566899275625889 ] ] ], [ [ [ -89.773811000811136, 22.572199183806909 ], [ -89.775265260003692, 22.570744993231312 ], [ -89.774868435644606, 22.572662057017514 ], [ -89.773811000811136, 22.572199183806909 ] ] ], [ [ [ -89.762565175324568, 22.581135328315082 ], [ -89.764237617439321, 22.576928735759665 ], [ -89.765718047442206, 22.579035208804854 ], [ -89.762565175324568, 22.581135328315082 ] ] ], [ [ [ -89.760493162164394, 22.581223867421663 ], [ -89.758464359611409, 22.575349081798493 ], [ -89.759647409290665, 22.575303100418061 ], [ -89.760493162164394, 22.581223867421663 ] ] ], [ [ [ -89.750966640445441, 22.578741544459316 ], [ -89.757526626772346, 22.570122994947518 ], [ -89.752948957509815, 22.582479389542804 ], [ -89.750966640445441, 22.578741544459316 ] ] ], [ [ [ -89.66548355349569, 22.552078711077968 ], [ -89.619136654302821, 22.495457283325102 ], [ -89.608554082254997, 22.453667613127376 ], [ -89.611574658494874, 22.426848722425238 ], [ -89.630787899869205, 22.385108887491 ], [ -89.660210007108873, 22.365446694447741 ], [ -89.661276029792162, 22.37121112925092 ], [ -89.651156389748124, 22.376339778320819 ], [ -89.647138636861115, 22.388204129089416 ], [ -89.652668121496419, 22.390636987541914 ], [ -89.653069103256342, 22.380869018915035 ], [ -89.66291321084357, 22.372571078542759 ], [ -89.658687279061581, 22.390093587575024 ], [ -89.663285730111824, 22.384676370924367 ], [ -89.687158695950004, 22.397618969917129 ], [ -89.679789933254966, 22.38664203092782 ], [ -89.684825697436636, 22.379104043475266 ], [ -89.692914599376763, 22.381440795952006 ], [ -89.687548185242221, 22.38890670420248 ], [ -89.702152126585105, 22.408445060614444 ], [ -89.729861774637229, 22.420973085750603 ], [ -89.68967105989357, 22.416032117882704 ], [ -89.701601966679746, 22.432464733177547 ], [ -89.729116767455352, 22.436743513293873 ], [ -89.712609011704629, 22.454082652156245 ], [ -89.7295798146734, 22.458287245971249 ], [ -89.714334761786048, 22.464953678477176 ], [ -89.718214649575884, 22.472148565612983 ], [ -89.725894500096246, 22.464487234460258 ], [ -89.731633877984677, 22.46886712486539 ], [ -89.723498192900578, 22.481621082405884 ], [ -89.728647157048329, 22.484858254350424 ], [ -89.734360639116034, 22.47396475437473 ], [ -89.73255367308856, 22.48608923486227 ], [ -89.705260589403565, 22.495034001083798 ], [ -89.71390247538919, 22.500547348365433 ], [ -89.715910300120498, 22.531414185631526 ], [ -89.726094225251202, 22.532840912396651 ], [ -89.719471924251266, 22.5268524517343 ], [ -89.727637420267129, 22.52160891425239 ], [ -89.738541940869069, 22.534498869641585 ], [ -89.732059473061796, 22.537378436434079 ], [ -89.743917638037246, 22.548611719125368 ], [ -89.74635891257202, 22.543013970347822 ], [ -89.753293048061863, 22.547139507969501 ], [ -89.744632722802891, 22.540857604970341 ], [ -89.744225424376324, 22.523322776609543 ], [ -89.756432262859178, 22.539392241972756 ], [ -89.756574185892873, 22.524466624333343 ], [ -89.770737174648019, 22.51359811624928 ], [ -89.781123367595086, 22.509881684448523 ], [ -89.789689368325298, 22.503988602067935 ], [ -89.795490696994975, 22.515082206874247 ], [ -89.782883739269906, 22.5531133937771 ], [ -89.77452427905213, 22.560188707593802 ], [ -89.761638999528842, 22.559744118488823 ], [ -89.748721989863981, 22.567675140951639 ], [ -89.743866339702109, 22.577523117833781 ], [ -89.751037265036501, 22.585357667502027 ], [ -89.697588548114979, 22.571522484787714 ], [ -89.66548355349569, 22.552078711077968 ] ] ] ] } },
{ "type": "Feature", "properties": { "fid": 32, "CVEGEO": "32", "CVE_ENT": "32", "NOMGEO": "Zacatecas", "PibCalc25": 237752, "SUP": 75275.389832279849, "Long_Carret": 7307.067, "Municipios": 58, "UE": 74615, "Dens_Carret": 0.09707, "Dens_UE": 0.99123 }, "geometry": { "type": "MultiPolygon", "coordinates": [ [ [ [ -102.295477290015498, 25.12518887972761 ], [ -102.237622199940503, 25.118462379790977 ], [ -102.081805630008716, 25.070700599675487 ], [ -101.848809999625985, 25.017623619770092 ], [ -101.831898459573395, 24.972173219923356 ], [ -101.773462949681317, 24.87553512022075 ], [ -101.685149490195798, 24.840012659733087 ], [ -101.656331769545844, 24.860793170432036 ], [ -101.601260629551305, 24.835563199914183 ], [ -101.60901163038919, 24.789664140048099 ], [ -101.640767230487342, 24.800703539963543 ], [ -101.622269710484915, 24.758983080023434 ], [ -101.461639348887658, 24.736756820251827 ], [ -101.412654949106852, 24.772055021305285 ], [ -101.402157060380532, 24.788222430532819 ], [ -101.342141569600699, 24.81335251103576 ], [ -101.215039139103439, 24.77516785088795 ], [ -101.181802818814347, 24.739014970180015 ], [ -101.164645940125254, 24.681558970916512 ], [ -101.127619600213009, 24.623361770766692 ], [ -101.080495140167059, 24.591185309796948 ], [ -100.95879259879618, 24.542684060717512 ], [ -100.90223377972255, 24.583917740935156 ], [ -100.847805648862689, 24.55561860088423 ], [ -100.799934119799474, 24.556186079903881 ], [ -100.742324290458399, 24.460435460101209 ], [ -100.850383079932229, 24.343538540170211 ], [ -100.945285980234047, 24.281195890089304 ], [ -101.006674630106488, 24.335834780275849 ], [ -101.011297429529975, 24.357959489844799 ], [ -101.003282050489105, 24.36801007999852 ], [ -101.009868279774523, 24.385117369659003 ], [ -100.997665429549713, 24.407303859949799 ], [ -100.988234649756734, 24.409551939846718 ], [ -100.987327049792739, 24.432519319632693 ], [ -101.012688679637478, 24.390819140062739 ], [ -101.065401519825215, 24.20702110976163 ], [ -101.173232149883034, 24.164136620124637 ], [ -101.216746380118281, 24.159731909873745 ], [ -101.192504950261196, 23.918559140360678 ], [ -101.775122450188888, 23.447629349655951 ], [ -102.011943830367187, 23.372748550126698 ], [ -102.122532459867315, 23.35386008978967 ], [ -102.168799120069778, 23.361025649946804 ], [ -102.168614970090388, 23.398907519625112 ], [ -102.191342260418551, 23.401387920060561 ], [ -102.193615220040328, 23.44759911022711 ], [ -102.238150310263549, 23.446901430183654 ], [ -102.253611480088239, 23.364955889856208 ], [ -102.268261940331399, 23.342277889749738 ], [ -102.296038419876396, 23.320501289676248 ], [ -102.26457904983296, 23.290092919785614 ], [ -102.26953366007119, 23.279912879671361 ], [ -102.254699509962791, 23.280833740155185 ], [ -102.241069120487808, 23.314981620063364 ], [ -102.231596849920095, 23.315116350015728 ], [ -102.244672119552092, 23.276768750051112 ], [ -102.285825480287599, 23.273320140127502 ], [ -102.289368980486259, 23.231690940424368 ], [ -102.239457709622812, 23.209493289780458 ], [ -102.240974029651213, 23.169380430095579 ], [ -102.214154630253205, 23.131319859792104 ], [ -102.260050970474509, 23.045915510387811 ], [ -102.238081650070029, 23.047643879860793 ], [ -102.192131770466432, 22.864902060179521 ], [ -102.124896879570144, 22.782952199570271 ], [ -101.939756029915827, 22.645725489595723 ], [ -101.853284229865494, 22.656025110306995 ], [ -101.872957709512534, 22.563073349594735 ], [ -101.819891520370476, 22.551294709646744 ], [ -101.837141050090736, 22.499692139699079 ], [ -101.799275710446778, 22.470559460382084 ], [ -101.783360739683729, 22.465033829627902 ], [ -101.77153528968617, 22.488163319910154 ], [ -101.73536074995009, 22.480214950349627 ], [ -101.746175079593783, 22.508693260018909 ], [ -101.696018490362562, 22.52042211014685 ], [ -101.659906459790193, 22.505320400446276 ], [ -101.590083150484276, 22.589035749937153 ], [ -101.595287320135853, 22.624072490110827 ], [ -101.587732320388369, 22.626611859961709 ], [ -101.573821020310817, 22.612816109755592 ], [ -101.567397999915585, 22.656776320118002 ], [ -101.497003599679019, 22.701541020228849 ], [ -101.490964539368235, 22.742877350347779 ], [ -101.411077078756804, 22.747680690424875 ], [ -101.349233919744478, 22.711779289756723 ], [ -101.380018250224509, 22.675834920075832 ], [ -101.359376089694393, 22.653532940228292 ], [ -101.336936969629491, 22.65875605001748 ], [ -101.33387374027464, 22.642113140319509 ], [ -101.305709080287372, 22.60993031033194 ], [ -101.287519290429771, 22.559811320031425 ], [ -101.296323630223924, 22.535478199817355 ], [ -101.285726380031832, 22.507855649782584 ], [ -101.315383489713838, 22.469648969772461 ], [ -101.313726339753444, 22.45349017043355 ], [ -101.374785749985506, 22.456458370219405 ], [ -101.381910550194377, 22.357485079771816 ], [ -101.43297235043778, 22.363276739747665 ], [ -101.435125419763551, 22.341533980161351 ], [ -101.419732489804161, 22.315041820198253 ], [ -101.391434950373196, 22.299901880176002 ], [ -101.398150419576325, 22.281426820025864 ], [ -101.408999350455915, 22.280436620417639 ], [ -101.416258920262123, 22.267345539936887 ], [ -101.376803820359115, 22.261655830057961 ], [ -101.352853980240411, 22.229203649892522 ], [ -101.324253149525958, 22.209893460245574 ], [ -101.351305939553455, 22.176759660069141 ], [ -101.337692860461544, 22.143522510038053 ], [ -101.327744979795909, 22.14411206008231 ], [ -101.354239739745324, 22.071735289933152 ], [ -101.346587279738031, 22.049690080390647 ], [ -101.361011769663932, 22.041001059790712 ], [ -101.377078369619042, 22.044962139925065 ], [ -101.369738319924366, 22.027517249896746 ], [ -101.380691200476335, 22.028759340242292 ], [ -101.382755370211967, 22.020737910433812 ], [ -101.365692290339609, 22.018548429647783 ], [ -101.351675000256449, 22.043789150337783 ], [ -101.330900750338316, 22.035315179952967 ], [ -101.327208480214438, 22.021498050034563 ], [ -101.339235309557296, 22.01498571017056 ], [ -101.337765029735195, 22.025133020436556 ], [ -101.34857244993384, 22.02807111992928 ], [ -101.352439290259809, 22.01308157962497 ], [ -101.34474262043706, 22.014142429703291 ], [ -101.34529848044302, 22.005879919632264 ], [ -101.32939744990334, 22.007169089677223 ], [ -101.326510289861162, 21.999728050118748 ], [ -101.373365719581017, 21.990249350079161 ], [ -101.397150380207336, 21.967762080096964 ], [ -101.405161169964472, 21.948492119616883 ], [ -101.429172859964609, 21.9343611399708 ], [ -101.410227619589577, 21.908693539821041 ], [ -101.434595920337557, 21.897065059561641 ], [ -101.441802859565257, 21.90933782998961 ], [ -101.440674830464403, 21.892716229863254 ], [ -101.466457650082717, 21.880224909955054 ], [ -101.468083779751069, 21.870265749860046 ], [ -101.483196229728591, 21.867680780166488 ], [ -101.486091339831546, 21.841886720439391 ], [ -101.503515280341134, 21.830123979851212 ], [ -101.496331250039233, 21.809939659785087 ], [ -101.510541749843185, 21.799058489606999 ], [ -101.522044090428537, 21.818023050065491 ], [ -101.52782407956137, 21.809177890408069 ], [ -101.537011980090995, 21.81046205017914 ], [ -101.548230400419399, 21.834085550454024 ], [ -101.565963549749171, 21.842033339574137 ], [ -101.569806279526901, 21.917080739983383 ], [ -101.595848860052882, 21.909962620253872 ], [ -101.61671189019782, 21.929447970338444 ], [ -101.628945230117424, 21.910902739605394 ], [ -101.650695690091368, 21.907675399852192 ], [ -101.659141090343653, 21.941594890433535 ], [ -101.682914179724321, 21.962885309858329 ], [ -101.710658379589901, 21.973935249635481 ], [ -101.709115220278889, 21.979925980353315 ], [ -101.732321089641317, 21.995069199727457 ], [ -101.729974920394724, 22.002138370137853 ], [ -101.746629819613688, 22.012064629573793 ], [ -101.777633080434654, 22.007301750160835 ], [ -101.784429750337509, 22.024098279569753 ], [ -101.804263450463793, 22.025252740072197 ], [ -101.80143614954828, 22.03099620034574 ], [ -101.815673050106767, 22.0199830903655 ], [ -101.861669819706904, 22.028883830697421 ], [ -101.855191540299444, 22.04651117086177 ], [ -101.8642751101968, 22.041509480999146 ], [ -101.986027949996085, 22.120827449860968 ], [ -102.025915180378547, 22.129770999961544 ], [ -102.017075489952447, 22.153961279633123 ], [ -102.045221309642997, 22.153733230428514 ], [ -102.029467140133249, 22.168665619904679 ], [ -102.00099307991195, 22.168110549959447 ], [ -101.999716080136054, 22.23365602956191 ], [ -102.002474630078765, 22.241444060062786 ], [ -102.022494578578431, 22.241585490625763 ], [ -102.037269649895038, 22.298975680062949 ], [ -102.051213579582608, 22.291213030443608 ], [ -102.075627049820142, 22.306072779894965 ], [ -102.105249860302067, 22.280792829778889 ], [ -102.153230479828466, 22.29041021962361 ], [ -102.149847479719782, 22.347175060093907 ], [ -102.180722109850706, 22.350397940280086 ], [ -102.177375340318633, 22.36242974017453 ], [ -102.211979198836772, 22.362465180397766 ], [ -102.211986820348713, 22.372697320273364 ], [ -102.253200709573463, 22.374494509713951 ], [ -102.2502993702157, 22.387221710370419 ], [ -102.273981060047277, 22.414331150104864 ], [ -102.290076399527777, 22.419917949746313 ], [ -102.29830685001501, 22.459589680315716 ], [ -102.311804800071172, 22.456915819715146 ], [ -102.321364720163743, 22.388532650151149 ], [ -102.362877079474544, 22.388747281037269 ], [ -102.359250278630725, 22.384951690959628 ], [ -102.378442819159616, 22.360878580556985 ], [ -102.468641949622352, 22.351881479721062 ], [ -102.471187819726595, 22.336254879918101 ], [ -102.460661509728808, 22.323691110048902 ], [ -102.470201630007665, 22.309210199611357 ], [ -102.527039339592946, 22.290899030350285 ], [ -102.668742849645383, 22.291871049713194 ], [ -102.670017049684589, 22.245702429836363 ], [ -102.639298939736989, 22.226039180161166 ], [ -102.651595980395768, 22.193140229833407 ], [ -102.669310080160045, 22.194023579963922 ], [ -102.666718350235627, 22.180940979904651 ], [ -102.675894510179134, 22.175572519620513 ], [ -102.669415690199799, 22.159589579795366 ], [ -102.686121139569707, 22.137908850081626 ], [ -102.690865230032514, 22.106555030033022 ], [ -102.75580570954692, 22.073662079599934 ], [ -102.760989739711988, 22.04628673961043 ], [ -102.801049690163325, 22.003941000123024 ], [ -102.838250449939707, 21.939298649691082 ], [ -102.863380119885036, 21.863765779671876 ], [ -102.874176579655327, 21.852770999600821 ], [ -102.858050969586898, 21.833226350264791 ], [ -102.847314750283047, 21.833409219620734 ], [ -102.853345060011563, 21.799053149620661 ], [ -102.84225074977158, 21.804757201231048 ], [ -102.842404860480556, 21.798530720099649 ], [ -102.831262150098183, 21.79724858025935 ], [ -102.816916259560315, 21.766475369644514 ], [ -102.745299939556304, 21.720052310197833 ], [ -102.766492139897593, 21.686928280106159 ], [ -102.805278970427125, 21.671282400107984 ], [ -102.773405110362617, 21.658306080394098 ], [ -102.783614689548628, 21.646693369943492 ], [ -102.764741339976879, 21.596064580156874 ], [ -102.737405000290494, 21.586760200070405 ], [ -102.729508180201591, 21.59305822026344 ], [ -102.717104549634584, 21.571307370312184 ], [ -102.695100739606318, 21.572912830387391 ], [ -102.696410170159382, 21.543030340365714 ], [ -102.630734319569314, 21.533983340287016 ], [ -102.642166850294032, 21.518721349600213 ], [ -102.6248415099152, 21.50141149003338 ], [ -102.636667720086393, 21.477116450410691 ], [ -102.649067249525615, 21.474196580282197 ], [ -102.647882979906313, 21.462537489725786 ], [ -102.636129859899299, 21.462907819855509 ], [ -102.655006860068923, 21.446649520154068 ], [ -102.652130690383586, 21.412212660440616 ], [ -102.659669459541078, 21.410877019580141 ], [ -102.63814061969893, 21.393236519741166 ], [ -102.642594889726851, 21.36720060013894 ], [ -102.677777029709517, 21.34089003038536 ], [ -102.69505531982648, 21.340744459626173 ], [ -102.713263860112676, 21.379768059753481 ], [ -102.729128060294954, 21.387355539691349 ], [ -102.727959770366638, 21.357087800189916 ], [ -102.75776542978457, 21.339186179810429 ], [ -102.755280879656468, 21.323158600022019 ], [ -102.771817719864615, 21.31600587968542 ], [ -102.788916019781809, 21.329507400247717 ], [ -102.798499369595092, 21.30691377975123 ], [ -102.811963779626581, 21.323716819656727 ], [ -102.817600690138974, 21.318541109803338 ], [ -102.8151590301471, 21.294668999629554 ], [ -102.83710214029476, 21.303410800013822 ], [ -102.848777540007305, 21.293176289562364 ], [ -102.844829450055258, 21.27732684993822 ], [ -102.859396769879183, 21.270478490013716 ], [ -102.863654709888976, 21.252756980446147 ], [ -102.872861230466953, 21.255162949819802 ], [ -102.876573659571733, 21.236634020093852 ], [ -102.883656570149199, 21.241810909580956 ], [ -102.891673779928965, 21.233513260061745 ], [ -102.903028659962189, 21.235186000190239 ], [ -102.910652170459528, 21.205234660051666 ], [ -102.947811200081517, 21.214601119996303 ], [ -102.946293920053861, 21.234443449932048 ], [ -102.979048860250188, 21.239731079670594 ], [ -102.996904019860523, 21.259681940314547 ], [ -103.011179030076221, 21.255370089941948 ], [ -103.017013539832135, 21.241048540388412 ], [ -103.026504890082947, 21.242124110169343 ], [ -103.029765999886479, 21.251065260118114 ], [ -103.045883710027837, 21.249425690076492 ], [ -103.044891880106988, 21.262365260301202 ], [ -103.065500000106127, 21.255806449657307 ], [ -103.056985200080845, 21.246787600105648 ], [ -103.077528260244463, 21.215449919911702 ], [ -103.069244229807794, 21.209929310427849 ], [ -103.084306349988722, 21.194059490383719 ], [ -103.071375859936424, 21.152933749711519 ], [ -103.078122550330008, 21.140011250046943 ], [ -103.098500120062226, 21.128493309568352 ], [ -103.091735430223494, 21.115818999860544 ], [ -103.073651310002347, 21.109954110343519 ], [ -103.075790400431501, 21.096888889814863 ], [ -103.065206800225738, 21.104330219879174 ], [ -103.056475369741761, 21.099319750339735 ], [ -103.088424570111229, 21.065741820323865 ], [ -103.123323150007195, 21.066803909749325 ], [ -103.129305480010814, 21.053277849856411 ], [ -103.162881750050133, 21.072885650278089 ], [ -103.188367339712684, 21.070659719863897 ], [ -103.188446889568652, 21.085152860339573 ], [ -103.209601650304961, 21.094220600220055 ], [ -103.232586059799232, 21.079094430117085 ], [ -103.258234620269207, 21.083066430230769 ], [ -103.257201920118348, 21.070731349840656 ], [ -103.27573077040249, 21.051446650279509 ], [ -103.296558309623734, 21.064838420004119 ], [ -103.301885720033894, 21.054583709847261 ], [ -103.330316719629593, 21.054501120092535 ], [ -103.335003970291069, 21.042644459782213 ], [ -103.35310294025814, 21.045259949936046 ], [ -103.395962910230409, 21.080288450217633 ], [ -103.396079660033365, 21.098677169759021 ], [ -103.418280579583552, 21.115230080450313 ], [ -103.423226849936071, 21.125232419859834 ], [ -103.416265710237596, 21.137277769691305 ], [ -103.428582400335657, 21.146723819931275 ], [ -103.469256379824898, 21.14336208042257 ], [ -103.504051540066058, 21.127738681079844 ], [ -103.510964050232715, 21.14622215109101 ], [ -103.531464799775392, 21.141977511000672 ], [ -103.529786880112695, 21.134091740898107 ], [ -103.554447260402995, 21.116579800037314 ], [ -103.590441030129341, 21.12752206127411 ], [ -103.601982460418128, 21.151670950260709 ], [ -103.614057800442467, 21.156929351079466 ], [ -103.611359229548214, 21.178736739588846 ], [ -103.618634259758778, 21.188778621002509 ], [ -103.633371199801076, 21.191252850245956 ], [ -103.667324049571349, 21.216048550356025 ], [ -103.663352109974568, 21.224162649837119 ], [ -103.640195879553048, 21.22207241982807 ], [ -103.635136980213886, 21.283179850273463 ], [ -103.658193599594185, 21.280431620370127 ], [ -103.666680509673512, 21.290465110454644 ], [ -103.697509950317979, 21.282856260086316 ], [ -103.716211380052286, 21.267868479556491 ], [ -103.720839089846464, 21.307961080436041 ], [ -103.705084549778491, 21.325497719597813 ], [ -103.677403820183912, 21.319910949606207 ], [ -103.663615019764478, 21.338128000108412 ], [ -103.618719339569552, 21.344480709905067 ], [ -103.616945090011171, 21.353409650133361 ], [ -103.578452379946796, 21.330234290003119 ], [ -103.568586880261975, 21.337623680043773 ], [ -103.567630019940765, 21.352215860140188 ], [ -103.509964020301027, 21.354892879867325 ], [ -103.51308304971927, 21.364066970156962 ], [ -103.503920249999766, 21.376837019915722 ], [ -103.533589490222653, 21.420613280048386 ], [ -103.538700260464637, 21.44477092019368 ], [ -103.560406679897142, 21.430218310284207 ], [ -103.567722310177459, 21.439297150199749 ], [ -103.575883649635145, 21.4361539796048 ], [ -103.586394280295934, 21.392366309993811 ], [ -103.595311649825504, 21.390906229739699 ], [ -103.622905219881247, 21.413111459631828 ], [ -103.619321319639468, 21.424031710285693 ], [ -103.626525369887986, 21.434482060368143 ], [ -103.660789769643529, 21.441583570449588 ], [ -103.664696349656069, 21.454873259802241 ], [ -103.658743250005642, 21.463697660201561 ], [ -103.701464720017, 21.466265910322623 ], [ -103.691778999719432, 21.495602879641428 ], [ -103.672578249832796, 21.505454740391553 ], [ -103.694487000012217, 21.528886880220583 ], [ -103.686285449585284, 21.535054630367028 ], [ -103.689788879870065, 21.552353149586285 ], [ -103.658316450370492, 21.555906540352478 ], [ -103.660036890444758, 21.564789379992014 ], [ -103.64487827987918, 21.576454180194826 ], [ -103.629793799905187, 21.57335065039425 ], [ -103.619004689728939, 21.556863679790276 ], [ -103.592918320158432, 21.559225920444138 ], [ -103.590496570352386, 21.589794680275322 ], [ -103.558891830111293, 21.576404090370954 ], [ -103.545222179585707, 21.587638909656174 ], [ -103.555491740115997, 21.634083509793484 ], [ -103.540796340320924, 21.665293139803726 ], [ -103.526710020007798, 21.675563319861702 ], [ -103.517852650150758, 21.71146918027382 ], [ -103.509843920132695, 21.71300587997672 ], [ -103.50847354956386, 21.739735049703253 ], [ -103.527890170115469, 21.772328479726983 ], [ -103.560762890172512, 21.780283939602725 ], [ -103.57262725974158, 21.80348983019223 ], [ -103.526057650157895, 21.805065250385798 ], [ -103.531425290428189, 21.81783857018581 ], [ -103.502817449779755, 21.833074709910921 ], [ -103.482507550393521, 21.813264450306384 ], [ -103.470529970477642, 21.813540259972466 ], [ -103.472356539689557, 21.836003879563926 ], [ -103.455357309519115, 21.832795909850727 ], [ -103.451328049912661, 21.853920120047704 ], [ -103.413870089812008, 21.905455399864852 ], [ -103.394338879759459, 21.896694570123305 ], [ -103.374797630340154, 21.913683520116845 ], [ -103.344079999577474, 21.913471950203409 ], [ -103.34135087961306, 21.940403139988216 ], [ -103.278561019924439, 21.989650149588904 ], [ -103.264715349666943, 21.971844979554835 ], [ -103.244750119634503, 21.966603229786298 ], [ -103.246817579942885, 21.975947109563922 ], [ -103.239971319577265, 21.976722310205112 ], [ -103.205567920411141, 21.965194379602899 ], [ -103.19181225993222, 21.974449800333442 ], [ -103.201661770339854, 21.998568119974603 ], [ -103.165657489615327, 21.996814620083605 ], [ -103.111486449533643, 22.014261309836478 ], [ -103.107908620278863, 22.063395780255572 ], [ -103.154285319954639, 22.072236820353311 ], [ -103.152783750115375, 22.087622049841354 ], [ -103.135093150309103, 22.090462340328052 ], [ -103.125585319977205, 22.104791479980118 ], [ -103.101700340363635, 22.101798000248984 ], [ -103.077024739960265, 22.125504420185042 ], [ -103.078750799773474, 22.137052550193332 ], [ -103.108798379786251, 22.144340909919205 ], [ -103.102543380051358, 22.153602970039692 ], [ -103.108694149585006, 22.153423279626224 ], [ -103.101445369918096, 22.178620949627714 ], [ -103.106058769585289, 22.191356029631827 ], [ -103.088199619531011, 22.204383980312432 ], [ -103.071043430213081, 22.203543140137704 ], [ -103.071930379821097, 22.211968830242558 ], [ -103.054770170396708, 22.213826859901669 ], [ -103.052326310115347, 22.22065225964737 ], [ -103.062069289769994, 22.228267980032307 ], [ -103.055455180023586, 22.247256319986391 ], [ -103.07827383037997, 22.257097660128203 ], [ -103.08295987960399, 22.27708274039178 ], [ -103.100987720003985, 22.293974860343372 ], [ -103.190573820053928, 22.298527020412017 ], [ -103.20191645044217, 22.280304419635662 ], [ -103.220621950252195, 22.280466170414417 ], [ -103.208232599700992, 22.333081199663379 ], [ -103.194085420446285, 22.331981059792994 ], [ -103.168589920403932, 22.354615659898684 ], [ -103.166424979900626, 22.370589890289114 ], [ -103.17404821988211, 22.377759849872298 ], [ -103.16857768957415, 22.385012799744096 ], [ -103.189362579583332, 22.390245539885367 ], [ -103.198770880171068, 22.380601230375824 ], [ -103.203926600133386, 22.404069509572668 ], [ -103.213412739986722, 22.410073250430383 ], [ -103.232120570024776, 22.393393860427281 ], [ -103.252186250302415, 22.398945349978774 ], [ -103.260245689924773, 22.41185840028383 ], [ -103.285230720027329, 22.414244149945269 ], [ -103.300501580074197, 22.392990119893607 ], [ -103.309175889740303, 22.39200820022069 ], [ -103.314584630071195, 22.404908220194255 ], [ -103.329286830026746, 22.384536860242815 ], [ -103.364716680152981, 22.369535629756051 ], [ -103.366682979561133, 22.351039019846255 ], [ -103.362553199645163, 22.336354000195801 ], [ -103.342955280455826, 22.335122370034217 ], [ -103.363756479708769, 22.314483169857176 ], [ -103.350092739979942, 22.307456549974557 ], [ -103.355688110192119, 22.279799250053234 ], [ -103.338376320455737, 22.287512830328133 ], [ -103.327705819877522, 22.307360369775886 ], [ -103.306882740282504, 22.306283059643643 ], [ -103.297790339901383, 22.298337259548216 ], [ -103.307838830137882, 22.281714339828238 ], [ -103.3053163195612, 22.265658999585483 ], [ -103.313938219650268, 22.258710750268939 ], [ -103.295104429623777, 22.253285280178577 ], [ -103.311934170403575, 22.233256980390035 ], [ -103.337696779694625, 22.245163679576638 ], [ -103.383026310350573, 22.227013420169904 ], [ -103.38565692033049, 22.212528600037803 ], [ -103.408959630270616, 22.2153649096973 ], [ -103.41723121954071, 22.190476090452631 ], [ -103.434124680268454, 22.190760540400859 ], [ -103.41968574036747, 22.177482849920388 ], [ -103.429176250201422, 22.162184509857699 ], [ -103.425933800012174, 22.139424650270872 ], [ -103.439499659628595, 22.117639200228766 ], [ -103.454935769776725, 22.115308619775544 ], [ -103.459182860083587, 22.105879979703509 ], [ -103.473180910476046, 22.105531969685146 ], [ -103.479303950261411, 22.114793999832948 ], [ -103.486134109678531, 22.10652989006368 ], [ -103.501564200184205, 22.105564020214512 ], [ -103.515897079550072, 22.109916199778713 ], [ -103.514550969865368, 22.12910856961895 ], [ -103.542736569744221, 22.120612119574933 ], [ -103.550215679776201, 22.135679180195314 ], [ -103.560140859519151, 22.136585660016099 ], [ -103.579950340300186, 22.126827119745549 ], [ -103.581119890419274, 22.104870739991057 ], [ -103.594043419757213, 22.111646719931269 ], [ -103.6047045699937, 22.097941579583548 ], [ -103.68384731980349, 22.109205229572609 ], [ -103.67737107955719, 22.118706289928941 ], [ -103.690292980422626, 22.130093280075595 ], [ -103.654473650352529, 22.171936219885854 ], [ -103.657759890481728, 22.18384334014581 ], [ -103.630896399923472, 22.238917969875899 ], [ -103.59490324962006, 22.273078349642464 ], [ -103.637788090209511, 22.295233110259925 ], [ -103.644748260362661, 22.314973880377252 ], [ -103.642111480441415, 22.340873350401573 ], [ -103.604802350402608, 22.340142309590213 ], [ -103.610687179952308, 22.359841820144993 ], [ -103.602844290414907, 22.360903749645924 ], [ -103.597563030119673, 22.374530279700075 ], [ -103.594019739889916, 22.407214940420626 ], [ -103.578424549809156, 22.410498419917182 ], [ -103.559193709707145, 22.428427549730792 ], [ -103.572528549617928, 22.437540770193067 ], [ -103.570825860043058, 22.469171649614506 ], [ -103.580600569577925, 22.477398110418985 ], [ -103.579334089616211, 22.496196380456034 ], [ -103.594601290255241, 22.505447259837812 ], [ -103.583734169618225, 22.521966000065596 ], [ -103.599334779958895, 22.526374600018002 ], [ -103.60275867987103, 22.55679154018198 ], [ -103.6223823799088, 22.563574179622066 ], [ -103.661010509527259, 22.547144380082127 ], [ -103.672585829898381, 22.561129219888745 ], [ -103.681789519971986, 22.554800089556966 ], [ -103.726555019945906, 22.574146629981712 ], [ -103.759241380068175, 22.551665430160277 ], [ -103.769102089836053, 22.555789150372551 ], [ -103.78565966025144, 22.510457489854545 ], [ -103.78698274015315, 22.477768019811183 ], [ -103.810176420454837, 22.427285230169861 ], [ -103.811151720433102, 22.376745229838612 ], [ -103.845434229930248, 22.342757489960654 ], [ -103.828619820455373, 22.286612889773057 ], [ -103.844868349875142, 22.262551450439595 ], [ -103.844075549931048, 22.222065920170827 ], [ -103.862935999592722, 22.16688242969806 ], [ -103.885094260159249, 22.196416079826381 ], [ -103.88613882036158, 22.226176680165015 ], [ -103.917875570243382, 22.261970450002796 ], [ -103.91014941959051, 22.283327850124419 ], [ -103.926124250449234, 22.332072820214098 ], [ -103.907863019687014, 22.362050480120317 ], [ -103.895740020352108, 22.364114750368124 ], [ -103.898727369541476, 22.379576620122418 ], [ -103.883450659513301, 22.390024059781226 ], [ -103.886199579574495, 22.400203230261717 ], [ -103.869312319940121, 22.40126242020731 ], [ -103.866929379652589, 22.409380629634761 ], [ -103.86597618014936, 22.415227229611798 ], [ -103.880622749882164, 22.41816252027386 ], [ -103.873180800128651, 22.424760780373717 ], [ -103.894699999970342, 22.438163860225863 ], [ -103.876098350264527, 22.441183909775496 ], [ -103.885368570435588, 22.473525090212995 ], [ -103.871069880262226, 22.472474680048698 ], [ -103.863985319807625, 22.491443419734221 ], [ -103.864206080049129, 22.513463849628661 ], [ -103.875186379805712, 22.521575879844008 ], [ -103.866882680360703, 22.544696049878109 ], [ -103.851797980192416, 22.553620080428445 ], [ -103.860720569767409, 22.56761886045372 ], [ -103.819600139858096, 22.595579370300989 ], [ -103.773450750225734, 22.611495480250799 ], [ -103.76085869024908, 22.625802250424005 ], [ -103.76845997035177, 22.643328649649721 ], [ -103.758668509526089, 22.658420879779548 ], [ -103.763197650453293, 22.677018149557817 ], [ -103.751311149696321, 22.695047110153087 ], [ -103.751986219887002, 22.711645309567928 ], [ -103.7548061697577, 22.719547779584239 ], [ -103.769074139587232, 22.720392060171335 ], [ -103.7717400501203, 22.733287049677553 ], [ -103.819172320367684, 22.728331060348999 ], [ -103.82660973990582, 22.734943690323945 ], [ -103.836213109905628, 22.728007449752806 ], [ -103.875114179952533, 22.737157689950337 ], [ -103.898327629796057, 22.728277310214519 ], [ -103.909342459535139, 22.750123799835404 ], [ -103.972011060069804, 22.74164866012266 ], [ -104.011927050494194, 22.747927550366146 ], [ -104.055911509838651, 22.723978200212823 ], [ -104.047747659876009, 22.712151400214296 ], [ -104.064150970367464, 22.706963059656349 ], [ -104.059164220117466, 22.692063660246756 ], [ -104.072477399823768, 22.700999830221523 ], [ -104.070453309953223, 22.690610830209891 ], [ -104.047513169617389, 22.685598539940393 ], [ -104.054477349899543, 22.678142579828858 ], [ -104.034239539882265, 22.670517909560747 ], [ -104.030831140156963, 22.679059820019493 ], [ -104.015508879910954, 22.668910660344917 ], [ -104.033294319552368, 22.634109230129841 ], [ -104.027005630144885, 22.613178149890224 ], [ -104.018065599989256, 22.59698873964636 ], [ -103.986221979860986, 22.590901739884085 ], [ -103.990174170091663, 22.573041519926896 ], [ -104.000838980165724, 22.566775120391604 ], [ -103.972332120448641, 22.545113630422374 ], [ -103.998881170005632, 22.543603679983619 ], [ -104.005570830329546, 22.536600279656806 ], [ -103.987227489961725, 22.528841349720405 ], [ -103.99125622980371, 22.523266509777059 ], [ -103.980648739709281, 22.515102679667322 ], [ -103.96619678035799, 22.517225910153432 ], [ -103.963411019742352, 22.508040479646656 ], [ -103.93441110979083, 22.499922139683548 ], [ -103.93308154954282, 22.489092799557195 ], [ -103.939808200231653, 22.488939400085062 ], [ -103.929392680392112, 22.476098570202449 ], [ -103.958659750341809, 22.451085179886714 ], [ -103.960570110223301, 22.43317914985683 ], [ -103.975564860334387, 22.436191650363597 ], [ -103.986392059661341, 22.414832939971149 ], [ -104.005906289985418, 22.40868368997883 ], [ -104.003250940472114, 22.389929819883406 ], [ -104.01513379959033, 22.364812889721762 ], [ -104.048752820193002, 22.376444620260678 ], [ -104.0674754804553, 22.361406849997127 ], [ -104.097345459707697, 22.357824399686972 ], [ -104.094894889801523, 22.376306420427593 ], [ -104.084412719987057, 22.374451060297758 ], [ -104.075390949537123, 22.383130740067639 ], [ -104.08101346001915, 22.389778020126414 ], [ -104.076817969586017, 22.407188420275919 ], [ -104.071279110030503, 22.422242600222557 ], [ -104.061636999562069, 22.425800079964088 ], [ -104.062241029945298, 22.451277310197096 ], [ -104.05152246013148, 22.467388739659835 ], [ -104.056592619901863, 22.492799280332093 ], [ -104.071713649694374, 22.503002140056701 ], [ -104.068795249732347, 22.521999679729479 ], [ -104.088022430094966, 22.533368920044545 ], [ -104.120796249856241, 22.517048630379307 ], [ -104.112566080144475, 22.509234279646762 ], [ -104.113508919544728, 22.496609859883836 ], [ -104.143091139542435, 22.504651479573997 ], [ -104.150407140325683, 22.516275909980155 ], [ -104.158353459516036, 22.509325079915218 ], [ -104.163162999769796, 22.514443539855538 ], [ -104.17805470987247, 22.505296049921249 ], [ -104.190229980067841, 22.507611519564463 ], [ -104.201699860315671, 22.48695878026064 ], [ -104.214828000429435, 22.48416149020067 ], [ -104.198874030318223, 22.480457309793891 ], [ -104.204916510167607, 22.471907819890212 ], [ -104.197297080387969, 22.477122280005322 ], [ -104.185729540428767, 22.471412709737056 ], [ -104.184980520106365, 22.464622060051145 ], [ -104.199873979510656, 22.456306889797286 ], [ -104.195100280314435, 22.447631479584604 ], [ -104.167486779636945, 22.445150489552226 ], [ -104.178855779548471, 22.427432490439262 ], [ -104.167092369820637, 22.387624549647363 ], [ -104.193043970264469, 22.399123179580275 ], [ -104.207037050474042, 22.42169687999985 ], [ -104.220749920379504, 22.421099739957892 ], [ -104.240978650407499, 22.412772950401539 ], [ -104.258339370364055, 22.384658310066609 ], [ -104.254742519827417, 22.348789419845456 ], [ -104.292079119672323, 22.34395725970414 ], [ -104.285740279777855, 22.356366139949319 ], [ -104.293127549818777, 22.365131149703902 ], [ -104.3516612798349, 22.389192830216945 ], [ -104.351771020178433, 22.40775833991151 ], [ -104.330602620073279, 22.432229679815428 ], [ -104.32018806046085, 22.430094250115307 ], [ -104.296125820423242, 22.472989080119902 ], [ -104.325824169868099, 22.53739665977518 ], [ -104.314088660221046, 22.540727230171267 ], [ -104.305689289806296, 22.557888649819802 ], [ -104.288849619829705, 22.552965230421886 ], [ -104.278172739518283, 22.583070969691509 ], [ -104.261407479705454, 22.586202850352354 ], [ -104.260534710433248, 22.596167319878912 ], [ -104.283017619820924, 22.620376690143051 ], [ -104.269274940016075, 22.635821109762801 ], [ -104.289624049780855, 22.64445998034606 ], [ -104.280660850157801, 22.653743370122584 ], [ -104.288012320254808, 22.665789910239987 ], [ -104.275124430456941, 22.681084859647491 ], [ -104.277629830202159, 22.702406830117805 ], [ -104.262707799705325, 22.717643479781987 ], [ -104.269152349944903, 22.720864890206954 ], [ -104.266344399863655, 22.736539370299159 ], [ -104.232074649971267, 22.753103939669703 ], [ -104.225744089994919, 22.778314919872997 ], [ -104.200004630204802, 22.776683510441238 ], [ -104.182180850474538, 22.758268110008714 ], [ -104.139257749996219, 22.768420819697006 ], [ -104.119381489571524, 22.762255720236059 ], [ -104.107203029797518, 22.768600519674241 ], [ -104.09528524981701, 22.759243510358498 ], [ -104.080475230042083, 22.766616820003481 ], [ -104.100224179582312, 22.794825219923741 ], [ -104.095227179526049, 22.805838850185808 ], [ -104.111484799679587, 22.810310860332713 ], [ -104.10430787977046, 22.833600969598013 ], [ -104.116827680220695, 22.850951909952396 ], [ -104.106304029633804, 22.856887720425263 ], [ -104.107504890173047, 22.884796220298188 ], [ -104.117739170299316, 22.897706850115402 ], [ -104.112644350393367, 22.905118030274348 ], [ -104.132994020170557, 22.904958550414332 ], [ -104.135955349755022, 22.918116169743303 ], [ -104.151122080287067, 22.922137119937737 ], [ -104.154095689512857, 22.937837980068064 ], [ -104.166592889840615, 22.945220720354158 ], [ -104.162847049861739, 22.975302490296201 ], [ -104.173614460025533, 22.982444950108118 ], [ -104.172132399621958, 23.128407679780583 ], [ -104.12902261954801, 23.182214220084283 ], [ -104.111214600162057, 23.351205490441849 ], [ -104.086267600374356, 23.398627630276081 ], [ -104.065977089685234, 23.463493279606105 ], [ -103.925313419795472, 23.556982680221459 ], [ -103.916270660303212, 23.565725250287084 ], [ -103.92146860006909, 23.589175340380482 ], [ -103.912277150367004, 23.58812204956768 ], [ -103.911933570127275, 23.576082880287931 ], [ -103.890086919801007, 23.579827579712195 ], [ -103.906867310206309, 23.601870949729932 ], [ -103.882522379716221, 23.592270579933192 ], [ -103.873449018992105, 23.620467511917862 ], [ -103.877429018990085, 23.628969941530379 ], [ -103.849178509130368, 23.640081711803958 ], [ -103.811301939480543, 23.613648801507431 ], [ -103.793541779509439, 23.630855061791014 ], [ -103.785103509403058, 23.676564891481128 ], [ -103.85108053877849, 23.679599231388721 ], [ -103.84101461871748, 23.701242891736488 ], [ -103.86236233898326, 23.752638381667463 ], [ -103.835094949325054, 23.785089181732346 ], [ -103.820273289426808, 23.791879511529793 ], [ -103.816066979147166, 23.807650321936723 ], [ -103.831186369534151, 23.824661852139712 ], [ -103.832621518615667, 23.848930371555664 ], [ -103.853112348670237, 23.874615551718257 ], [ -103.830795949115071, 23.907798751889501 ], [ -103.818359829415812, 23.964908601709308 ], [ -103.838799288948948, 23.96482435154676 ], [ -103.850275778557872, 23.988837431685784 ], [ -103.87238657914321, 24.007021721705733 ], [ -103.84782597860476, 24.003236151851898 ], [ -103.843128848865348, 24.026967121852575 ], [ -103.813274118650412, 24.021973582145527 ], [ -103.810281519126221, 24.040091940922096 ], [ -103.799770339483047, 24.050564461620954 ], [ -103.660361549840516, 24.149326290078672 ], [ -103.635969539767871, 24.110293380205594 ], [ -103.622006679961089, 24.11746469039905 ], [ -103.605765540147246, 24.151154480171691 ], [ -103.559536350448454, 24.193788859837689 ], [ -103.565523089592702, 24.211406919655694 ], [ -103.556492780191775, 24.242003980149491 ], [ -103.568349939650105, 24.286371260156493 ], [ -103.53124325043629, 24.29390900038868 ], [ -103.506755420411238, 24.287964049768277 ], [ -103.504547260215546, 24.295769319993429 ], [ -103.485001779755322, 24.300930489959558 ], [ -103.484062630467122, 24.318340939639562 ], [ -103.462696720295597, 24.32046857998192 ], [ -103.448340049688653, 24.332600459715582 ], [ -103.430522520374396, 24.360146230298277 ], [ -103.425148940103412, 24.387856369963671 ], [ -103.430237029946539, 24.40890915002959 ], [ -103.419332399669656, 24.430488089791133 ], [ -103.394056380236904, 24.43209929017862 ], [ -103.386204800134678, 24.422964720150187 ], [ -103.323928779885051, 24.426505629685067 ], [ -103.310250200440592, 24.43565785022238 ], [ -103.282645480178417, 24.428837029807042 ], [ -103.253531780487165, 24.44725379974836 ], [ -103.233979550374215, 24.435838229951415 ], [ -103.236635649744684, 24.427056600094403 ], [ -103.222833539806459, 24.417102769702328 ], [ -103.202091510121349, 24.424469139900932 ], [ -103.181953419809332, 24.419896580255088 ], [ -103.175456860037215, 24.433261000160858 ], [ -103.165258919661682, 24.435198430188265 ], [ -103.131708830103577, 24.424676999656413 ], [ -103.098527279826968, 24.401626599885361 ], [ -103.087514649863522, 24.436027050366718 ], [ -103.075080970442414, 24.422624580251274 ], [ -103.04315022000084, 24.466500859960178 ], [ -102.983572799667371, 24.433257150163698 ], [ -102.967440169525347, 24.457703629779818 ], [ -102.900106510263967, 24.428500479570147 ], [ -102.891890950210922, 24.461118120167296 ], [ -102.860620920353, 24.434492349907206 ], [ -102.865012689627193, 24.430312080135099 ], [ -102.853892049723015, 24.424359150313869 ], [ -102.845902769862064, 24.398082579659626 ], [ -102.831735619779849, 24.384691910271453 ], [ -102.788852400037683, 24.406248479910804 ], [ -102.756654320219567, 24.376983000267792 ], [ -102.699904399587112, 24.373971850035883 ], [ -102.61856430993879, 24.396378400337891 ], [ -102.60659277038738, 24.411168820209493 ], [ -102.533931419860252, 24.407722109908665 ], [ -102.520146309526751, 24.423932140429361 ], [ -102.480267279722824, 24.428013880211314 ], [ -102.473126879926966, 24.44521478026887 ], [ -102.486996220125334, 24.444228380082407 ], [ -102.479806969939744, 24.490448049905908 ], [ -102.512182309976794, 24.709721109870781 ], [ -102.565372890028328, 24.866355420368325 ], [ -102.566235780072958, 24.902220750285554 ], [ -102.673061569738223, 24.942752080286514 ], [ -102.672984450057101, 24.978818250137628 ], [ -102.64295554976988, 24.978648170058282 ], [ -102.628884830408396, 25.008321659803496 ], [ -102.649545369660444, 25.027955800105769 ], [ -102.652422089638208, 25.045229059835918 ], [ -102.669693980027802, 25.066636490222518 ], [ -102.446763450357352, 24.999515420162606 ], [ -102.463325199592973, 25.115916150010641 ], [ -102.295477290015498, 25.12518887972761 ] ] ] ] } }
]
}
